date,keyword,alias,subreddit,post_id,title,author,score,num_comments,permalink,created_utc
2025-09-10,yesstyle,yesstyle,AsianBeauty,1ndb9ss,Multiple V3 versions for the AXIS - Y no stress physical sunscreen? 🤔,Naive-Animal4394,6,0,https://reddit.com/r/AsianBeauty/comments/1ndb9ss/multiple_v3_versions_for_the_axis_y_no_stress/,1757502684
2025-09-14,yesstyle,yesstyle,koreanskincare,1ngh0y6,Korean Skincare Holy Grails? Products that are lifechanging,Dependent-Ad-6629,106,41,https://reddit.com/r/koreanskincare/comments/1ngh0y6/korean_skincare_holy_grails_products_that_are/,1757821421
2025-09-13,yesstyle,yesstyle,koreanskincare,1ng6ub2,"YesStyle Sept 13, 2025 FedEx International Connect Plus",TheWorldofScience,6,1,https://reddit.com/r/koreanskincare/comments/1ng6ub2/yesstyle_sept_13_2025_fedex_international_connect/,1757792662
2025-09-13,yesstyle,yesstyle,koreanskincare,1nfp4ez,YesStyle is not offering me Express Shipping Option now,TheWorldofScience,1,3,https://reddit.com/r/koreanskincare/comments/1nfp4ez/yesstyle_is_not_offering_me_express_shipping/,1757740732
2025-09-13,yesstyle,yesstyle,koreanskincare,1nfovj9,YESSTYLE SAVINGS,pastalover613,1,2,https://reddit.com/r/koreanskincare/comments/1nfovj9/yesstyle_savings/,1757739872
2025-09-13,yesstyle,yesstyle,koreanskincare,1nfj08i,YesStyle order came quickly and no tariff issues,notmybaggage,56,17,https://reddit.com/r/koreanskincare/comments/1nfj08i/yesstyle_order_came_quickly_and_no_tariff_issues/,1757721735
2025-09-12,yesstyle,yesstyle,koreanskincare,1nf50zp,Need help choosing- Illiyoon cream vs. Purito pantheon cream,tarapin,28,31,https://reddit.com/r/koreanskincare/comments/1nf50zp/need_help_choosing_illiyoon_cream_vs_purito/,1757688002
2025-09-10,yesstyle,yesstyle,koreanskincare,1ndkaam,YesStyle to Cover Tariffs,ElectricalAd3179,797,45,https://reddit.com/r/koreanskincare/comments/1ndkaam/yesstyle_to_cover_tariffs/,1757524525
2025-09-14,yesstyle,yesstyle,KoreanBeauty,1ngmggb,Yesstyle LIMITED 15% discount with NO MINIMUM PURCHASE,Klutzy_Garage328,0,1,https://reddit.com/r/KoreanBeauty/comments/1ngmggb/yesstyle_limited_15_discount_with_no_minimum/,1757840737
2025-09-13,yesstyle,yesstyle,KoreanBeauty,1ng7idt,Fake Round Lab Cleanser?,Guilty_Cup9607,0,5,https://reddit.com/r/KoreanBeauty/comments/1ng7idt/fake_round_lab_cleanser/,1757794356
2025-09-10,yesstyle,yesstyle,KoreanBeauty,1ndmg8b,Anyone seen Yestyle new email?,cydashlee,176,50,https://reddit.com/r/KoreanBeauty/comments/1ndmg8b/anyone_seen_yestyle_new_email/,1757529307
2025-09-09,yesstyle,yesstyle,KoreanBeauty,1ncswak,Has anyone had a package from YesStyle delivered by uniuni?,michellesibarra,2,7,https://reddit.com/r/KoreanBeauty/comments/1ncswak/has_anyone_had_a_package_from_yesstyle_delivered/,1757446955
2025-09-15,yesstyle,yesstyle,SkincareAddiction,1nhdudn,[Product Request] Dupe for Haruharu Soft cleansing gel?,spihcsyalsamoht,1,2,https://reddit.com/r/SkincareAddiction/comments/1nhdudn/product_request_dupe_for_haruharu_soft_cleansing/,1757915594
2025-09-15,yesstyle,yesstyle,SkincareAddiction,1nh9ru9,[sun care] Successfully ordered BOJ sun relief from YesStyle,as_you_wish_,10,3,https://reddit.com/r/SkincareAddiction/comments/1nh9ru9/sun_care_successfully_ordered_boj_sun_relief_from/,1757902518
2025-09-15,yesstyle,yesstyle,SkincareAddiction,1nh7228,[Sun Care] Perpetually seeking acne-friendly SPF,juliunruly,3,4,https://reddit.com/r/SkincareAddiction/comments/1nh7228/sun_care_perpetually_seeking_acnefriendly_spf/,1757894707
2025-09-11,yesstyle,yesstyle,SkincareAddiction,1ne7zpa,[Routine Help] where to buy skincare online?,Embarrassed_Sand_835,1,11,https://reddit.com/r/SkincareAddiction/comments/1ne7zpa/routine_help_where_to_buy_skincare_online/,1757595082
2025-09-14,yesstyle,yesstyle,IndianBeautyDeclutter,1ngnry3,Decluttering (check both the slides),cherry_blossom96,3,1,https://reddit.com/r/IndianBeautyDeclutter/comments/1ngnry3/decluttering_check_both_the_slides/,1757845589
2025-09-09,yesstyle,yesstyle,asianbeautyexchange,1ncmxum,[SELL] [EU] Unopened Korean Skincare ~,fluffykittenreturns,2,0,https://reddit.com/r/asianbeautyexchange/comments/1ncmxum/sell_eu_unopened_korean_skincare/,1757433789
2025-09-09,yesstyle,yesstyle,skincareexchange,1ncn1j2,[SELL] [EU] Unopened Korean Skincare ~,fluffykittenreturns,2,0,https://reddit.com/r/skincareexchange/comments/1ncn1j2/sell_eu_unopened_korean_skincare/,1757434014
2025-09-14,yesstyle,yesstyle,koreatravel,1ngdeki,Shopping for skincare products in Incheon during 14 hour layover,PaperPlateDinner,1,6,https://reddit.com/r/koreatravel/comments/1ngdeki/shopping_for_skincare_products_in_incheon_during/,1757810236
2025-09-15,yesstyle,yesstyle,referralcodes,1nhy2y3,Rewards Code: BEAUTYBYA123 + Coupon Code: CHILL25 // Save 20% on Your Next YesStyle Order - Limited Time Offer Inside!,ac_8v801dfgfgv,1,0,https://reddit.com/r/referralcodes/comments/1nhy2y3/rewards_code_beautybya123_coupon_code_chill25/,1757970142
2025-09-15,yesstyle,yesstyle,referralcodes,1nhmeko,Coupon Code: CHILL25 + Rewards Code: BEAUTYBYA123 // Unlock 20% Off Your YesStyle Cart - Shop Today!,ac_8v801dfgfgv,1,0,https://reddit.com/r/referralcodes/comments/1nhmeko/coupon_code_chill25_rewards_code_beautybya123/,1757944242
2025-09-15,yesstyle,yesstyle,referralcodes,1nhkscb,Save 10% on YesStyle Orders – Latest Coupon + Best K-Beauty Picks,swueemie,1,0,https://reddit.com/r/referralcodes/comments/1nhkscb/save_10_on_yesstyle_orders_latest_coupon_best/,1757940192
2025-09-15,yesstyle,yesstyle,referralcodes,1nhevuo,Rewards Code: BEAUTYBYA123 + Coupon Code: CHILL25 // Enjoy 20% Off Your YesStyle Cart - Shop Now!,ac_8v801dfgfgv,1,0,https://reddit.com/r/referralcodes/comments/1nhevuo/rewards_code_beautybya123_coupon_code_chill25/,1757919438
2025-09-14,yesstyle,yesstyle,referralcodes,1nh3dhf,Rewards Code: BEAUTYBYA123 + Coupon Code: CHILL25 // Take 20% Off Your YesStyle Order - Limited Time Only!,ac_8v801dfgfgv,1,0,https://reddit.com/r/referralcodes/comments/1nh3dhf/rewards_code_beautybya123_coupon_code_chill25/,1757885079
2025-09-14,yesstyle,yesstyle,referralcodes,1ngsiwq,Rewards Code: BEAUTYBYA123 + Coupon Code: CHILL25 // Enjoy 20% Off Your YesStyle Cart - Shop Now!,ac_8v801dfgfgv,1,0,https://reddit.com/r/referralcodes/comments/1ngsiwq/rewards_code_beautybya123_coupon_code_chill25/,1757859625
2025-09-14,yesstyle,yesstyle,referralcodes,1ngmv6o,"CHILL25 ❤️ + HEDWIG10 🦉= NEW YesStyle Codes i just found for 20% OFF! (hope this helps) , yesstyle coupon and rewards code",Any_Smell_3816,1,0,https://reddit.com/r/referralcodes/comments/1ngmv6o/chill25_hedwig10_new_yesstyle_codes_i_just_found/,1757842269
2025-09-14,yesstyle,yesstyle,referralcodes,1ngkuvm,"Rewards Code: BEAUTYBYA123 + Coupon Code: CHILL25 // Get 20% Off Your YesStyle Purchase - Hurry, Limited Time Offer Inside!",ac_8v801dfgfgv,1,0,https://reddit.com/r/referralcodes/comments/1ngkuvm/rewards_code_beautybya123_coupon_code_chill25_get/,1757834826
2025-09-14,yesstyle,yesstyle,referralcodes,1ngiz38,🌸up to 20% off at YESSTYLE with never expiring rewards code AIRZUMII20🌸,nessiiyo,1,0,https://reddit.com/r/referralcodes/comments/1ngiz38/up_to_20_off_at_yesstyle_with_never_expiring/,1757828093
2025-09-13,yesstyle,yesstyle,referralcodes,1ng9n3o,Coupon Code: CHILL25 + Rewards Code: BEAUTYBYA123 // Save 20% on Your YesStyle Cart - Don't Miss Out!,ac_8v801dfgfgv,1,0,https://reddit.com/r/referralcodes/comments/1ng9n3o/coupon_code_chill25_rewards_code_beautybya123/,1757799871
2025-09-13,yesstyle,yesstyle,referralcodes,1ng0zi8,"Discount code for your next order yesstyle, stylekorean, olive young",JAJA_1102,1,0,https://reddit.com/r/referralcodes/comments/1ng0zi8/discount_code_for_your_next_order_yesstyle/,1757778793
2025-09-13,yesstyle,yesstyle,referralcodes,1nfysvz,"Rewards Code: BEAUTYBYA123 + Coupon Code: CHILL25 // Save 20% on Your YesStyle Order - Act Now, Limited Time!",ac_8v801dfgfgv,1,0,https://reddit.com/r/referralcodes/comments/1nfysvz/rewards_code_beautybya123_coupon_code_chill25/,1757773501
2025-09-13,yesstyle,yesstyle,referralcodes,1nfqpvy,Coupon Code: CHILL25 + Rewards Code: BEAUTYBYA123 // Save 20% on Your YesStyle Order - Shop Before It Gone!,ac_8v801dfgfgv,1,0,https://reddit.com/r/referralcodes/comments/1nfqpvy/coupon_code_chill25_rewards_code_beautybya123/,1757746425
2025-09-13,yesstyle,yesstyle,referralcodes,1nfoo6o,🌸up to 20% off at YESSTYLE with never expiring rewards code AIRZUMII20🌸,nessiiyo,1,0,https://reddit.com/r/referralcodes/comments/1nfoo6o/up_to_20_off_at_yesstyle_with_never_expiring/,1757739162
2025-09-13,yesstyle,yesstyle,referralcodes,1nfj5t1,Yesstyle freebies + sale + reward code 3R3693,caliidreaming,1,1,https://reddit.com/r/referralcodes/comments/1nfj5t1/yesstyle_freebies_sale_reward_code_3r3693/,1757722171
2025-09-12,yesstyle,yesstyle,referralcodes,1nfewnp,Coupon Code: CHILL25 + Rewards Code: BEAUTYBYA123 // Get 20% Off Your YesStyle Purchase - Shop Before It Ends!,ac_8v801dfgfgv,1,0,https://reddit.com/r/referralcodes/comments/1nfewnp/coupon_code_chill25_rewards_code_beautybya123_get/,1757711225
2025-09-12,yesstyle,yesstyle,referralcodes,1nf8wq8,🆕 Upto 20% off on YESSTYLE ✨ Coupon Code: FALLFOR15 Rewards Code: GLOWS12,Pearl_sunshine,1,0,https://reddit.com/r/referralcodes/comments/1nf8wq8/upto_20_off_on_yesstyle_coupon_code_fallfor15/,1757697061
2025-09-12,yesstyle,yesstyle,referralcodes,1nf2qmc,Rewards Code: BEAUTYBYA123 + Coupon Code: CHILL25 // Get 20% Off Your Next YesStyle Haul - Don't Miss Out!,ac_8v801dfgfgv,1,0,https://reddit.com/r/referralcodes/comments/1nf2qmc/rewards_code_beautybya123_coupon_code_chill25_get/,1757682380
2025-09-12,yesstyle,yesstyle,referralcodes,1nevmjm,Rewards Code: BEAUTYBYA123 + Coupon Code: CHILL25 // Save 20% on Your Next YesStyle Order - Limited Time Offer Inside!,ac_8v801dfgfgv,1,0,https://reddit.com/r/referralcodes/comments/1nevmjm/rewards_code_beautybya123_coupon_code_chill25/,1757657609
2025-09-12,yesstyle,yesstyle,referralcodes,1neu0ad,Yesstyle code 15% off everything,PresentationLife2806,1,0,https://reddit.com/r/referralcodes/comments/1neu0ad/yesstyle_code_15_off_everything/,1757651725
2025-09-11,yesstyle,yesstyle,referralcodes,1nen0fz,Coupon Code: SUMMER25 + Rewards Code: BEAUTYBYA123 // Unlock 20% Off Your YesStyle Order - Maximum Savings Inside!,ac_8v801dfgfgv,1,0,https://reddit.com/r/referralcodes/comments/1nen0fz/coupon_code_summer25_rewards_code_beautybya123/,1757630869
2025-09-11,yesstyle,yesstyle,referralcodes,1ne4i7s,Yesstyle coupon and rewards codes!! >up to 23% discount The best verified Yesstyle coupons I gathered so far.,Little_Success_Cat,1,1,https://reddit.com/r/referralcodes/comments/1ne4i7s/yesstyle_coupon_and_rewards_codes_up_to_23/,1757583931
2025-09-11,yesstyle,yesstyle,referralcodes,1ne2wxh,"Rewards Code: BEAUTYBYA123 + Coupon Code: SUMMER25 // Save 20% on Your YesStyle Order - Act Now, Limited Time!",ac_8v801dfgfgv,1,0,https://reddit.com/r/referralcodes/comments/1ne2wxh/rewards_code_beautybya123_coupon_code_summer25/,1757577579
2025-09-11,yesstyle,yesstyle,referralcodes,1ne14ff,🆕 12-15% off on YESSTYLE ✨ Coupon Code: TINA12 Rewards Code: GLOWS12,Pearl_sunshine,1,0,https://reddit.com/r/referralcodes/comments/1ne14ff/1215_off_on_yesstyle_coupon_code_tina12_rewards/,1757570590
2025-09-11,yesstyle,yesstyle,referralcodes,1ndv6cd,Yesstyle freebies + sale + reward code 3R3693,caliidreaming,1,1,https://reddit.com/r/referralcodes/comments/1ndv6cd/yesstyle_freebies_sale_reward_code_3r3693/,1757551455
2025-09-10,yesstyle,yesstyle,referralcodes,1ndrocs,Rewards Code: BEAUTYBYA123 + Coupon Code: SUMMER25 // Score 20% Off Your YesStyle Splurge - Act Fast!,ac_8v801dfgfgv,1,0,https://reddit.com/r/referralcodes/comments/1ndrocs/rewards_code_beautybya123_coupon_code_summer25/,1757541835
2025-09-10,yesstyle,yesstyle,referralcodes,1ndjxyg,"SUMMER25 ❤️ + HEDWIG10 🦉= NEW YesStyle Codes i just found for 20% OFF! (hope this helps) , yesstyle coupon and rewards code",Any_Smell_3816,1,0,https://reddit.com/r/referralcodes/comments/1ndjxyg/summer25_hedwig10_new_yesstyle_codes_i_just_found/,1757523769
2025-09-10,yesstyle,yesstyle,referralcodes,1ndhb6r,Coupon Code: SUMMER25 + Rewards Code: BEAUTYBYA123 // Save 20% on Your YesStyle Cart - Don't Miss Out!,ac_8v801dfgfgv,1,1,https://reddit.com/r/referralcodes/comments/1ndhb6r/coupon_code_summer25_rewards_code_beautybya123/,1757518061
2025-09-10,yesstyle,yesstyle,referralcodes,1nd7wsn,Rewards Code: BEAUTYBYA123 + Coupon Code: SUMMER25 // Save 20% on Your Next YesStyle Purchase - Act Fast!,ac_8v801dfgfgv,1,0,https://reddit.com/r/referralcodes/comments/1nd7wsn/rewards_code_beautybya123_coupon_code_summer25/,1757490075
2025-09-10,yesstyle,yesstyle,referralcodes,1nd62df,🌸up to 20% off at YESSTYLE with never expiring rewards code AIRZUMII20🌸,nessiiyo,2,0,https://reddit.com/r/referralcodes/comments/1nd62df/up_to_20_off_at_yesstyle_with_never_expiring/,1757483038
2025-09-09,yesstyle,yesstyle,referralcodes,1ncu74m,Coupon Code: SUMMER25 + Rewards Code: BEAUTYBYA123 // Unlock 20% Off Your YesStyle Order - Maximum Savings Inside!,ac_8v801dfgfgv,1,0,https://reddit.com/r/referralcodes/comments/1ncu74m/coupon_code_summer25_rewards_code_beautybya123/,1757449809
2025-09-09,yesstyle,yesstyle,referralcodes,1nccvvd,🆕 12-15% off on YESSTYLE ✨ Coupon Code: TINA12 Rewards Code: GLOWS12,Pearl_sunshine,1,0,https://reddit.com/r/referralcodes/comments/1nccvvd/1215_off_on_yesstyle_coupon_code_tina12_rewards/,1757404552
2025-09-09,yesstyle,yesstyle,referralcodes,1nccecw,Rewards Code: BEAUTYBYA123 + Coupon Code: SUMMER25 // Get 20% Off Your Next YesStyle Haul - Don't Miss Out!,ac_8v801dfgfgv,0,0,https://reddit.com/r/referralcodes/comments/1nccecw/rewards_code_beautybya123_coupon_code_summer25/,1757402586
2025-09-09,yesstyle,yesstyle,referralcodes,1nc5esh,"Coupon Code: BTYKR25 + Rewards Code: BEAUTYBYA123 // Score 20% Off Your YesStyle Cart - Hurry, Limited Time Only!",ac_8v801dfgfgv,1,0,https://reddit.com/r/referralcodes/comments/1nc5esh/coupon_code_btykr25_rewards_code_beautybya123/,1757379738
2025-09-09,yesstyle,yesstyle,referralcodes,1nc4916,Yesstyle freebies + sale + reward code 3R3693,caliidreaming,1,1,https://reddit.com/r/referralcodes/comments/1nc4916/yesstyle_freebies_sale_reward_code_3r3693/,1757376551
2025-09-09,yesstyle,yesstyle,kbeauty,1ncpj7b,Yesstyle order stuck in customs,gardenfan2023,1,12,https://reddit.com/r/kbeauty/comments/1ncpj7b/yesstyle_order_stuck_in_customs/,1757439601
2025-09-09,yesstyle,yesstyle,indianbeautyhauls,1nclmiw,My Skincare & Lippie Haul (Aug-Sept) 💋🫶🏻,Moonchild1412,52,18,https://reddit.com/r/indianbeautyhauls/comments/1nclmiw/my_skincare_lippie_haul_augsept/,1757430820
2025-09-14,yesstyle,yesstyle,YesstyleCodesSharing,1nh0drh,🆕 Upto 20% off on YESSTYLE ✨ Coupon Code: FALLFOR15 Rewards Code: GLOWS12,Pearl_sunshine,1,0,https://reddit.com/r/YesstyleCodesSharing/comments/1nh0drh/upto_20_off_on_yesstyle_coupon_code_fallfor15/,1757878058
2025-09-14,yesstyle,yesstyle,YesstyleCodesSharing,1ngvimc,Yesstyle codes up to 20% off ✨,caliidreaming,1,0,https://reddit.com/r/YesstyleCodesSharing/comments/1ngvimc/yesstyle_codes_up_to_20_off/,1757866800
2025-09-14,yesstyle,yesstyle,YesstyleCodesSharing,1ngmv5n,"CHILL25 ❤️ + HEDWIG10 🦉= NEW YesStyle Codes i just found for 20% OFF! (hope this helps) , yesstyle coupon and rewards code",Any_Smell_3816,1,0,https://reddit.com/r/YesstyleCodesSharing/comments/1ngmv5n/chill25_hedwig10_new_yesstyle_codes_i_just_found/,1757842266
2025-09-14,yesstyle,yesstyle,YesstyleCodesSharing,1ngmtfc,YesStyle Rewards code: EN33AQ (POST YOUR CODE BELOW),Ok-Seaworthiness1899,2,4,https://reddit.com/r/YesstyleCodesSharing/comments/1ngmtfc/yesstyle_rewards_code_en33aq_post_your_code_below/,1757842086
2025-09-14,yesstyle,yesstyle,YesstyleCodesSharing,1ngiz8c,🌸up to 20% off at YESSTYLE with never expiring rewards code AIRZUMII20🌸,nessiiyo,1,0,https://reddit.com/r/YesstyleCodesSharing/comments/1ngiz8c/up_to_20_off_at_yesstyle_with_never_expiring/,1757828108
2025-09-13,yesstyle,yesstyle,YesstyleCodesSharing,1ng1fm3,"Discount code for your next order yesstyle, stylekorean, olive young",JAJA_1102,1,1,https://reddit.com/r/YesstyleCodesSharing/comments/1ng1fm3/discount_code_for_your_next_order_yesstyle/,1757779840
2025-09-13,yesstyle,yesstyle,YesstyleCodesSharing,1nfx3rm,🆕 Upto 20% off on YESSTYLE ✨ Coupon Code: FALLFOR15 Rewards Code: GLOWS12,Pearl_sunshine,1,0,https://reddit.com/r/YesstyleCodesSharing/comments/1nfx3rm/upto_20_off_on_yesstyle_coupon_code_fallfor15/,1757768957
2025-09-13,yesstyle,yesstyle,YesstyleCodesSharing,1nfrlyy,Yesstyle sale codes,No_Ticket_5219,2,0,https://reddit.com/r/YesstyleCodesSharing/comments/1nfrlyy/yesstyle_sale_codes/,1757749719
2025-09-13,yesstyle,yesstyle,YesstyleCodesSharing,1nfonzi,🌸up to 20% off at YESSTYLE with never expiring rewards code AIRZUMII20🌸,nessiiyo,1,1,https://reddit.com/r/YesstyleCodesSharing/comments/1nfonzi/up_to_20_off_at_yesstyle_with_never_expiring/,1757739143
2025-09-13,yesstyle,yesstyle,YesstyleCodesSharing,1nfj5ps,Yesstyle freebies + sale + reward code 3R3693,caliidreaming,1,2,https://reddit.com/r/YesstyleCodesSharing/comments/1nfj5ps/yesstyle_freebies_sale_reward_code_3r3693/,1757722163
2025-09-12,yesstyle,yesstyle,YesstyleCodesSharing,1nf4ges,YesStyle Code Exchange,Mediocre-Dog1676,2,10,https://reddit.com/r/YesstyleCodesSharing/comments/1nf4ges/yesstyle_code_exchange/,1757686626
2025-09-12,yesstyle,yesstyle,YesstyleCodesSharing,1nf2qev,✨🛍️ Get 18-20% OFF on YesStyle! 🌸 Use Code FALLFOR15+ Influencer/Rewards Code BHDGDR 🎀💖,Adorable-Cup833,1,1,https://reddit.com/r/YesstyleCodesSharing/comments/1nf2qev/get_1820_off_on_yesstyle_use_code_fallfor15/,1757682365
2025-09-12,yesstyle,yesstyle,YesstyleCodesSharing,1nf0fa8,Use coupon FALLFOR15 and rewards code VISTILLHERE for 20% off your YesStyle Order!,ppandc,1,0,https://reddit.com/r/YesstyleCodesSharing/comments/1nf0fa8/use_coupon_fallfor15_and_rewards_code_vistillhere/,1757675775
2025-09-12,yesstyle,yesstyle,YesstyleCodesSharing,1neypm6,🆕 Upto 20% off on YESSTYLE ✨ Coupon Code: FALLFOR15 Rewards Code: GLOWS12,Pearl_sunshine,1,0,https://reddit.com/r/YesstyleCodesSharing/comments/1neypm6/upto_20_off_on_yesstyle_coupon_code_fallfor15/,1757669731
2025-09-12,yesstyle,yesstyle,YesstyleCodesSharing,1netw16,Yesstyle code 15% off everything,PresentationLife2806,1,0,https://reddit.com/r/YesstyleCodesSharing/comments/1netw16/yesstyle_code_15_off_everything/,1757651327
2025-09-12,yesstyle,yesstyle,YesstyleCodesSharing,1nerqif,Use latest code FALLFOR15 + 5WSLAW for up to 20% off your Yesstyle order ☺️,Pongo260,5,9,https://reddit.com/r/YesstyleCodesSharing/comments/1nerqif/use_latest_code_fallfor15_5wslaw_for_up_to_20_off/,1757644539
2025-09-11,yesstyle,yesstyle,YesstyleCodesSharing,1ne6wl3,✨🛍️ Get 18-20% OFF on YesStyle! 🌸 Use Code SUMMER25 + Influencer/Rewards Code BHDGDR 🎀💖,Adorable-Cup833,2,7,https://reddit.com/r/YesstyleCodesSharing/comments/1ne6wl3/get_1820_off_on_yesstyle_use_code_summer25/,1757592043
2025-09-11,yesstyle,yesstyle,YesstyleCodesSharing,1ne4gu0,Yesstyle coupon and rewards codes!! >up to 23% discount,Little_Success_Cat,1,1,https://reddit.com/r/YesstyleCodesSharing/comments/1ne4gu0/yesstyle_coupon_and_rewards_codes_up_to_23/,1757583782
2025-09-11,yesstyle,yesstyle,YesstyleCodesSharing,1ne14xu,🆕 12-15% off on YESSTYLE ✨ Coupon Code: TINA12 Rewards Code: GLOWS12,Pearl_sunshine,1,0,https://reddit.com/r/YesstyleCodesSharing/comments/1ne14xu/1215_off_on_yesstyle_coupon_code_tina12_rewards/,1757570645
2025-09-11,yesstyle,yesstyle,YesstyleCodesSharing,1ndv6a6,Yesstyle freebies + sale + reward code 3R3693,caliidreaming,2,2,https://reddit.com/r/YesstyleCodesSharing/comments/1ndv6a6/yesstyle_freebies_sale_reward_code_3r3693/,1757551450
2025-09-10,yesstyle,yesstyle,YesstyleCodesSharing,1ndjxv7,"SUMMER25 ❤️ + HEDWIG10 🦉= NEW YesStyle Codes i just found for 20% OFF! (hope this helps) , yesstyle coupon and rewards code",Any_Smell_3816,1,2,https://reddit.com/r/YesstyleCodesSharing/comments/1ndjxv7/summer25_hedwig10_new_yesstyle_codes_i_just_found/,1757523764
2025-09-10,yesstyle,yesstyle,YesstyleCodesSharing,1nd62kt,🌸up to 20% off at YESSTYLE with never expiring rewards code AIRZUMII20🌸,nessiiyo,1,0,https://reddit.com/r/YesstyleCodesSharing/comments/1nd62kt/up_to_20_off_at_yesstyle_with_never_expiring/,1757483059
2025-09-09,yesstyle,yesstyle,YesstyleCodesSharing,1ncfosw,"SUMMER25 ❤️ + HEDWIG10 🦉= NEW YesStyle Codes i just found for 20% OFF! (hope this helps) , yesstyle coupon and rewards code",Any_Smell_3816,1,0,https://reddit.com/r/YesstyleCodesSharing/comments/1ncfosw/summer25_hedwig10_new_yesstyle_codes_i_just_found/,1757415349
2025-09-09,yesstyle,yesstyle,YesstyleCodesSharing,1nc4cuu,Yesstyle freebies + sale + reward code 3R3693,caliidreaming,1,1,https://reddit.com/r/YesstyleCodesSharing/comments/1nc4cuu/yesstyle_freebies_sale_reward_code_3r3693/,1757376830
2025-09-14,yesstyle,yesstyle,SkincareAddicts,1ngmepi,Yesstyle LIMITED 15% discount code with NO MINIMUM PURCHASE,Klutzy_Garage328,1,0,https://reddit.com/r/SkincareAddicts/comments/1ngmepi/yesstyle_limited_15_discount_code_with_no_minimum/,1757840557
2025-09-14,yesstyle,yesstyle,SkincareAddicts,1ngioxd,YESSTYLE Coupon Codes 2025,Moon_Lily4828,1,1,https://reddit.com/r/SkincareAddicts/comments/1ngioxd/yesstyle_coupon_codes_2025/,1757827072
2025-09-12,yesstyle,yesstyle,SkincareAddicts,1nf4gp1,YesStyle Code Exchange,Mediocre-Dog1676,1,0,https://reddit.com/r/SkincareAddicts/comments/1nf4gp1/yesstyle_code_exchange/,1757686643
2025-09-11,yesstyle,yesstyle,SkincareAddicts,1ndw4cc,Yesstyle Coupon/Reward Codes for September [Updated List],Klutzy_Garage328,1,0,https://reddit.com/r/SkincareAddicts/comments/1ndw4cc/yesstyle_couponreward_codes_for_september_updated/,1757554211
2025-09-10,yesstyle,yesstyle,SkincareAddicts,1ndkqnj,Current YesStyle Coupons and Rewards Codes,PuzzledConclusion557,5,56,https://reddit.com/r/SkincareAddicts/comments/1ndkqnj/current_yesstyle_coupons_and_rewards_codes/,1757525524
2025-09-11,rentox,rentox,DIYaesthetics,1ne1r12,Rentox vs Dysport,dextroseuon,1,2,https://reddit.com/r/DIYaesthetics/comments/1ne1r12/rentox_vs_dysport/,1757572990
2025-09-15,olive young,olive young,AsianBeauty,1nhdxfn,[News] Notable New Olive Young Online Launches & Brand Updates 2nd week of September,dataa_specialist,27,0,https://reddit.com/r/AsianBeauty/comments/1nhdxfn/news_notable_new_olive_young_online_launches/,1757915911
2025-09-12,olive young,olive young,AsianBeauty,1nezagl,Olive Young haul,Funny-Investment372,153,29,https://reddit.com/r/AsianBeauty/comments/1nezagl/olive_young_haul/,1757671867
2025-09-12,olive young,olive young,AsianBeauty,1netqtq,"If you’re looking for the OG Beauty of Joseon sunscreen, buy from Olive Young!",Maravilla004,25,6,https://reddit.com/r/AsianBeauty/comments/1netqtq/if_youre_looking_for_the_og_beauty_of_joseon/,1757650852
2025-09-09,olive young,olive young,AsianBeauty,1nc758q,[News] Notable New Olive Young Online Launches & Brand Updates (July - 1st week of September),dataa_specialist,36,10,https://reddit.com/r/AsianBeauty/comments/1nc758q/news_notable_new_olive_young_online_launches/,1757384677
2025-09-15,olive young,olive young,koreanskincare,1nhyrq4,New products,Neipss,2,4,https://reddit.com/r/koreanskincare/comments/1nhyrq4/new_products/,1757971801
2025-09-15,olive young,olive young,koreanskincare,1nhesjw,Update: All of my  Olive Young order arrived !!,Certain-Bowler8735,12,1,https://reddit.com/r/koreanskincare/comments/1nhesjw/update_all_of_my_olive_young_order_arrived/,1757919084
2025-09-12,olive young,olive young,koreanskincare,1nev4q2,My StyleKorean order came! No tariffs and nothing missing!,misstea33,249,38,https://reddit.com/r/koreanskincare/comments/1nev4q2/my_stylekorean_order_came_no_tariffs_and_nothing/,1757655773
2025-09-15,olive young,oliveyoung,koreanskincare,1nh92zb,Another top skincare from a real Korean living in Korea (37m),Key_Ad6205,169,17,https://reddit.com/r/koreanskincare/comments/1nh92zb/another_top_skincare_from_a_real_korean_living_in/,1757900510
2025-09-13,olive young,oliveyoung,koreanskincare,1nfo8uc,Trying to find where to buy product (ahc vital golden collagen cream),Agreeable-Cow-5006,1,0,https://reddit.com/r/koreanskincare/comments/1nfo8uc/trying_to_find_where_to_buy_product_ahc_vital/,1757737702
2025-09-15,olive young,olive young,KoreanBeauty,1nhq9c3,Seoul Olive Young Eczema,Delicious-salad29,1,4,https://reddit.com/r/KoreanBeauty/comments/1nhq9c3/seoul_olive_young_eczema/,1757952922
2025-09-14,olive young,olive young,KoreanBeauty,1ngsddd,Tips for first visit to South Korea,amaltia,2,7,https://reddit.com/r/KoreanBeauty/comments/1ngsddd/tips_for_first_visit_to_south_korea/,1757859244
2025-09-12,olive young,olive young,KoreanBeauty,1nezv63,"Am I understanding hydrating (not moisturizing) right? Olive Young product suggestions for hydration, not moisturizing?",carefulabalone,17,28,https://reddit.com/r/KoreanBeauty/comments/1nezv63/am_i_understanding_hydrating_not_moisturizing/,1757673931
2025-09-11,olive young,olive young,KoreanBeauty,1nee83r,Olive Young Coupons,Aggressive-Yam-6499,1,1,https://reddit.com/r/KoreanBeauty/comments/1nee83r/olive_young_coupons/,1757610048
2025-09-10,olive young,olive young,KoreanBeauty,1ndthji,Looking for Eqqualberry swimming pool toner in South Korea!,Historical-Nail-6231,1,1,https://reddit.com/r/KoreanBeauty/comments/1ndthji/looking_for_eqqualberry_swimming_pool_toner_in/,1757546605
2025-09-10,olive young,olive young,KoreanBeauty,1nd6n5m,Olive Young sale “extra coupons” are deceptive,SuspiciousUnicorn,89,17,https://reddit.com/r/KoreanBeauty/comments/1nd6n5m/olive_young_sale_extra_coupons_are_deceptive/,1757485168
2025-09-09,olive young,olive young,KoreanBeauty,1ncfgrh,I'm leaving Seoul in a few hours. What should I pick up from Olive Young?,sunriseclocks,14,20,https://reddit.com/r/KoreanBeauty/comments/1ncfgrh/im_leaving_seoul_in_a_few_hours_what_should_i/,1757414560
2025-09-09,olive young,olive young,SkincareAddiction,1nc4uum,[Product Question] AHC Pro Shot is it worth it?,Mad-Knight,1,1,https://reddit.com/r/SkincareAddiction/comments/1nc4uum/product_question_ahc_pro_shot_is_it_worth_it/,1757378203
2025-09-14,olive young,olive young,asianbeautyexchange,1nh3ern,[SELL][US] The Saem Concealer Pot + Free Glint Blush,mimimiso,0,0,https://reddit.com/r/asianbeautyexchange/comments/1nh3ern/sellus_the_saem_concealer_pot_free_glint_blush/,1757885166
2025-09-14,olive young,olive young,koreatravel,1nh0mp5,Must buy products at Olive Young,wontletmepickany,6,14,https://reddit.com/r/koreatravel/comments/1nh0mp5/must_buy_products_at_olive_young/,1757878619
2025-09-14,olive young,olive young,koreatravel,1ngucps,Best way to shop at Olive Young on a budget?,Miserable-Sky-109,11,32,https://reddit.com/r/koreatravel/comments/1ngucps/best_way_to_shop_at_olive_young_on_a_budget/,1757864078
2025-09-11,olive young,olive young,koreatravel,1ne31sj,Trip report,Character_Rub8286,23,6,https://reddit.com/r/koreatravel/comments/1ne31sj/trip_report/,1757578108
2025-09-13,olive young,olive young,referralcodes,1ng9spg,Olive young Promo code for discount- MAY0505 + OY WEEK discounts,Funny-Investment372,2,0,https://reddit.com/r/referralcodes/comments/1ng9spg/olive_young_promo_code_for_discount_may0505_oy/,1757800277
2025-09-13,olive young,olive young,referralcodes,1ng0zi8,"Discount code for your next order yesstyle, stylekorean, olive young",JAJA_1102,1,0,https://reddit.com/r/referralcodes/comments/1ng0zi8/discount_code_for_your_next_order_yesstyle/,1757778793
2025-09-15,olive young,olive young,kbeauty,1nhz0x1,New products,Neipss,1,0,https://reddit.com/r/kbeauty/comments/1nhz0x1/new_products/,1757972442
2025-09-13,olive young,olive young,YesstyleCodesSharing,1ng1fm3,"Discount code for your next order yesstyle, stylekorean, olive young",JAJA_1102,1,1,https://reddit.com/r/YesstyleCodesSharing/comments/1ng1fm3/discount_code_for_your_next_order_yesstyle/,1757779840
2025-09-13,innisfree,innisfree,AsianBeauty,1ng83hq,TJMAXX Haul/Review,blueaqua_12,328,30,https://reddit.com/r/AsianBeauty/comments/1ng83hq/tjmaxx_haulreview/,1757795830
2025-09-15,innisfree,innisfree,koreanskincare,1nh92zb,Another top skincare from a real Korean living in Korea (37m),Key_Ad6205,171,17,https://reddit.com/r/koreanskincare/comments/1nh92zb/another_top_skincare_from_a_real_korean_living_in/,1757900510
2025-09-09,innisfree,innisfree,koreanskincare,1ncy351,Starting my Korean Skincare Journey,ThrowRA_living30,5,9,https://reddit.com/r/koreanskincare/comments/1ncy351/starting_my_korean_skincare_journey/,1757459217
2025-09-09,innisfree,innisfree,koreanskincare,1ncy0j2,What can I do to improve my makeup/skin prep routine?,Boring_Background641,1,0,https://reddit.com/r/koreanskincare/comments/1ncy0j2/what_can_i_do_to_improve_my_makeupskin_prep/,1757459031
2025-09-09,innisfree,innisfree,KoreanBeauty,1ncxwx8,Is innisfree no sebum primer compatible with missha magic cushion for oily combination skin? What could I improve on my makeup routine/products?,Boring_Background641,2,2,https://reddit.com/r/KoreanBeauty/comments/1ncxwx8/is_innisfree_no_sebum_primer_compatible_with/,1757458791
2025-09-15,innisfree,innisfree,SkincareAddiction,1nhn6v3,[Routine Help] !!,gothicfairy666,1,2,https://reddit.com/r/SkincareAddiction/comments/1nhn6v3/routine_help/,1757946064
2025-09-15,innisfree,innisfree,SkincareAddiction,1nhbo3b,"[Sun Care] Sunscreen burns and drys my face, but only in dry climates!",ihatecartoons,2,3,https://reddit.com/r/SkincareAddiction/comments/1nhbo3b/sun_care_sunscreen_burns_and_drys_my_face_but/,1757908197
2025-09-14,innisfree,innisfree,SkincareAddiction,1ngk427,[Routine Help] Skincare Order,Cerisevanille,2,2,https://reddit.com/r/SkincareAddiction/comments/1ngk427/routine_help_skincare_order/,1757832210
2025-09-11,innisfree,innisfree,SkincareAddiction,1nende4,How often and when to use these [Routine Help],Sweet-Yams,2,5,https://reddit.com/r/SkincareAddiction/comments/1nende4/how_often_and_when_to_use_these_routine_help/,1757631834
2025-09-09,innisfree,innisfree,SkincareAddiction,1nchtyg,[Routine Help] Need Help With a Seasonal Dry Skin Problem!,_faeryblue,1,3,https://reddit.com/r/SkincareAddiction/comments/1nchtyg/routine_help_need_help_with_a_seasonal_dry_skin/,1757421700
2025-09-09,innisfree,innisfree,SkincareAddiction,1nc6aeo,[Product Request] Need help finding a sunscreen that wont break me out!!,Aggravating_Spot_952,1,4,https://reddit.com/r/SkincareAddiction/comments/1nc6aeo/product_request_need_help_finding_a_sunscreen/,1757382218
2025-09-15,innisfree,innisfree,IndianBeautyDeclutter,1nhxvfu,Declutter,BadLuckAndTrouble239,3,1,https://reddit.com/r/IndianBeautyDeclutter/comments/1nhxvfu/declutter/,1757969678
2025-09-15,innisfree,innisfree,IndianBeautyDeclutter,1nhe85n,ISO,Longjumping-Slice976,0,6,https://reddit.com/r/IndianBeautyDeclutter/comments/1nhe85n/iso/,1757916958
2025-09-12,innisfree,innisfree,IndianBeautyDeclutter,1nf8be6,"✨Makeup for sale - great condition, great prices.✨",Famous-Calendar-3781,2,3,https://reddit.com/r/IndianBeautyDeclutter/comments/1nf8be6/makeup_for_sale_great_condition_great_prices/,1757695686
2025-09-11,innisfree,innisfree,IndianBeautyDeclutter,1ne9ria,Take both facewash for 800,onewhoisdeadinside,4,1,https://reddit.com/r/IndianBeautyDeclutter/comments/1ne9ria/take_both_facewash_for_800/,1757599653
2025-09-10,innisfree,innisfree,IndianBeautyDeclutter,1ndo2qu,Innisfree for 250 each + 50 shipping,Key_Assignment8134,0,17,https://reddit.com/r/IndianBeautyDeclutter/comments/1ndo2qu/innisfree_for_250_each_50_shipping/,1757533005
2025-09-15,innisfree,innisfree,indianbeautyhauls,1nhfywn,What all I got from ajio for 686/-,Ok-Stable-1537,9,11,https://reddit.com/r/indianbeautyhauls/comments/1nhfywn/what_all_i_got_from_ajio_for_686/,1757923637
2025-09-14,innisfree,innisfree,indianbeautyhauls,1ngwdrj,just about everything that i use.,Upstairs-Ad7387,52,55,https://reddit.com/r/indianbeautyhauls/comments/1ngwdrj/just_about_everything_that_i_use/,1757868785
2025-09-15,innisfree,innisfree,IndianBeautyTalks,1nha42g,Any alternative to the innisfree volcanic clay mask ? ( i have oily skin) i am in a lookout for something affordable! 🧴,poisonivyysun,2,0,https://reddit.com/r/IndianBeautyTalks/comments/1nha42g/any_alternative_to_the_innisfree_volcanic_clay/,1757903504
2025-09-13,innisfree,innisfree,IndianBeautyTalks,1nfmphm,Can I use this cleanser everyday?,Few-Answer-6086,10,7,https://reddit.com/r/IndianBeautyTalks/comments/1nfmphm/can_i_use_this_cleanser_everyday/,1757732746
2025-09-11,innisfree,innisfree,IndianBeautyTalks,1ne33vi,Which one is better for skin brightening?,Over-Bed889,14,25,https://reddit.com/r/IndianBeautyTalks/comments/1ne33vi/which_one_is_better_for_skin_brightening/,1757578338
2025-09-13,innisfree,innisfree,SkincareAddicts,1nfyj9w,Looking for a replacement for the Innisfree Green Tea Hyaluronic Acid Toner,Distinct-Dig-3863,1,0,https://reddit.com/r/SkincareAddicts/comments/1nfyj9w/looking_for_a_replacement_for_the_innisfree_green/,1757772820
2025-09-15,innisfree,innisfree,IndianBeautyBazaar,1nhcab5,Makeup Declutter 💄,Famous-Calendar-3781,10,1,https://reddit.com/r/IndianBeautyBazaar/comments/1nhcab5/makeup_declutter/,1757910162
2025-09-12,reedle shot,reedle shot,AsianBeauty,1nezagl,Olive Young haul,Funny-Investment372,154,29,https://reddit.com/r/AsianBeauty/comments/1nezagl/olive_young_haul/,1757671867
2025-09-11,reedle shot,reedle shot,koreanskincare,1neocsc,Judge my skincare!,accs19,26,10,https://reddit.com/r/koreanskincare/comments/1neocsc/judge_my_skincare/,1757634619
2025-09-11,reedle shot,reedle shot,IndianBeautyDeclutter,1neg1bb,Urgent declutter,Correct_Pick6476,3,3,https://reddit.com/r/IndianBeautyDeclutter/comments/1neg1bb/urgent_declutter/,1757614132
2025-09-11,reedle shot,reedle shot,IndianBeautyDeclutter,1ne4go9,"Selling Mixsoon, Numbuzin, Iunik, and VT.",insatiable_omnivore,1,3,https://reddit.com/r/IndianBeautyDeclutter/comments/1ne4go9/selling_mixsoon_numbuzin_iunik_and_vt/,1757583765
2025-09-09,cell fusion c,cell fusion c,AsianBeauty,1nc758q,[News] Notable New Olive Young Online Launches & Brand Updates (July - 1st week of September),dataa_specialist,36,10,https://reddit.com/r/AsianBeauty/comments/1nc758q/news_notable_new_olive_young_online_launches/,1757384677
2025-09-15,cell fusion c,cell fusion c,koreanskincare,1nh92zb,Another top skincare from a real Korean living in Korea (37m),Key_Ad6205,171,17,https://reddit.com/r/koreanskincare/comments/1nh92zb/another_top_skincare_from_a_real_korean_living_in/,1757900510
2025-09-10,cell fusion c,cell fusion c,SkincareAddiction,1ndmkyx,"[Routine Help] My Evidence-based, Fragrance-Free, & Proactive Skin Health Routine (32M)",carpetstain,5,5,https://reddit.com/r/SkincareAddiction/comments/1ndmkyx/routine_help_my_evidencebased_fragrancefree/,1757529609
2025-09-11,cell fusion c,cell fusion c,IndianBeautyDeclutter,1neg1bb,Urgent declutter,Correct_Pick6476,1,3,https://reddit.com/r/IndianBeautyDeclutter/comments/1neg1bb/urgent_declutter/,1757614132
2025-09-09,cell fusion c,cell fusion c,30PlusSkinCare,1nctk9w,34yo male needs help with korean products,medeeiros,5,3,https://reddit.com/r/30PlusSkinCare/comments/1nctk9w/34yo_male_needs_help_with_korean_products/,1757448389
2025-09-14,cell fusion c,cell fusion c,SkincareAddicts,1ngxtny,My skincare treatment,Unusual_Part_8041,1,0,https://reddit.com/r/SkincareAddicts/comments/1ngxtny/my_skincare_treatment/,1757872087
2025-09-13,cell fusion c,cell fusion c,fountainpens,1nfvpey,my first kaweco! but with slight problem,byjungyuno,16,6,https://reddit.com/r/fountainpens/comments/1nfvpey/my_first_kaweco_but_with_slight_problem/,1757764857
2025-09-14,history of whoo,history of whoo,KoreanBeauty,1ngg9uv,Fragrance in Hwanyu line of Whoo,Great-Ear6844,1,1,https://reddit.com/r/KoreanBeauty/comments/1ngg9uv/fragrance_in_hwanyu_line_of_whoo/,1757818995
2025-09-14,the whoo,the whoo,KoreanBeauty,1ngg9uv,Fragrance in Hwanyu line of Whoo,Great-Ear6844,1,1,https://reddit.com/r/KoreanBeauty/comments/1ngg9uv/fragrance_in_hwanyu_line_of_whoo/,1757818995
2025-09-11,belif,belif,koreanskincare,1nefy8s,First Korean Beauty Order,Infinite_Hat5261,8,3,https://reddit.com/r/koreanskincare/comments/1nefy8s/first_korean_beauty_order/,1757613938
2025-09-09,belif,belif,koreanskincare,1ncme06,Do you think about Belif multi vitamin?,GainExpress6425,1,1,https://reddit.com/r/koreanskincare/comments/1ncme06/do_you_think_about_belif_multi_vitamin/,1757432569
2025-09-14,belif,belif,SkincareAddiction,1ngz3ee,[Product Question] What are your honest thoughts on these viral Korean skincare products?,Agreeable_Lion_5237,26,92,https://reddit.com/r/SkincareAddiction/comments/1ngz3ee/product_question_what_are_your_honest_thoughts_on/,1757875033
2025-09-13,belif,belif,SkincareAddiction,1ng2kkb,Healing and fading cystic acne [B&A],gabbyandarthur,154,10,https://reddit.com/r/SkincareAddiction/comments/1ng2kkb/healing_and_fading_cystic_acne_ba/,1757782589
2025-09-13,belif,belif,IndianBeautyDeclutter,1nfxaux,Decluttering skincare,cardamombowl,1,1,https://reddit.com/r/IndianBeautyDeclutter/comments/1nfxaux/decluttering_skincare/,1757769504
2025-09-09,belif,belif,indianbeautyhauls,1nclmiw,My Skincare & Lippie Haul (Aug-Sept) 💋🫶🏻,Moonchild1412,55,18,https://reddit.com/r/indianbeautyhauls/comments/1nclmiw/my_skincare_lippie_haul_augsept/,1757430820
2025-09-15,nabota,nabota,DIYaesthetics,1nhsgiq,How much saline to add to nabota,Grateful_kgs75,0,2,https://reddit.com/r/DIYaesthetics/comments/1nhsgiq/how_much_saline_to_add_to_nabota/,1757957759
2025-09-12,jeuveau,jeuveau,30PlusSkinCare,1nf1vda,Jeuveau vs Daxxify - neurotoxin Preference?,flipfrog44,4,3,https://reddit.com/r/30PlusSkinCare/comments/1nf1vda/jeuveau_vs_daxxify_neurotoxin_preference/,1757680071
2025-09-11,missha,missha,AsianBeauty,1nenaow,What happened to Missha Perfect Cover BB Cream?,feachbossils,244,83,https://reddit.com/r/AsianBeauty/comments/1nenaow/what_happened_to_missha_perfect_cover_bb_cream/,1757631635
2025-09-15,missha,missha,koreanskincare,1nhfpbr,In search of a tinted mineral spf or bb cream,Dependent-Ad-6629,2,0,https://reddit.com/r/koreanskincare/comments/1nhfpbr/in_search_of_a_tinted_mineral_spf_or_bb_cream/,1757922583
2025-09-13,missha,missha,koreanskincare,1nfzlr8,Anyone Faced Allergic Reaction With These?,omnipotentmisery,40,69,https://reddit.com/r/koreanskincare/comments/1nfzlr8/anyone_faced_allergic_reaction_with_these/,1757775489
2025-09-13,missha,missha,koreanskincare,1nfj08i,YesStyle order came quickly and no tariff issues,notmybaggage,53,17,https://reddit.com/r/koreanskincare/comments/1nfj08i/yesstyle_order_came_quickly_and_no_tariff_issues/,1757721735
2025-09-09,missha,missha,koreanskincare,1ncy0j2,What can I do to improve my makeup/skin prep routine?,Boring_Background641,1,0,https://reddit.com/r/koreanskincare/comments/1ncy0j2/what_can_i_do_to_improve_my_makeupskin_prep/,1757459031
2025-09-14,missha,missha,KoreanBeauty,1ngij80,Thoughts on MISSHA M Perfect Cover BB Cream?,Dependent-Ad-6629,1,2,https://reddit.com/r/KoreanBeauty/comments/1ngij80/thoughts_on_missha_m_perfect_cover_bb_cream/,1757826504
2025-09-09,missha,missha,KoreanBeauty,1ncxwx8,Is innisfree no sebum primer compatible with missha magic cushion for oily combination skin? What could I improve on my makeup routine/products?,Boring_Background641,2,2,https://reddit.com/r/KoreanBeauty/comments/1ncxwx8/is_innisfree_no_sebum_primer_compatible_with/,1757458791
2025-09-09,missha,missha,SkincareAddiction,1ncw1tx,[Acne] Keep getting these bumps that won't disappear,j_eiku,1,3,https://reddit.com/r/SkincareAddiction/comments/1ncw1tx/acne_keep_getting_these_bumps_that_wont_disappear/,1757454141
2025-09-15,missha,missha,IndianBeautyDeclutter,1nhdfpu,Declutter,sugarrmommyy69,2,2,https://reddit.com/r/IndianBeautyDeclutter/comments/1nhdfpu/declutter/,1757914094
2025-09-10,missha,missha,IndianBeautyDeclutter,1nde6e7,"Selling Makeup Products – BB Creams, Base, Tinted Moisturizer",sugarrmommyy69,5,1,https://reddit.com/r/IndianBeautyDeclutter/comments/1nde6e7/selling_makeup_products_bb_creams_base_tinted/,1757510792
2025-09-15,missha,missha,kbeauty,1nh9g18,Missha BB Creams?,Popular-Cupcake8661,2,4,https://reddit.com/r/kbeauty/comments/1nh9g18/missha_bb_creams/,1757901570
2025-09-09,missha,missha,kbeauty,1nc48uv,My Current K Beauty Loves That Get Me So Many Compliments on My Skin,incompleteTHOT,61,19,https://reddit.com/r/kbeauty/comments/1nc48uv/my_current_k_beauty_loves_that_get_me_so_many/,1757376538
2025-09-14,missha,missha,indianbeautyhauls,1ngmypj,All lip products I own with swatches and more!,Petrichor_hopliness,60,24,https://reddit.com/r/indianbeautyhauls/comments/1ngmypj/all_lip_products_i_own_with_swatches_and_more/,1757842631
2025-09-14,missha,missha,MakeupAddiction,1nh2msk,Which Lipstick Suits Me Best?,nurseleu,603,539,https://reddit.com/r/MakeupAddiction/comments/1nh2msk/which_lipstick_suits_me_best/,1757883309
2025-09-11,missha,missha,MakeupAddiction,1ndy6e9,Y2K inspired look,Commercial-Nobody994,230,14,https://reddit.com/r/MakeupAddiction/comments/1ndy6e9/y2k_inspired_look/,1757560457
2025-09-11,a'pieu,ap,AsianBeauty,1neeofb,Dupe for Rhode glazing milk and barrier butter?,OkDay4739,22,42,https://reddit.com/r/AsianBeauty/comments/1neeofb/dupe_for_rhode_glazing_milk_and_barrier_butter/,1757611063
2025-09-15,a'pieu,a'pieu,koreanskincare,1nhm0xn,why does my toneup sunscreen do this?,Familiar-Treat-9452,1,6,https://reddit.com/r/koreanskincare/comments/1nhm0xn/why_does_my_toneup_sunscreen_do_this/,1757943318
2025-09-09,a'pieu,a-pieu,koreanskincare,1ncy0j2,What can I do to improve my makeup/skin prep routine?,Boring_Background641,1,0,https://reddit.com/r/koreanskincare/comments/1ncy0j2/what_can_i_do_to_improve_my_makeupskin_prep/,1757459031
2025-09-09,a'pieu,a-pieu,KoreanBeauty,1ncxwx8,Is innisfree no sebum primer compatible with missha magic cushion for oily combination skin? What could I improve on my makeup routine/products?,Boring_Background641,2,2,https://reddit.com/r/KoreanBeauty/comments/1ncxwx8/is_innisfree_no_sebum_primer_compatible_with/,1757458791
2025-09-10,a'pieu,ap,SkincareAddiction,1ndtuw2,"[B&A] Clear + Brilliant, post two treatments!",VeryAbrasiveBitch,16,11,https://reddit.com/r/SkincareAddiction/comments/1ndtuw2/ba_clear_brilliant_post_two_treatments/,1757547644
2025-09-10,a'pieu,ap,SkincareAddiction,1ndjr7r,[Routine Help] Is there an adjustment period after starting a basic skincare routine or am I doing something wrong?,Prudent-Silver-7252,7,6,https://reddit.com/r/SkincareAddiction/comments/1ndjr7r/routine_help_is_there_an_adjustment_period_after/,1757523368
2025-09-14,a'pieu,ap,IndianBeautyDeclutter,1ngwttz,Help me declutter,Global_Somewhere5832,5,1,https://reddit.com/r/IndianBeautyDeclutter/comments/1ngwttz/help_me_declutter/,1757869794
2025-09-11,a'pieu,ap,30PlusSkinCare,1nefs17,Current lineup,turangaleah,100,35,https://reddit.com/r/30PlusSkinCare/comments/1nefs17/current_lineup/,1757613554
2025-09-13,a'pieu,a'pieu,referralcodes,1nfj5t1,Yesstyle freebies + sale + reward code 3R3693,caliidreaming,1,1,https://reddit.com/r/referralcodes/comments/1nfj5t1/yesstyle_freebies_sale_reward_code_3r3693/,1757722171
2025-09-11,a'pieu,a'pieu,referralcodes,1ndv6cd,Yesstyle freebies + sale + reward code 3R3693,caliidreaming,1,1,https://reddit.com/r/referralcodes/comments/1ndv6cd/yesstyle_freebies_sale_reward_code_3r3693/,1757551455
2025-09-09,a'pieu,a'pieu,referralcodes,1nc4916,Yesstyle freebies + sale + reward code 3R3693,caliidreaming,1,1,https://reddit.com/r/referralcodes/comments/1nc4916/yesstyle_freebies_sale_reward_code_3r3693/,1757376551
2025-09-14,a'pieu,a'pieu,indianbeautyhauls,1ngks50,A girlie who's on a no-buy for this year,Key-Review-2282,44,21,https://reddit.com/r/indianbeautyhauls/comments/1ngks50/a_girlie_whos_on_a_nobuy_for_this_year/,1757834547
2025-09-13,a'pieu,ap,indianbeautyhauls,1nfnpht,I finally have a bathroom cabinet for my skincare!!,Whatup-Buttercup,124,46,https://reddit.com/r/indianbeautyhauls/comments/1nfnpht/i_finally_have_a_bathroom_cabinet_for_my_skincare/,1757735930
2025-09-12,a'pieu,ap,indianbeautyhauls,1nf7t92,My mom's first skincare haul 💞,SwevenaVerse659,10,1,https://reddit.com/r/indianbeautyhauls/comments/1nf7t92/my_moms_first_skincare_haul/,1757694516
2025-09-12,a'pieu,ap,IndianBeautyTalks,1nf5hb0,Better late than never✨ my mom's skincare journey starts at 40,SwevenaVerse659,166,10,https://reddit.com/r/IndianBeautyTalks/comments/1nf5hb0/better_late_than_never_my_moms_skincare_journey/,1757689086
2025-09-13,a'pieu,a'pieu,YesstyleCodesSharing,1nfj5ps,Yesstyle freebies + sale + reward code 3R3693,caliidreaming,1,2,https://reddit.com/r/YesstyleCodesSharing/comments/1nfj5ps/yesstyle_freebies_sale_reward_code_3r3693/,1757722163
2025-09-11,a'pieu,a'pieu,YesstyleCodesSharing,1ndv6a6,Yesstyle freebies + sale + reward code 3R3693,caliidreaming,2,2,https://reddit.com/r/YesstyleCodesSharing/comments/1ndv6a6/yesstyle_freebies_sale_reward_code_3r3693/,1757551450
2025-09-12,a'pieu,ap,fountainpens,1nf603z,Waterman Expert,Strong-Way9697,8,6,https://reddit.com/r/fountainpens/comments/1nf603z/waterman_expert/,1757690308
2025-09-10,a'pieu,ap,fountainpens,1nddjtv,Noodlers Habanero and a Good Boy from R.Louis Stevenson,Swimming-Delay-7629,32,5,https://reddit.com/r/fountainpens/comments/1nddjtv/noodlers_habanero_and_a_good_boy_from_rlouis/,1757509232
2025-09-11,madeca,madeca,KoreanBeauty,1nem3c1,Help me alter my routine or incorporate more hydrating products!,ComedianConfident736,1,3,https://reddit.com/r/KoreanBeauty/comments/1nem3c1/help_me_alter_my_routine_or_incorporate_more/,1757628457
2025-09-15,innotox,innotox,DIYaesthetics,1nhl6gh,BAC WATER VS SALINE,Mundane_Ad_7907,8,11,https://reddit.com/r/DIYaesthetics/comments/1nhl6gh/bac_water_vs_saline/,1757941200
2025-09-15,innotox,innotox,DIYaesthetics,1nhklze,Innotox amount query,hayesuk,0,11,https://reddit.com/r/DIYaesthetics/comments/1nhklze/innotox_amount_query/,1757939705
2025-09-13,innotox,innotox,DIYaesthetics,1nfl8n9,Product recommendations from AceCosm,EnterTheNightmare,6,1,https://reddit.com/r/DIYaesthetics/comments/1nfl8n9/product_recommendations_from_acecosm/,1757728243
2025-09-13,innotox,innotox,DIYaesthetics,1nfk10q,Can I redose my innotox too quickly?,CriticalSalary8560,2,5,https://reddit.com/r/DIYaesthetics/comments/1nfk10q/can_i_redose_my_innotox_too_quickly/,1757724653
2025-09-12,innotox,innotox,DIYaesthetics,1nep103,Innotox touch ups,Former-Relationship6,6,2,https://reddit.com/r/DIYaesthetics/comments/1nep103/innotox_touch_ups/,1757636537
2025-09-10,innotox,innotox,DIYaesthetics,1ndobxn,I finally took the plunge!,Training_Box_4786,56,49,https://reddit.com/r/DIYaesthetics/comments/1ndobxn/i_finally_took_the_plunge/,1757533605
2025-09-10,innotox,innotox,DIYaesthetics,1ndlt8y,Tick disorder makes me furrow my brows… innotox placement kindly requested…,No_Strike3240,9,28,https://reddit.com/r/DIYaesthetics/comments/1ndlt8y/tick_disorder_makes_me_furrow_my_brows_innotox/,1757527867
2025-09-10,innotox,innotox,DIYaesthetics,1ndcq4z,Red Panda - Innotox,Bright_Afternoon9780,2,6,https://reddit.com/r/DIYaesthetics/comments/1ndcq4z/red_panda_innotox/,1757507012
2025-09-10,innotox,innotox,DIYaesthetics,1nd117r,Can anyone recommend a good numbing cream to use before innotox?,CriticalSalary8560,4,33,https://reddit.com/r/DIYaesthetics/comments/1nd117r/can_anyone_recommend_a_good_numbing_cream_to_use/,1757467280
2025-09-11,innotox,innotox,DIYCosmeticProcedures,1negxv2,Do you meso all products in your forehead also?,Artistic-Turnip-9903,6,2,https://reddit.com/r/DIYCosmeticProcedures/comments/1negxv2/do_you_meso_all_products_in_your_forehead_also/,1757616216
2025-09-10,innotox,innotox,DIYCosmeticProcedures,1nds26h,Tick disorder makes me furrow my brows… innotox placement kindly requested…,No_Strike3240,3,3,https://reddit.com/r/DIYCosmeticProcedures/comments/1nds26h/tick_disorder_makes_me_furrow_my_brows_innotox/,1757542816
2025-09-13,innotox,innotox,DIYHEAVEN,1nfw67f,(Update) Hejeubo came in hot!,1_info_seeker,8,3,https://reddit.com/r/DIYHEAVEN/comments/1nfw67f/update_hejeubo_came_in_hot/,1757766300
2025-09-12,innotox,innotox,DIYHEAVEN,1nfg5ta,Asking my injector for my Botox face mapping,RealAF121,16,23,https://reddit.com/r/DIYHEAVEN/comments/1nfg5ta/asking_my_injector_for_my_botox_face_mapping/,1757714233
2025-09-12,innotox,innotox,DIYHEAVEN,1neqae8,"Hi All! I’ve only ever used Innotox so question if I buy a tox that is to be diluted with saline: I’m accustomed to using as required, do the others come as a freeze dried block? Can I use a bit, store, then use as needed?",astrapol4811,4,19,https://reddit.com/r/DIYHEAVEN/comments/1neqae8/hi_all_ive_only_ever_used_innotox_so_question_if/,1757640206
2025-09-10,innotox,innotox,DIYHEAVEN,1nds0yz,How long do I wait in between different treatments?,Jessicastjames,6,9,https://reddit.com/r/DIYHEAVEN/comments/1nds0yz/how_long_do_i_wait_in_between_different_treatments/,1757542733
2025-09-09,innotox,innotox,DIYHEAVEN,1ncbobc,Units Of Tox On Syringe! 💉,43Phantom_,22,2,https://reddit.com/r/DIYHEAVEN/comments/1ncbobc/units_of_tox_on_syringe/,1757399786
2025-09-09,innotox,innotox,DIYHEAVEN,1nc5oks,Innotox Duration,kaybee1172,12,14,https://reddit.com/r/DIYHEAVEN/comments/1nc5oks/innotox_duration/,1757380507
2025-09-13,sulwhasoo,sulwhasoo,IndianBeautyDeclutter,1ng19oi,Remaining declutter,Sweet_Currency_9071,8,7,https://reddit.com/r/IndianBeautyDeclutter/comments/1ng19oi/remaining_declutter/,1757779454
2025-09-13,laneige,laneige,AsianBeauty,1ng83hq,TJMAXX Haul/Review,blueaqua_12,332,30,https://reddit.com/r/AsianBeauty/comments/1ng83hq/tjmaxx_haulreview/,1757795830
2025-09-14,laneige,laneige,koreanskincare,1nh2xdj,laneige's glaze craze lip serums,Single_Detective5962,2,1,https://reddit.com/r/koreanskincare/comments/1nh2xdj/laneiges_glaze_craze_lip_serums/,1757884017
2025-09-12,laneige,laneige,koreanskincare,1nezs23,product recommendations for dry & sensitive skin,whuelisa,2,23,https://reddit.com/r/koreanskincare/comments/1nezs23/product_recommendations_for_dry_sensitive_skin/,1757673619
2025-09-14,laneige,laneige,KoreanBeauty,1ngrkq1,K Beauty finally being more inclusive,Large-Damage-925,12,4,https://reddit.com/r/KoreanBeauty/comments/1ngrkq1/k_beauty_finally_being_more_inclusive/,1757857180
2025-09-14,laneige,laneige,KoreanBeauty,1ngofox,Korean skincare,Key-Check-2182,6,23,https://reddit.com/r/KoreanBeauty/comments/1ngofox/korean_skincare/,1757847877
2025-09-09,laneige,laneige,KoreanBeauty,1ncra89,Need help building a routine!! Products and current routine in caption,Alarmed_Elevator2747,2,1,https://reddit.com/r/KoreanBeauty/comments/1ncra89/need_help_building_a_routine_products_and_current/,1757443441
2025-09-15,laneige,laneige,SkincareAddiction,1nh9f4u,[Product Question],BrownKirbyzzz,1,2,https://reddit.com/r/SkincareAddiction/comments/1nh9f4u/product_question/,1757901498
2025-09-14,laneige,laneige,SkincareAddiction,1nh2m0r,[Product Request] Any alternatives for the OLD formulation of the Laneige Cica Sleeping Mask?,EquivalentLake6,1,1,https://reddit.com/r/SkincareAddiction/comments/1nh2m0r/product_request_any_alternatives_for_the_old/,1757883257
2025-09-14,laneige,laneige,SkincareAddiction,1ngz2e4,[Routine Help],CoverPrior1611,2,4,https://reddit.com/r/SkincareAddiction/comments/1ngz2e4/routine_help/,1757874970
2025-09-15,laneige,laneige,IndianBeautyDeclutter,1nhund9,"Decluttering sigma brush set, laneige and sebamed",JEEvanNEETi,2,2,https://reddit.com/r/IndianBeautyDeclutter/comments/1nhund9/decluttering_sigma_brush_set_laneige_and_sebamed/,1757962572
2025-09-15,laneige,laneige,IndianBeautyDeclutter,1nhp7r2,"Decluttering Makeup, Skincare & Fragrance decants clearance sale",mini_luxe_fragrance,1,1,https://reddit.com/r/IndianBeautyDeclutter/comments/1nhp7r2/decluttering_makeup_skincare_fragrance_decants/,1757950620
2025-09-15,laneige,laneige,IndianBeautyDeclutter,1nhh515,Declutter - All Unused / Sealed,indecisive_salad,11,7,https://reddit.com/r/IndianBeautyDeclutter/comments/1nhh515/declutter_all_unused_sealed/,1757928375
2025-09-15,laneige,laneige,IndianBeautyDeclutter,1nhgl3r,"Decluttering , some of it is free gifts some I bought in fomo and I am saving up for an important purchase so I'm getting rid of some things",No-Look-3187,0,1,https://reddit.com/r/IndianBeautyDeclutter/comments/1nhgl3r/decluttering_some_of_it_is_free_gifts_some_i/,1757926224
2025-09-14,laneige,laneige,IndianBeautyDeclutter,1ngxif1,Laneige Bouncy and Firm Sleeping Mask - 60ml (used twice with spatula),sufferkasafar,1,2,https://reddit.com/r/IndianBeautyDeclutter/comments/1ngxif1/laneige_bouncy_and_firm_sleeping_mask_60ml_used/,1757871365
2025-09-14,laneige,laneige,IndianBeautyDeclutter,1ngs010,Decluttering,axzlo,12,18,https://reddit.com/r/IndianBeautyDeclutter/comments/1ngs010/decluttering/,1757858285
2025-09-13,laneige,laneige,IndianBeautyDeclutter,1ng6u2f,in search of Laneige Glowy Balm,SpecialistRecent3411,1,2,https://reddit.com/r/IndianBeautyDeclutter/comments/1ng6u2f/in_search_of_laneige_glowy_balm/,1757792647
2025-09-13,laneige,laneige,IndianBeautyDeclutter,1ng19oi,Remaining declutter,Sweet_Currency_9071,7,7,https://reddit.com/r/IndianBeautyDeclutter/comments/1ng19oi/remaining_declutter/,1757779454
2025-09-13,laneige,laneige,IndianBeautyDeclutter,1ng0d86,Urgent declutter - new and unused,mini_luxe_fragrance,1,1,https://reddit.com/r/IndianBeautyDeclutter/comments/1ng0d86/urgent_declutter_new_and_unused/,1757777287
2025-09-13,laneige,laneige,IndianBeautyDeclutter,1nfzuhr,Urgent urgent declutter 😮‍💨,oursecretdiary,9,1,https://reddit.com/r/IndianBeautyDeclutter/comments/1nfzuhr/urgent_urgent_declutter/,1757776057
2025-09-13,laneige,laneige,IndianBeautyDeclutter,1nfrxlu,Appreciation post for u/snoopy-pilot,Cookiemonster_786,6,0,https://reddit.com/r/IndianBeautyDeclutter/comments/1nfrxlu/appreciation_post_for_usnoopypilot/,1757750922
2025-09-12,laneige,laneige,IndianBeautyDeclutter,1nf99f6,"Decluttering laneige, SDJ, pixi, peripera and more",JEEvanNEETi,7,13,https://reddit.com/r/IndianBeautyDeclutter/comments/1nf99f6/decluttering_laneige_sdj_pixi_peripera_and_more/,1757697899
2025-09-12,laneige,laneige,IndianBeautyDeclutter,1nf4qcl,Declutter,axzlo,2,10,https://reddit.com/r/IndianBeautyDeclutter/comments/1nf4qcl/declutter/,1757687283
2025-09-12,laneige,laneige,IndianBeautyDeclutter,1nf3gke,"Decluttering some new, some used products 🫰🏻",OkChain2088,10,9,https://reddit.com/r/IndianBeautyDeclutter/comments/1nf3gke/decluttering_some_new_some_used_products/,1757684204
2025-09-11,laneige,laneige,IndianBeautyDeclutter,1neg1bb,Urgent declutter,Correct_Pick6476,2,3,https://reddit.com/r/IndianBeautyDeclutter/comments/1neg1bb/urgent_declutter/,1757614132
2025-09-11,laneige,laneige,IndianBeautyDeclutter,1ne5vg7,Urgent Declutter (added something ),No-Look-3187,0,1,https://reddit.com/r/IndianBeautyDeclutter/comments/1ne5vg7/urgent_declutter_added_something/,1757588791
2025-09-11,laneige,laneige,IndianBeautyDeclutter,1ne4bss,Multiple Seller Appreciation 💌✨,TrippyTeas,24,4,https://reddit.com/r/IndianBeautyDeclutter/comments/1ne4bss/multiple_seller_appreciation/,1757583225
2025-09-11,laneige,laneige,IndianBeautyDeclutter,1ne25s2,Decluttering 💌,ilovestrawberriees,8,3,https://reddit.com/r/IndianBeautyDeclutter/comments/1ne25s2/decluttering/,1757574592
2025-09-10,laneige,laneige,IndianBeautyDeclutter,1ndb0h4,"Decluttering: Bbw, inde wild , laneige, kiro(hand swatches attached)and florence. All sealed",Away-Chain6636,4,7,https://reddit.com/r/IndianBeautyDeclutter/comments/1ndb0h4/decluttering_bbw_inde_wild_laneige_kirohand/,1757501853
2025-09-10,laneige,laneige,IndianBeautyDeclutter,1nd6lqe,Sephora new sets- open for pre order,Butter_popcornn,8,17,https://reddit.com/r/IndianBeautyDeclutter/comments/1nd6lqe/sephora_new_sets_open_for_pre_order/,1757485024
2025-09-10,laneige,laneige,IndianBeautyDeclutter,1nd6hbb,Iso- Laneige Donut cap charm… please,Iwouldprefernotto007,2,2,https://reddit.com/r/IndianBeautyDeclutter/comments/1nd6hbb/iso_laneige_donut_cap_charm_please/,1757484553
2025-09-09,laneige,laneige,IndianBeautyDeclutter,1ncobsa,Decluttering Brand New Laneige lip mask,picodegalieo,2,1,https://reddit.com/r/IndianBeautyDeclutter/comments/1ncobsa/decluttering_brand_new_laneige_lip_mask/,1757436913
2025-09-11,laneige,laneige,30PlusSkinCare,1neaovu,Laniege or Inde Wild. Which lip mask/balm is better?,MalcD777,3,5,https://reddit.com/r/30PlusSkinCare/comments/1neaovu/laniege_or_inde_wild_which_lip_maskbalm_is_better/,1757601782
2025-09-13,laneige,laneige,makeupexchange,1nfkmyn,"[SELL][US] Fall sale! 🍂 Dozens of brands from drugstore to luxury makeup, brushes, bundles and more + new items added",letstalkaboutbras,1,1,https://reddit.com/r/makeupexchange/comments/1nfkmyn/sellus_fall_sale_dozens_of_brands_from_drugstore/,1757726444
2025-09-09,laneige,laneige,kbeauty,1ncxx82,Minimalist routine?,afox012,5,2,https://reddit.com/r/kbeauty/comments/1ncxx82/minimalist_routine/,1757458810
2025-09-14,laneige,laneige,indianbeautyhauls,1ngpjmz,Lateee birthday haul 🥰,Pp_gurl,18,5,https://reddit.com/r/indianbeautyhauls/comments/1ngpjmz/lateee_birthday_haul/,1757851430
2025-09-14,laneige,laneige,indianbeautyhauls,1ngmypj,All lip products I own with swatches and more!,Petrichor_hopliness,60,24,https://reddit.com/r/indianbeautyhauls/comments/1ngmypj/all_lip_products_i_own_with_swatches_and_more/,1757842631
2025-09-13,laneige,laneige,indianbeautyhauls,1ng2qx5,Skincare Pagal u,Final_Brick_9751,52,26,https://reddit.com/r/indianbeautyhauls/comments/1ng2qx5/skincare_pagal_u/,1757782989
2025-09-12,laneige,laneige,indianbeautyhauls,1nf9w96,Early month haul! 🥰,Oompaloompa1010_,11,1,https://reddit.com/r/indianbeautyhauls/comments/1nf9w96/early_month_haul/,1757699380
2025-09-12,laneige,laneige,indianbeautyhauls,1nf9259,My lippie collection so far,Artistic-Ad-3450,64,40,https://reddit.com/r/indianbeautyhauls/comments/1nf9259/my_lippie_collection_so_far/,1757697420
2025-09-12,laneige,laneige,indianbeautyhauls,1nf2hju,My small lippie collection,Feeling_Reveal8476,27,7,https://reddit.com/r/indianbeautyhauls/comments/1nf2hju/my_small_lippie_collection/,1757681741
2025-09-12,laneige,laneige,indianbeautyhauls,1neztnw,Switching up my skincare plus a whole new set of brushes (haul part 1),UsefulMuscle9123,30,22,https://reddit.com/r/indianbeautyhauls/comments/1neztnw/switching_up_my_skincare_plus_a_whole_new_set_of/,1757673779
2025-09-12,laneige,laneige,indianbeautyhauls,1nexhdz,Finally got my hands on this lipbalm!!! Smells so good 🥹❤️,free_flies,26,4,https://reddit.com/r/indianbeautyhauls/comments/1nexhdz/finally_got_my_hands_on_this_lipbalm_smells_so/,1757664883
2025-09-11,laneige,laneige,indianbeautyhauls,1nec66f,My little army of Lippies💄,funnypilot25,49,9,https://reddit.com/r/indianbeautyhauls/comments/1nec66f/my_little_army_of_lippies/,1757605319
2025-09-11,laneige,laneige,indianbeautyhauls,1ne3bdg,Who doesn’t love Laneige? Glad I hopped on the Laneige train.,No-Violinist4371,24,16,https://reddit.com/r/indianbeautyhauls/comments/1ne3bdg/who_doesnt_love_laneige_glad_i_hopped_on_the/,1757579174
2025-09-11,laneige,laneige,indianbeautyhauls,1ndwazt,this sub made me get this out of fomo,Limp-Pianist589,17,7,https://reddit.com/r/indianbeautyhauls/comments/1ndwazt/this_sub_made_me_get_this_out_of_fomo/,1757554766
2025-09-10,laneige,laneige,indianbeautyhauls,1ndm7sh,Not Myntra delivering this 4 days after the actual order,Wide-Still-3768,60,13,https://reddit.com/r/indianbeautyhauls/comments/1ndm7sh/not_myntra_delivering_this_4_days_after_the/,1757528773
2025-09-10,laneige,laneige,indianbeautyhauls,1ndctcg,Finally bought the full size laneige cream skin and mist pump,Jelly2027,44,15,https://reddit.com/r/indianbeautyhauls/comments/1ndctcg/finally_bought_the_full_size_laneige_cream_skin/,1757507255
2025-09-09,laneige,laneige,indianbeautyhauls,1ncjpjb,My lippies,FableForecast,15,6,https://reddit.com/r/indianbeautyhauls/comments/1ncjpjb/my_lippies/,1757426401
2025-09-09,laneige,laneige,indianbeautyhauls,1ncevj1,Birthday haul from my boyfriend - part 1,guttts1058,233,49,https://reddit.com/r/indianbeautyhauls/comments/1ncevj1/birthday_haul_from_my_boyfriend_part_1/,1757412474
2025-09-15,laneige,laneige,IndianBeautyTalks,1nhkx5w,The Ajio loot is here!,LiteraryTravels,40,25,https://reddit.com/r/IndianBeautyTalks/comments/1nhkx5w/the_ajio_loot_is_here/,1757940538
2025-09-14,laneige,laneige,IndianBeautyTalks,1ngy7xl,Split w me,That_Excitement_3253,2,3,https://reddit.com/r/IndianBeautyTalks/comments/1ngy7xl/split_w_me/,1757872998
2025-09-14,laneige,laneige,IndianBeautyTalks,1ngxyzm,Deal on Ajio,That_Excitement_3253,2,0,https://reddit.com/r/IndianBeautyTalks/comments/1ngxyzm/deal_on_ajio/,1757872434
2025-09-14,laneige,laneige,IndianBeautyTalks,1ngviy8,Laneige Strawberry Shortcake Lip Sleeping Mask on Nykaa!🍓🍰,pustakikidaa,102,39,https://reddit.com/r/IndianBeautyTalks/comments/1ngviy8/laneige_strawberry_shortcake_lip_sleeping_mask_on/,1757866822
2025-09-14,laneige,laneige,IndianBeautyTalks,1ngum5q,Laneige Raspberry jam,Fearless_Cress_1429,16,13,https://reddit.com/r/IndianBeautyTalks/comments/1ngum5q/laneige_raspberry_jam/,1757864697
2025-09-14,laneige,laneige,IndianBeautyTalks,1ngs5gi,where can I find the Laneige Choco Lip Mask?,ButterscotchAny2920,1,2,https://reddit.com/r/IndianBeautyTalks/comments/1ngs5gi/where_can_i_find_the_laneige_choco_lip_mask/,1757858667
2025-09-14,laneige,laneige,IndianBeautyTalks,1ngmoii,In Love with Nexxus Promend Hair Mask,Akira_Reviews,2,1,https://reddit.com/r/IndianBeautyTalks/comments/1ngmoii/in_love_with_nexxus_promend_hair_mask/,1757841577
2025-09-13,laneige,laneige,IndianBeautyTalks,1nftt98,Which Toner?,NoshitSherlock68,1,0,https://reddit.com/r/IndianBeautyTalks/comments/1nftt98/which_toner/,1757758214
2025-09-13,laneige,laneige,IndianBeautyTalks,1nfooah,Influence or de infulence me for that laneige mask getting it in 350 rupees,Future_Software_5544,1,7,https://reddit.com/r/IndianBeautyTalks/comments/1nfooah/influence_or_de_infulence_me_for_that_laneige/,1757739174
2025-09-10,laneige,laneige,IndianBeautyTalks,1ndjfp0,What is up with the mass laneige decluttering?,thetorturedpoetsss,46,15,https://reddit.com/r/IndianBeautyTalks/comments/1ndjfp0/what_is_up_with_the_mass_laneige_decluttering/,1757522661
2025-09-09,laneige,laneige,IndianBeautyTalks,1ncqq4k,Laneige matcha lip balm saga I did not sign up for 😭👀,jehunix,150,31,https://reddit.com/r/IndianBeautyTalks/comments/1ncqq4k/laneige_matcha_lip_balm_saga_i_did_not_sign_up_for/,1757442208
2025-09-12,laneige,laneige,MakeupAddiction,1nf9hjz,Anybody else love listing out their products?,Analog_Indexing,36,14,https://reddit.com/r/MakeupAddiction/comments/1nf9hjz/anybody_else_love_listing_out_their_products/,1757698421
2025-09-11,laneige,laneige,MakeupAddiction,1nedb94,Fav look lately! :),Extension_Drama_8590,1714,70,https://reddit.com/r/MakeupAddiction/comments/1nedb94/fav_look_lately/,1757607972
2025-09-14,laneige,laneige,SkincareAddicts,1nh3cvm,Routine help pls!!,mbrlc27,1,0,https://reddit.com/r/SkincareAddicts/comments/1nh3cvm/routine_help_pls/,1757885039
2025-09-14,laneige,laneige,SkincareAddicts,1ngyouf,Hopeless at a routine,CoverPrior1611,1,0,https://reddit.com/r/SkincareAddicts/comments/1ngyouf/hopeless_at_a_routine/,1757874106
2025-09-14,laneige,laneige,IndianBeautyBazaar,1ngs0s7,Decluttering,axzlo,3,5,https://reddit.com/r/IndianBeautyBazaar/comments/1ngs0s7/decluttering/,1757858342
2025-09-12,laneige,laneige,IndianBeautyBazaar,1nf4urg,Declutter,axzlo,4,3,https://reddit.com/r/IndianBeautyBazaar/comments/1nf4urg/declutter/,1757687589
2025-09-12,laneige,laneige,IndianBeautyBazaar,1nf02om,Decluttering Brand New Laneige lip mask,picodegalieo,0,3,https://reddit.com/r/IndianBeautyBazaar/comments/1nf02om/decluttering_brand_new_laneige_lip_mask/,1757674638
2025-09-10,laneige,laneige,IndianBeautyBazaar,1nd3gkx,Decluttering new items,oursecretdiary,1,1,https://reddit.com/r/IndianBeautyBazaar/comments/1nd3gkx/decluttering_new_items/,1757474317
2025-09-15,laneige,laneige,SkincareAddictionLux,1nhvdzg,Best way to prevent getting clogged pores,AbbreviationsHot8694,1,5,https://reddit.com/r/SkincareAddictionLux/comments/1nhvdzg/best_way_to_prevent_getting_clogged_pores/,1757964179
2025-09-09,iope,iope,AsianBeauty,1nc758q,[News] Notable New Olive Young Online Launches & Brand Updates (July - 1st week of September),dataa_specialist,34,10,https://reddit.com/r/AsianBeauty/comments/1nc758q/news_notable_new_olive_young_online_launches/,1757384677
2025-09-15,iope,iope,koreanskincare,1nh92zb,Another top skincare from a real Korean living in Korea (37m),Key_Ad6205,173,18,https://reddit.com/r/koreanskincare/comments/1nh92zb/another_top_skincare_from_a_real_korean_living_in/,1757900510
2025-09-13,cosrx,cosrx,AsianBeauty,1ng83hq,TJMAXX Haul/Review,blueaqua_12,333,30,https://reddit.com/r/AsianBeauty/comments/1ng83hq/tjmaxx_haulreview/,1757795830
2025-09-15,cosrx,cosrx,koreanskincare,1nhfogl,My saving grace after my first chemical peel,kesun,7,2,https://reddit.com/r/koreanskincare/comments/1nhfogl/my_saving_grace_after_my_first_chemical_peel/,1757922487
2025-09-14,cosrx,cosrx,koreanskincare,1ngdze3,Asian gommage peelings with cellulose: 7 products review,Excellent-Sort236,7,2,https://reddit.com/r/koreanskincare/comments/1ngdze3/asian_gommage_peelings_with_cellulose_7_products/,1757811950
2025-09-13,cosrx,cosrx,koreanskincare,1ngb8n1,"Anti-aging, serum+moisturiser +primer+spf50 - does it exist???",Temporary-Quality28,0,2,https://reddit.com/r/koreanskincare/comments/1ngb8n1/antiaging_serummoisturiser_primerspf50_does_it/,1757804089
2025-09-12,cosrx,cosrx,koreanskincare,1nfe18c,"Newbie at Korean skincare, need suggestions",Bleeding_Star,4,5,https://reddit.com/r/koreanskincare/comments/1nfe18c/newbie_at_korean_skincare_need_suggestions/,1757709180
2025-09-12,cosrx,cosrx,koreanskincare,1nfamkg,New skin care routine: approved or nah?,Bright_Ad2864,0,0,https://reddit.com/r/koreanskincare/comments/1nfamkg/new_skin_care_routine_approved_or_nah/,1757701109
2025-09-12,cosrx,cosrx,koreanskincare,1nezs23,product recommendations for dry & sensitive skin,whuelisa,2,23,https://reddit.com/r/koreanskincare/comments/1nezs23/product_recommendations_for_dry_sensitive_skin/,1757673619
2025-09-12,cosrx,cosrx,koreanskincare,1nezc3y,Need to find the right toner for me,rahhzzz-,37,39,https://reddit.com/r/koreanskincare/comments/1nezc3y/need_to_find_the_right_toner_for_me/,1757672034
2025-09-11,cosrx,cosrx,koreanskincare,1neocsc,Judge my skincare!,accs19,27,10,https://reddit.com/r/koreanskincare/comments/1neocsc/judge_my_skincare/,1757634619
2025-09-11,cosrx,cosrx,koreanskincare,1neldmh,COSRX Vitamin C smell???,Valetinadream28,1,7,https://reddit.com/r/koreanskincare/comments/1neldmh/cosrx_vitamin_c_smell/,1757626657
2025-09-11,cosrx,cosrx,koreanskincare,1neg4xh,Suggest some good Korean cleanser and moisturizer for oily acne prone skin.,rahulsharma321,1,13,https://reddit.com/r/koreanskincare/comments/1neg4xh/suggest_some_good_korean_cleanser_and_moisturizer/,1757614366
2025-09-10,cosrx,cosrx,koreanskincare,1ndojbn,DEINFLUENCE OR INFLUENCE MY SKINCARE WISHLIST,Weak-Piccolo5609,5,5,https://reddit.com/r/koreanskincare/comments/1ndojbn/deinfluence_or_influence_my_skincare_wishlist/,1757534098
2025-09-10,cosrx,cosrx,koreanskincare,1nd9xxx,New to Korean skincare and needing routine advice,FormalIndependent928,2,5,https://reddit.com/r/koreanskincare/comments/1nd9xxx/new_to_korean_skincare_and_needing_routine_advice/,1757498145
2025-09-09,cosrx,cosrx,koreanskincare,1ncgzq5,What should I bring back from South Korea?,sae_steve11,11,4,https://reddit.com/r/koreanskincare/comments/1ncgzq5/what_should_i_bring_back_from_south_korea/,1757419372
2025-09-09,cosrx,cosrx,koreanskincare,1ncexyf,"Confused about which K-beauty brands are truly popular in Korea + routine/product advice (27M, UK)",kamilo998,7,17,https://reddit.com/r/koreanskincare/comments/1ncexyf/confused_about_which_kbeauty_brands_are_truly/,1757412728
2025-09-09,cosrx,cosrx,koreanskincare,1ncajq8,How to use these products on a daily basis?,EzraStaz,17,5,https://reddit.com/r/koreanskincare/comments/1ncajq8/how_to_use_these_products_on_a_daily_basis/,1757395556
2025-09-09,cosrx,cosrx,koreanskincare,1nc8rit,Do these patches really work ?,NeedGoodSkin,34,32,https://reddit.com/r/koreanskincare/comments/1nc8rit/do_these_patches_really_work/,1757389592
2025-09-09,cosrx,cosrx,koreanskincare,1nc60h9,Help with routine,SnooChickens4376,2,8,https://reddit.com/r/koreanskincare/comments/1nc60h9/help_with_routine/,1757381438
2025-09-15,cosrx,cosrx,KoreanBeauty,1nhq9c3,Seoul Olive Young Eczema,Delicious-salad29,1,4,https://reddit.com/r/KoreanBeauty/comments/1nhq9c3/seoul_olive_young_eczema/,1757952922
2025-09-14,cosrx,cosrx,KoreanBeauty,1ngsnv0,Products checking,Key-Check-2182,0,2,https://reddit.com/r/KoreanBeauty/comments/1ngsnv0/products_checking/,1757859968
2025-09-14,cosrx,cosrx,KoreanBeauty,1ngsddd,Tips for first visit to South Korea,amaltia,2,7,https://reddit.com/r/KoreanBeauty/comments/1ngsddd/tips_for_first_visit_to_south_korea/,1757859244
2025-09-14,cosrx,cosrx,KoreanBeauty,1ngofox,Korean skincare,Key-Check-2182,5,23,https://reddit.com/r/KoreanBeauty/comments/1ngofox/korean_skincare/,1757847877
2025-09-14,cosrx,cosrx,KoreanBeauty,1ngdzi2,Asian gommage peelings with cellulose: 7 products review,Excellent-Sort236,2,1,https://reddit.com/r/KoreanBeauty/comments/1ngdzi2/asian_gommage_peelings_with_cellulose_7_products/,1757811959
2025-09-14,cosrx,cosrx,KoreanBeauty,1ngco9x,"Would like product help for sensitive, reactive skin",evoneselse,1,16,https://reddit.com/r/KoreanBeauty/comments/1ngco9x/would_like_product_help_for_sensitive_reactive/,1757808078
2025-09-13,cosrx,cosrx,KoreanBeauty,1nflur2,AHA/BHA gentle daily or higher strength weekly?,goodfornow2,3,13,https://reddit.com/r/KoreanBeauty/comments/1nflur2/ahabha_gentle_daily_or_higher_strength_weekly/,1757730087
2025-09-12,cosrx,cosrx,KoreanBeauty,1nfe97y,"Newbie at Korean skincare, need suggestions",Bleeding_Star,1,3,https://reddit.com/r/KoreanBeauty/comments/1nfe97y/newbie_at_korean_skincare_need_suggestions/,1757709716
2025-09-11,cosrx,cosrx,KoreanBeauty,1ne06di,Helloo ! First time in Seoul and wanted to ask for some make up / skin care recommendations ?,ehhlara,2,3,https://reddit.com/r/KoreanBeauty/comments/1ne06di/helloo_first_time_in_seoul_and_wanted_to_ask_for/,1757567119
2025-09-10,cosrx,cosrx,KoreanBeauty,1nds0lk,Routine Opinions + Possible Purchases,Psyco_Student,1,1,https://reddit.com/r/KoreanBeauty/comments/1nds0lk/routine_opinions_possible_purchases/,1757542708
2025-09-09,cosrx,cosrx,KoreanBeauty,1ncra89,Need help building a routine!! Products and current routine in caption,Alarmed_Elevator2747,2,1,https://reddit.com/r/KoreanBeauty/comments/1ncra89/need_help_building_a_routine_products_and_current/,1757443441
2025-09-15,cosrx,cosrx,SkincareAddiction,1nhxora,"[Product Request] Very dry, tight, flaky skin! Help!",Adventurous_Bit1919,1,1,https://reddit.com/r/SkincareAddiction/comments/1nhxora/product_request_very_dry_tight_flaky_skin_help/,1757969262
2025-09-15,cosrx,cosrx,SkincareAddiction,1nhtvvg,"[Product Question] New to skincare,NEED HELP",FamiliarBit_223,1,2,https://reddit.com/r/SkincareAddiction/comments/1nhtvvg/product_question_new_to_skincareneed_help/,1757960887
2025-09-15,cosrx,cosrx,SkincareAddiction,1nhkrvs,[Product Request] Moisturizer help,casakiwi,2,2,https://reddit.com/r/SkincareAddiction/comments/1nhkrvs/product_request_moisturizer_help/,1757940157
2025-09-15,cosrx,cosrx,SkincareAddiction,1nhao26,Snail mucin after sunburn? [Sun Care],lizerlfunk,1,2,https://reddit.com/r/SkincareAddiction/comments/1nhao26/snail_mucin_after_sunburn_sun_care/,1757905146
2025-09-14,cosrx,cosrx,SkincareAddiction,1nh35od,[Acne] Need advice!,Maddington05,1,1,https://reddit.com/r/SkincareAddiction/comments/1nh35od/acne_need_advice/,1757884565
2025-09-14,cosrx,cosrx,SkincareAddiction,1ngoyjc,[Routine help] I just started using tazarotene. Is my routine fine?,moonlight_shadow_35,1,2,https://reddit.com/r/SkincareAddiction/comments/1ngoyjc/routine_help_i_just_started_using_tazarotene_is/,1757849616
2025-09-13,cosrx,cosrx,SkincareAddiction,1ng2qh6,[product request] are there any exfoliating toners that are gentle enough for daily use?,anonymous-melancholy,1,6,https://reddit.com/r/SkincareAddiction/comments/1ng2qh6/product_request_are_there_any_exfoliating_toners/,1757782961
2025-09-13,cosrx,cosrx,SkincareAddiction,1nfznio,[routine help] bumps and acne,nightbl00ms,2,1,https://reddit.com/r/SkincareAddiction/comments/1nfznio/routine_help_bumps_and_acne/,1757775609
2025-09-12,cosrx,cosrx,SkincareAddiction,1nfdgok,[Routine Help] Need a good face wash while on Tret + New PDRN,strawberryoftheindie,1,1,https://reddit.com/r/SkincareAddiction/comments/1nfdgok/routine_help_need_a_good_face_wash_while_on_tret/,1757707832
2025-09-12,cosrx,cosrx,SkincareAddiction,1nf7ft9,[Routine Help] Moved to dryer climate struggling with my skin,urfreelo,3,3,https://reddit.com/r/SkincareAddiction/comments/1nf7ft9/routine_help_moved_to_dryer_climate_struggling/,1757693637
2025-09-12,cosrx,cosrx,SkincareAddiction,1nettbk,[Routine Help] First Serious Skincare Routine – Want Feedback & Tips (25M Black),Commercial_Dealer365,1,5,https://reddit.com/r/SkincareAddiction/comments/1nettbk/routine_help_first_serious_skincare_routine_want/,1757651077
2025-09-12,cosrx,cosrx,SkincareAddiction,1neq1nm,"[routine help] Redness, texture, pigmentation (28F)",porkdumpling_,2,2,https://reddit.com/r/SkincareAddiction/comments/1neq1nm/routine_help_redness_texture_pigmentation_28f/,1757639499
2025-09-11,cosrx,cosrx,SkincareAddiction,1ndwx3k,[Routine Help] Where do I put Differin in this order of products for my night routine?,Givemechlorophil,1,1,https://reddit.com/r/SkincareAddiction/comments/1ndwx3k/routine_help_where_do_i_put_differin_in_this/,1757556619
2025-09-10,cosrx,cosrx,SkincareAddiction,1ndnmxf,[Acne]Nothing has fully worked,bloodynose333,1,1,https://reddit.com/r/SkincareAddiction/comments/1ndnmxf/acnenothing_has_fully_worked/,1757531976
2025-09-10,cosrx,cosrx,SkincareAddiction,1ndfqyy,[Acne] Struggling with acne for years,Accomplished-Bag665,3,5,https://reddit.com/r/SkincareAddiction/comments/1ndfqyy/acne_struggling_with_acne_for_years/,1757514538
2025-09-09,cosrx,cosrx,SkincareAddiction,1ncvw30,[Routine Help] Congested Skin,Plus-Cost-4785,2,5,https://reddit.com/r/SkincareAddiction/comments/1ncvw30/routine_help_congested_skin/,1757453747
2025-09-09,cosrx,cosrx,SkincareAddiction,1ncrz1s,[routine help] what order do I use these in?,aketogirl,1,2,https://reddit.com/r/SkincareAddiction/comments/1ncrz1s/routine_help_what_order_do_i_use_these_in/,1757444935
2025-09-09,cosrx,cosrx,SkincareAddiction,1nc8upu,[acne] 3 month difference,DragonfruitGreen7570,127,21,https://reddit.com/r/SkincareAddiction/comments/1nc8upu/acne_3_month_difference/,1757389873
2025-09-13,cosrx,cosrx,IndianBeautyDeclutter,1nfrmo9,Selling,Apart-Peach-4337,0,6,https://reddit.com/r/IndianBeautyDeclutter/comments/1nfrmo9/selling/,1757749798
2025-09-12,cosrx,cosrx,IndianBeautyDeclutter,1nf3gke,"Decluttering some new, some used products 🫰🏻",OkChain2088,12,9,https://reddit.com/r/IndianBeautyDeclutter/comments/1nf3gke/decluttering_some_new_some_used_products/,1757684204
2025-09-12,cosrx,cosrx,IndianBeautyDeclutter,1nf36w6,ISO | COSRX The 6 Peptide Skin Booster Serum,sugarrmommyy69,1,1,https://reddit.com/r/IndianBeautyDeclutter/comments/1nf36w6/iso_cosrx_the_6_peptide_skin_booster_serum/,1757683536
2025-09-11,cosrx,cosrx,IndianBeautyDeclutter,1nentt6,ISO: Corsx Master patch clear fit,MysteriousFrame_07,3,4,https://reddit.com/r/IndianBeautyDeclutter/comments/1nentt6/iso_corsx_master_patch_clear_fit/,1757633094
2025-09-11,cosrx,cosrx,IndianBeautyDeclutter,1nedb9v,ISO - used or unused,indecisive_salad,2,1,https://reddit.com/r/IndianBeautyDeclutter/comments/1nedb9v/iso_used_or_unused/,1757607974
2025-09-10,cosrx,cosrx,IndianBeautyDeclutter,1nd2mee,ISO kbeauty products,throwaway370521,0,6,https://reddit.com/r/IndianBeautyDeclutter/comments/1nd2mee/iso_kbeauty_products/,1757471843
2025-09-11,cosrx,cosrx,30PlusSkinCare,1nejh95,What are these bright spots in my face that become way more noticeable with makeup?,Tjaames,16,29,https://reddit.com/r/30PlusSkinCare/comments/1nejh95/what_are_these_bright_spots_in_my_face_that/,1757622085
2025-09-11,cosrx,cosrx,30PlusSkinCare,1nej7ph,"30F, looking for skincare recs as someone with forehead lines, marionette lines, and (recently) perioral dermatitis",Low-Stick-2958,5,18,https://reddit.com/r/30PlusSkinCare/comments/1nej7ph/30f_looking_for_skincare_recs_as_someone_with/,1757621479
2025-09-09,cosrx,cosrx,30PlusSkinCare,1nctk9w,34yo male needs help with korean products,medeeiros,4,3,https://reddit.com/r/30PlusSkinCare/comments/1nctk9w/34yo_male_needs_help_with_korean_products/,1757448389
2025-09-09,cosrx,cosrx,30PlusSkinCare,1nckhts,What skincare should I bring home from South Korea?,sae_steve11,3,8,https://reddit.com/r/30PlusSkinCare/comments/1nckhts/what_skincare_should_i_bring_home_from_south_korea/,1757428234
2025-09-12,cosrx,cosrx,skincareexchange,1nerq0v,[SELL][US] The Ordinary Skin Car set + Advanced Snail 92 Cosrx,catticcusmaximus,1,0,https://reddit.com/r/skincareexchange/comments/1nerq0v/sellus_the_ordinary_skin_car_set_advanced_snail/,1757644498
2025-09-15,cosrx,cosrx,referralcodes,1nhkscb,Save 10% on YesStyle Orders – Latest Coupon + Best K-Beauty Picks,swueemie,1,0,https://reddit.com/r/referralcodes/comments/1nhkscb/save_10_on_yesstyle_orders_latest_coupon_best/,1757940192
2025-09-13,cosrx,cosrx,referralcodes,1nfj5t1,Yesstyle freebies + sale + reward code 3R3693,caliidreaming,1,1,https://reddit.com/r/referralcodes/comments/1nfj5t1/yesstyle_freebies_sale_reward_code_3r3693/,1757722171
2025-09-11,cosrx,cosrx,referralcodes,1ndv6cd,Yesstyle freebies + sale + reward code 3R3693,caliidreaming,1,1,https://reddit.com/r/referralcodes/comments/1ndv6cd/yesstyle_freebies_sale_reward_code_3r3693/,1757551455
2025-09-09,cosrx,cosrx,referralcodes,1nc4916,Yesstyle freebies + sale + reward code 3R3693,caliidreaming,1,1,https://reddit.com/r/referralcodes/comments/1nc4916/yesstyle_freebies_sale_reward_code_3r3693/,1757376551
2025-09-15,cosrx,cosrx,kbeauty,1nhbn8m,Moisturiser that works well as a primer,Physical-Spring7146,2,3,https://reddit.com/r/kbeauty/comments/1nhbn8m/moisturiser_that_works_well_as_a_primer/,1757908122
2025-09-14,cosrx,cosrx,kbeauty,1ngqwxa,marketing to the US and finding korean influencers,minimariachi,4,2,https://reddit.com/r/kbeauty/comments/1ngqwxa/marketing_to_the_us_and_finding_korean_influencers/,1757855414
2025-09-10,cosrx,cosrx,kbeauty,1ndpm2x,DEINFLUENCE or INFLUENCE,Weak-Piccolo5609,8,25,https://reddit.com/r/kbeauty/comments/1ndpm2x/deinfluence_or_influence/,1757536689
2025-09-09,cosrx,cosrx,kbeauty,1ncezmo,Confused which K-beauty brands are popular in Korea+routine/product advice,kamilo998,0,6,https://reddit.com/r/kbeauty/comments/1ncezmo/confused_which_kbeauty_brands_are_popular_in/,1757412897
2025-09-14,cosrx,cosrx,indianbeautyhauls,1ngwdrj,just about everything that i use.,Upstairs-Ad7387,51,55,https://reddit.com/r/indianbeautyhauls/comments/1ngwdrj/just_about_everything_that_i_use/,1757868785
2025-09-13,cosrx,cosrx,indianbeautyhauls,1nfnpht,I finally have a bathroom cabinet for my skincare!!,Whatup-Buttercup,124,46,https://reddit.com/r/indianbeautyhauls/comments/1nfnpht/i_finally_have_a_bathroom_cabinet_for_my_skincare/,1757735930
2025-09-09,cosrx,cosrx,indianbeautyhauls,1nclmiw,My Skincare & Lippie Haul (Aug-Sept) 💋🫶🏻,Moonchild1412,56,18,https://reddit.com/r/indianbeautyhauls/comments/1nclmiw/my_skincare_lippie_haul_augsept/,1757430820
2025-09-14,cosrx,cosrx,tretinoin,1ngowax,Just started tazarotene. Is my routine fine?,moonlight_shadow_35,2,5,https://reddit.com/r/tretinoin/comments/1ngowax/just_started_tazarotene_is_my_routine_fine/,1757849417
2025-09-12,cosrx,cosrx,tretinoin,1nfddck,Alternative to Panoxyl face wash while on Tret,strawberryoftheindie,1,2,https://reddit.com/r/tretinoin/comments/1nfddck/alternative_to_panoxyl_face_wash_while_on_tret/,1757707615
2025-09-09,cosrx,cosrx,tretinoin,1nc90s4,6 month progress,Star_Dust_07_18,58,1,https://reddit.com/r/tretinoin/comments/1nc90s4/6_month_progress/,1757390410
2025-09-09,cosrx,cosrx,tretinoin,1nc4wt2,Rate My Routine,NoDepthPerception85,1,6,https://reddit.com/r/tretinoin/comments/1nc4wt2/rate_my_routine/,1757378356
2025-09-09,cosrx,cosrx,PanPorn,1nc5443,Empties,vitana_,92,3,https://reddit.com/r/PanPorn/comments/1nc5443/empties/,1757378918
2025-09-12,cosrx,cosrx,IndianBeautyTalks,1nesc3i,"ajio sale - i got cosrx, the face shop & kiro for half price 💃",screwu2020,9,0,https://reddit.com/r/IndianBeautyTalks/comments/1nesc3i/ajio_sale_i_got_cosrx_the_face_shop_kiro_for_half/,1757646346
2025-09-10,cosrx,cosrx,IndianBeautyTalks,1nd98aa,"All that is working for my dry skin, two being dermatologist  prescriptions.",LiteraryTravels,40,36,https://reddit.com/r/IndianBeautyTalks/comments/1nd98aa/all_that_is_working_for_my_dry_skin_two_being/,1757495388
2025-09-15,cosrx,cosrx,MakeupAddiction,1nhr0hn,wedding make-up help,olaugh_alot,199,22,https://reddit.com/r/MakeupAddiction/comments/1nhr0hn/wedding_makeup_help/,1757954610
2025-09-13,cosrx,cosrx,YesstyleCodesSharing,1nfj5ps,Yesstyle freebies + sale + reward code 3R3693,caliidreaming,1,2,https://reddit.com/r/YesstyleCodesSharing/comments/1nfj5ps/yesstyle_freebies_sale_reward_code_3r3693/,1757722163
2025-09-11,cosrx,cosrx,YesstyleCodesSharing,1ndv6a6,Yesstyle freebies + sale + reward code 3R3693,caliidreaming,2,2,https://reddit.com/r/YesstyleCodesSharing/comments/1ndv6a6/yesstyle_freebies_sale_reward_code_3r3693/,1757551450
2025-09-14,cosrx,cosrx,SkincareAddicts,1nh32a8,Help! Need product recommendations,Maddington05,2,0,https://reddit.com/r/SkincareAddicts/comments/1nh32a8/help_need_product_recommendations/,1757884343
2025-09-10,cosrx,cosrx,SkincareAddicts,1ndnm92,[Acne] Nothing has fully worked,bloodynose333,1,4,https://reddit.com/r/SkincareAddicts/comments/1ndnm92/acne_nothing_has_fully_worked/,1757531933
2025-09-13,cosrx,cosrx,IndianBeautyBazaar,1nfssxj,Selling,Apart-Peach-4337,5,3,https://reddit.com/r/IndianBeautyBazaar/comments/1nfssxj/selling/,1757754340
2025-09-11,cosrx,cosrx,IndianBeautyBazaar,1nea9fn,"Selling Cosrx, minimalist and derma co",South_Service7702,5,4,https://reddit.com/r/IndianBeautyBazaar/comments/1nea9fn/selling_cosrx_minimalist_and_derma_co/,1757600871
2025-09-15,cosrx,cosrx,SkincareAddictionLux,1nhvdzg,Best way to prevent getting clogged pores,AbbreviationsHot8694,1,5,https://reddit.com/r/SkincareAddictionLux/comments/1nhvdzg/best_way_to_prevent_getting_clogged_pores/,1757964179
2025-09-10,cosrx,cosrx,SkincareAddictionLux,1nddv3o,My new routine. To neck or not to neck- that is the question?!,Pale-Appointment5626,8,25,https://reddit.com/r/SkincareAddictionLux/comments/1nddv3o/my_new_routine_to_neck_or_not_to_neck_that_is_the/,1757509987
2025-09-15,real barrier,real barrier,AsianBeauty,1nhdxfn,[News] Notable New Olive Young Online Launches & Brand Updates 2nd week of September,dataa_specialist,28,0,https://reddit.com/r/AsianBeauty/comments/1nhdxfn/news_notable_new_olive_young_online_launches/,1757915911
2025-09-10,real barrier,real barrier,koreanskincare,1nd1hl7,Routine?,yayahoeshutup,6,0,https://reddit.com/r/koreanskincare/comments/1nd1hl7/routine/,1757468569
2025-09-14,real barrier,real barrier,KoreanBeauty,1ngijgt,Real Barrier Extreme Cream original/ light or AESTURA Atobarrier 365 Hydro Soothing Cream,Gloomy-Complex-7618,1,2,https://reddit.com/r/KoreanBeauty/comments/1ngijgt/real_barrier_extreme_cream_original_light_or/,1757826527
2025-09-12,real barrier,real barrier,SkincareAddiction,1nettbk,[Routine Help] First Serious Skincare Routine – Want Feedback & Tips (25M Black),Commercial_Dealer365,1,5,https://reddit.com/r/SkincareAddiction/comments/1nettbk/routine_help_first_serious_skincare_routine_want/,1757651077
2025-09-11,real barrier,real barrier,30PlusSkinCare,1nedcle,Dore Peptides Bouclier Intégral Barrier Boost Essence - what is it supposed to do?,Nemanuk,1,0,https://reddit.com/r/30PlusSkinCare/comments/1nedcle/dore_peptides_bouclier_intégral_barrier_boost/,1757608060
2025-09-14,real barrier,real barrier,kbeauty,1ngids4,Real Barrier Extreme Cream or AESTURA Atobarrier 365 Hydro Soothing Cream,Gloomy-Complex-7618,5,13,https://reddit.com/r/kbeauty/comments/1ngids4/real_barrier_extreme_cream_or_aestura_atobarrier/,1757825973
2025-09-13,real barrier,real barrier,indianbeautyhauls,1nfynef,Nykaa birthday month haul!,Asleep_Sentence_1329,22,14,https://reddit.com/r/indianbeautyhauls/comments/1nfynef/nykaa_birthday_month_haul/,1757773109
2025-09-15,rom&nd,rom&nd,AsianBeauty,1nhum6y,"VOTING EVENT! Next up, Colorgram 🌟",lazarusprojects,110,24,https://reddit.com/r/AsianBeauty/comments/1nhum6y/voting_event_next_up_colorgram/,1757962498
2025-09-14,rom&nd,rom&nd,AsianBeauty,1ngcxpl,"VOTING EVENT! Next up, Etude! 🧸",lazarusprojects,354,42,https://reddit.com/r/AsianBeauty/comments/1ngcxpl/voting_event_next_up_etude/,1757808838
2025-09-12,rom&nd,rom&nd,AsianBeauty,1nfhxuf,New Rom&nd Glasting Color Gloss in Shade 14 Muige,niemandsmaedchen,985,59,https://reddit.com/r/AsianBeauty/comments/1nfhxuf/new_romnd_glasting_color_gloss_in_shade_14_muige/,1757718779
2025-09-12,rom&nd,rom&nd,AsianBeauty,1nf7bpy,"Am I going mad, or did 3CE discontinue their Syrup Layering Tints? Are there any alternatives with no weird smell/taste?",NemotheChibi,7,6,https://reddit.com/r/AsianBeauty/comments/1nf7bpy/am_i_going_mad_or_did_3ce_discontinue_their_syrup/,1757693370
2025-09-11,rom&nd,rom&nd,AsianBeauty,1nekaa1,"VOTING EVENT! Next up, too cool for school! ✏️",lazarusprojects,192,19,https://reddit.com/r/AsianBeauty/comments/1nekaa1/voting_event_next_up_too_cool_for_school/,1757623978
2025-09-11,rom&nd,rom&nd,AsianBeauty,1neemqi,Random swatches,Aprilume,36,7,https://reddit.com/r/AsianBeauty/comments/1neemqi/random_swatches/,1757610954
2025-09-10,rom&nd,rom&nd,AsianBeauty,1ndq6ue,"VOTING EVENT! Next up, Judydoll 🧸",lazarusprojects,291,33,https://reddit.com/r/AsianBeauty/comments/1ndq6ue/voting_event_next_up_judydoll/,1757538085
2025-09-09,rom&nd,rom&nd,AsianBeauty,1ncwptc,"VOTING EVENT! Next up, Peripera! 🎀",lazarusprojects,291,43,https://reddit.com/r/AsianBeauty/comments/1ncwptc/voting_event_next_up_peripera/,1757455775
2025-09-12,rom&nd,rom&nd,IndianBeautyDeclutter,1newggx,Take all for 1.3k free ship,Correct_Pick6476,7,8,https://reddit.com/r/IndianBeautyDeclutter/comments/1newggx/take_all_for_13k_free_ship/,1757660782
2025-09-09,rom&nd,rom&nd,IndianBeautyDeclutter,1ncgl0c,Rom&nd,PlanktonNo6493,1,2,https://reddit.com/r/IndianBeautyDeclutter/comments/1ncgl0c/romnd/,1757418190
2025-09-15,rom&nd,rom&nd,referralcodes,1nhkscb,Save 10% on YesStyle Orders – Latest Coupon + Best K-Beauty Picks,swueemie,1,0,https://reddit.com/r/referralcodes/comments/1nhkscb/save_10_on_yesstyle_orders_latest_coupon_best/,1757940192
2025-09-13,rom&nd,rom&nd,indianbeautyhauls,1nftzn0,Lip products I tried this month + swatches,10019ahxj,88,24,https://reddit.com/r/indianbeautyhauls/comments/1nftzn0/lip_products_i_tried_this_month_swatches/,1757758863
2025-09-15,rom&nd,rom&nd,IndianBeautyTalks,1nhpm8q,Please swatch other Rom&nd Zero Velvet tints for me? (Preferably against the shade Villain Vest if you have it please!!),neekehehe,4,4,https://reddit.com/r/IndianBeautyTalks/comments/1nhpm8q/please_swatch_other_romnd_zero_velvet_tints_for/,1757951503
2025-09-15,rom&nd,rom&nd,IndianBeautyTalks,1nhpa3m,Swatches for Rom&nd Blur Fudge Tint?,AdvertisingOwn8294,4,0,https://reddit.com/r/IndianBeautyTalks/comments/1nhpa3m/swatches_for_romnd_blur_fudge_tint/,1757950766
2025-09-14,rom&nd,rom&nd,IndianBeautyTalks,1ngy7xl,Split w me,That_Excitement_3253,2,3,https://reddit.com/r/IndianBeautyTalks/comments/1ngy7xl/split_w_me/,1757872998
2025-09-13,rom&nd,rom&nd,IndianBeautyTalks,1nfzzos,Help me pick out a brown tint lip balm🫶🏼,slothcake155,3,7,https://reddit.com/r/IndianBeautyTalks/comments/1nfzzos/help_me_pick_out_a_brown_tint_lip_balm/,1757776406
2025-09-10,rom&nd,rom&nd,IndianBeautyTalks,1nd5j7o,"I want to buy some Rom&nd lip products. If anyone has used them, please suggest the best ones.",Rough_Citron4310,7,15,https://reddit.com/r/IndianBeautyTalks/comments/1nd5j7o/i_want_to_buy_some_romnd_lip_products_if_anyone/,1757481092
2025-09-15,rom&nd,rom&nd,MakeupAddiction,1nhmuhd,Balm Stain reco,ThinMusician9170,1,1,https://reddit.com/r/MakeupAddiction/comments/1nhmuhd/balm_stain_reco/,1757945264
2025-09-13,rom&nd,rom&nd,MakeupAddiction,1ng9jgq,Silky ribbon vs vine nude,No-Net-2961,1,1,https://reddit.com/r/MakeupAddiction/comments/1ng9jgq/silky_ribbon_vs_vine_nude/,1757799607
2025-09-10,rom&nd,rom&nd,MakeupAddiction,1ndbic3,Looking for a lip tint similar to Nude Honey,ajmna,1,2,https://reddit.com/r/MakeupAddiction/comments/1ndbic3/looking_for_a_lip_tint_similar_to_nude_honey/,1757503446
2025-09-15,rom&nd,rom&nd,SkincareAddicts,1nhmttm,Lip Balm Stain Reco,ThinMusician9170,1,0,https://reddit.com/r/SkincareAddicts/comments/1nhmttm/lip_balm_stain_reco/,1757945225
2025-09-14,rom&nd,rom&nd,IndianBeautyBazaar,1nglgux,Decluttering,meowmer97,0,4,https://reddit.com/r/IndianBeautyBazaar/comments/1nglgux/decluttering/,1757837071
2025-09-13,botulax,botulax,DIYaesthetics,1nfyhko,First time tox tips,Evening-Ad5851,15,23,https://reddit.com/r/DIYaesthetics/comments/1nfyhko/first_time_tox_tips/,1757772695
2025-09-14,tonymoly,tonymoly,koreanskincare,1ngdze3,Asian gommage peelings with cellulose: 7 products review,Excellent-Sort236,7,2,https://reddit.com/r/koreanskincare/comments/1ngdze3/asian_gommage_peelings_with_cellulose_7_products/,1757811950
2025-09-12,tonymoly,tonymoly,koreanskincare,1nfe18c,"Newbie at Korean skincare, need suggestions",Bleeding_Star,5,5,https://reddit.com/r/koreanskincare/comments/1nfe18c/newbie_at_korean_skincare_need_suggestions/,1757709180
2025-09-14,tonymoly,tonymoly,KoreanBeauty,1ngdzi2,Asian gommage peelings with cellulose: 7 products review,Excellent-Sort236,2,1,https://reddit.com/r/KoreanBeauty/comments/1ngdzi2/asian_gommage_peelings_with_cellulose_7_products/,1757811959
2025-09-12,tonymoly,tonymoly,KoreanBeauty,1nfe97y,"Newbie at Korean skincare, need suggestions",Bleeding_Star,1,3,https://reddit.com/r/KoreanBeauty/comments/1nfe97y/newbie_at_korean_skincare_need_suggestions/,1757709716
2025-09-12,tonymoly,tonymoly,SkincareAddiction,1nf69ou,[Routine Help]	Predominantly about troubleshooting a routine or starting one,grave_spook,1,6,https://reddit.com/r/SkincareAddiction/comments/1nf69ou/routine_help_predominantly_about_troubleshooting/,1757690931
2025-09-13,tonymoly,tonymoly,IndianBeautyDeclutter,1ng2ho4,iso tonymoly mochi toner,Objective_Wasabi_975,0,1,https://reddit.com/r/IndianBeautyDeclutter/comments/1ng2ho4/iso_tonymoly_mochi_toner/,1757782391
2025-09-13,tonymoly,tonymoly,indianbeautyhauls,1nfut5x,Glazed donut skincare routine 🎀,highMaintenanceCher,149,79,https://reddit.com/r/indianbeautyhauls/comments/1nfut5x/glazed_donut_skincare_routine/,1757761829
2025-09-13,tonymoly,tonymoly,indianbeautyhauls,1nfnpht,I finally have a bathroom cabinet for my skincare!!,Whatup-Buttercup,125,46,https://reddit.com/r/indianbeautyhauls/comments/1nfnpht/i_finally_have_a_bathroom_cabinet_for_my_skincare/,1757735930
2025-09-11,tonymoly,tonymoly,IndianBeautyTalks,1ndweum,Tonymoly changed the ceramide mochi toner🤦🏻‍♀️,waiting_to_get_rich,77,23,https://reddit.com/r/IndianBeautyTalks/comments/1ndweum/tonymoly_changed_the_ceramide_mochi_toner/,1757555097
2025-09-09,tonymoly,tonymoly,IndianBeautyTalks,1ncdlas,Upgrade from vaseline to deconstruct sunscreen + reviews,Over_Comfortable_358,3,0,https://reddit.com/r/IndianBeautyTalks/comments/1ncdlas/upgrade_from_vaseline_to_deconstruct_sunscreen/,1757407500
2025-09-12,tonymoly,tonymoly,SkincareAddicts,1nf63rd,"New to Retinol, 31",grave_spook,1,0,https://reddit.com/r/SkincareAddicts/comments/1nf63rd/new_to_retinol_31/,1757690546
2025-09-15,rejuran,rejuran,KoreanBeauty,1nhd2jo,"Tried 3 Skin Clinics in Myeongdong: my 2 weeks skincare journey (Evia, Dr.Designer, Val:U)",TutorOk9089,22,10,https://reddit.com/r/KoreanBeauty/comments/1nhd2jo/tried_3_skin_clinics_in_myeongdong_my_2_weeks/,1757912799
2025-09-12,rejuran,rejuran,KoreanBeauty,1ney435,Seoul skin clinic experince,Lumpy-Implement-3262,4,1,https://reddit.com/r/KoreanBeauty/comments/1ney435/seoul_skin_clinic_experince/,1757667426
2025-09-10,rejuran,rejuran,KoreanBeauty,1nd31tz,"What can you do with a 1,000,000 KRW budget?",noturtypicalqueen,5,7,https://reddit.com/r/KoreanBeauty/comments/1nd31tz/what_can_you_do_with_a_1000000_krw_budget/,1757473088
2025-09-13,rejuran,rejuran,SkincareAddiction,1nfqi3d,[Routine Help] Anything I should Change?,That_Girl_Lexii,1,7,https://reddit.com/r/SkincareAddiction/comments/1nfqi3d/routine_help_anything_i_should_change/,1757745627
2025-09-15,rejuran,rejuran,DIYaesthetics,1nhsqid,Tell me about dermaheal,jjgill27,4,0,https://reddit.com/r/DIYaesthetics/comments/1nhsqid/tell_me_about_dermaheal/,1757958380
2025-09-13,rejuran,rejuran,DIYCosmeticProcedures,1ng6ccq,Rejuranhb skin update,Zestyclose_Setting76,25,16,https://reddit.com/r/DIYCosmeticProcedures/comments/1ng6ccq/rejuranhb_skin_update/,1757791411
2025-09-11,rejuran,rejuran,DIYCosmeticProcedures,1ne0svz,Rejuran hb improved technique,Zestyclose_Setting76,41,36,https://reddit.com/r/DIYCosmeticProcedures/comments/1ne0svz/rejuran_hb_improved_technique/,1757569406
2025-09-11,rejuran,rejuran,30PlusSkinCare,1ne4ivt,Looking for advice on clinic rejuran offers in melb,Lower_Stress_6276,3,0,https://reddit.com/r/30PlusSkinCare/comments/1ne4ivt/looking_for_advice_on_clinic_rejuran_offers_in/,1757584005
2025-09-14,rejuran,rejuran,koreatravel,1ngm5o2,Need tips for going to Korea to get skin treatments/cosmetic procedures!,Aggressive-Mix-9613,1,1,https://reddit.com/r/koreatravel/comments/1ngm5o2/need_tips_for_going_to_korea_to_get_skin/,1757839624
2025-09-12,rejuran,rejuran,koreatravel,1nepkew,Need Recommendation for Skin Clinic with Microneedling,FluffyNewspaper8365,2,8,https://reddit.com/r/koreatravel/comments/1nepkew/need_recommendation_for_skin_clinic_with/,1757638115
2025-09-11,rejuran,rejuran,koreatravel,1ne31sj,Trip report,Character_Rub8286,23,6,https://reddit.com/r/koreatravel/comments/1ne31sj/trip_report/,1757578108
2025-09-10,rejuran,rejuran,koreatravel,1nd6kky,Skin clinics Seoul,Extension_Routine_19,6,8,https://reddit.com/r/koreatravel/comments/1nd6kky/skin_clinics_seoul/,1757484902
2025-09-15,rejuran,rejuran,KoreaSeoulBeauty,1ni1wa6,Should I get my treatments done beginning or end of my trip?,_Today1655,4,5,https://reddit.com/r/KoreaSeoulBeauty/comments/1ni1wa6/should_i_get_my_treatments_done_beginning_or_end/,1757979574
2025-09-15,rejuran,rejuran,SkincareAddictionLux,1nhiakv,Exosome serum suggestion for newbie,Fabulous-Reality4473,7,14,https://reddit.com/r/SkincareAddictionLux/comments/1nhiakv/exosome_serum_suggestion_for_newbie/,1757932558
2025-09-15,peripera,peripera,AsianBeauty,1nhum6y,"VOTING EVENT! Next up, Colorgram 🌟",lazarusprojects,109,24,https://reddit.com/r/AsianBeauty/comments/1nhum6y/voting_event_next_up_colorgram/,1757962498
2025-09-15,peripera,peripera,AsianBeauty,1nhmjuc,What's the most hydrating colored lip balm for a very dry lips? (I was eyeing peripera ink mood glowy balm),Apprehensive_Hat8540,19,21,https://reddit.com/r/AsianBeauty/comments/1nhmjuc/whats_the_most_hydrating_colored_lip_balm_for_a/,1757944592
2025-09-14,peripera,peripera,AsianBeauty,1ngcxpl,"VOTING EVENT! Next up, Etude! 🧸",lazarusprojects,354,42,https://reddit.com/r/AsianBeauty/comments/1ngcxpl/voting_event_next_up_etude/,1757808838
2025-09-12,peripera,peripera,AsianBeauty,1nf7bpy,"Am I going mad, or did 3CE discontinue their Syrup Layering Tints? Are there any alternatives with no weird smell/taste?",NemotheChibi,8,6,https://reddit.com/r/AsianBeauty/comments/1nf7bpy/am_i_going_mad_or_did_3ce_discontinue_their_syrup/,1757693370
2025-09-12,peripera,peripera,AsianBeauty,1ney9ad,Swatches & Reviews of AB Lip tints,Avensi,33,3,https://reddit.com/r/AsianBeauty/comments/1ney9ad/swatches_reviews_of_ab_lip_tints/,1757667980
2025-09-12,peripera,peripera,AsianBeauty,1ner82h,My order from Yestype came in!!,Soft-Kale-1965,45,11,https://reddit.com/r/AsianBeauty/comments/1ner82h/my_order_from_yestype_came_in/,1757643009
2025-09-11,peripera,peripera,AsianBeauty,1nekaa1,"VOTING EVENT! Next up, too cool for school! ✏️",lazarusprojects,190,19,https://reddit.com/r/AsianBeauty/comments/1nekaa1/voting_event_next_up_too_cool_for_school/,1757623978
2025-09-10,peripera,peripera,AsianBeauty,1ndq6ue,"VOTING EVENT! Next up, Judydoll 🧸",lazarusprojects,290,33,https://reddit.com/r/AsianBeauty/comments/1ndq6ue/voting_event_next_up_judydoll/,1757538085
2025-09-09,peripera,peripera,AsianBeauty,1ncwptc,"VOTING EVENT! Next up, Peripera! 🎀",lazarusprojects,291,43,https://reddit.com/r/AsianBeauty/comments/1ncwptc/voting_event_next_up_peripera/,1757455775
2025-09-14,peripera,peripera,KoreanBeauty,1ngkw8x,"Anyone Tried Peripera Browcara for Dark, Thick Eyebrows? Need Feedback on Color and Results",dyl1ght,1,2,https://reddit.com/r/KoreanBeauty/comments/1ngkw8x/anyone_tried_peripera_browcara_for_dark_thick/,1757834970
2025-09-12,peripera,peripera,IndianBeautyDeclutter,1nf99f6,"Decluttering laneige, SDJ, pixi, peripera and more",JEEvanNEETi,8,13,https://reddit.com/r/IndianBeautyDeclutter/comments/1nf99f6/decluttering_laneige_sdj_pixi_peripera_and_more/,1757697899
2025-09-12,peripera,peripera,IndianBeautyDeclutter,1nf4n6y,Decluttering,Global_Somewhere5832,9,3,https://reddit.com/r/IndianBeautyDeclutter/comments/1nf4n6y/decluttering/,1757687071
2025-09-13,peripera,peripera,makeupexchange,1ng835z,"[SELL/US] KBeauty Lip, Summer Fridays Mask, Rare Beauty Humble, etc.",simplyMi,2,3,https://reddit.com/r/makeupexchange/comments/1ng835z/sellus_kbeauty_lip_summer_fridays_mask_rare/,1757795805
2025-09-09,peripera,peripera,kbeauty,1ncxx82,Minimalist routine?,afox012,5,2,https://reddit.com/r/kbeauty/comments/1ncxx82/minimalist_routine/,1757458810
2025-09-10,peripera,peripera,indianbeautyhauls,1nd9if9,Some of the lippies I have in my makeup collection,frosted_chaos,47,25,https://reddit.com/r/indianbeautyhauls/comments/1nd9if9/some_of_the_lippies_i_have_in_my_makeup_collection/,1757496505
2025-09-15,peripera,peripera,IndianBeautyTalks,1nhqhh1,for the gym girlies,glossedup28,105,69,https://reddit.com/r/IndianBeautyTalks/comments/1nhqhh1/for_the_gym_girlies/,1757953431
2025-09-14,peripera,peripera,IndianBeautyTalks,1nglf7p,Found the perfect fall lip combo🍂,JEEvanNEETi,30,9,https://reddit.com/r/IndianBeautyTalks/comments/1nglf7p/found_the_perfect_fall_lip_combo/,1757836907
2025-09-15,peripera,peripera,MakeupAddiction,1nhmuhd,Balm Stain reco,ThinMusician9170,1,1,https://reddit.com/r/MakeupAddiction/comments/1nhmuhd/balm_stain_reco/,1757945264
2025-09-15,peripera,peripera,SkincareAddicts,1nhmttm,Lip Balm Stain Reco,ThinMusician9170,1,0,https://reddit.com/r/SkincareAddicts/comments/1nhmttm/lip_balm_stain_reco/,1757945225
2025-09-15,goodal,goodal,koreanskincare,1nh92zb,Another top skincare from a real Korean living in Korea (37m),Key_Ad6205,171,20,https://reddit.com/r/koreanskincare/comments/1nh92zb/another_top_skincare_from_a_real_korean_living_in/,1757900510
2025-09-11,goodal,goodal,koreanskincare,1neocsc,Judge my skincare!,accs19,28,10,https://reddit.com/r/koreanskincare/comments/1neocsc/judge_my_skincare/,1757634619
2025-09-14,goodal,goodal,KoreanBeauty,1ngoah0,Goodal Green Tangerine Vita C Dark Spot Care Serum,AspiringDream88,1,1,https://reddit.com/r/KoreanBeauty/comments/1ngoah0/goodal_green_tangerine_vita_c_dark_spot_care_serum/,1757847395
2025-09-15,goodal,goodal,IndianBeautyDeclutter,1nh747p,Help me declutter,Fun-Use1659,1,3,https://reddit.com/r/IndianBeautyDeclutter/comments/1nh747p/help_me_declutter/,1757894880
2025-09-15,goodal,goodal,IndianBeautyBazaar,1nh72tc,Help me declutter,Fun-Use1659,2,1,https://reddit.com/r/IndianBeautyBazaar/comments/1nh72tc/help_me_declutter/,1757894766
2025-09-12,stylekorean,stylekorean,koreanskincare,1nev4q2,My StyleKorean order came! No tariffs and nothing missing!,misstea33,248,38,https://reddit.com/r/koreanskincare/comments/1nev4q2/my_stylekorean_order_came_no_tariffs_and_nothing/,1757655773
2025-09-13,stylekorean,stylekorean,KoreanBeauty,1ng4wcw,Which one is correct?,gradyschmeck,4,5,https://reddit.com/r/KoreanBeauty/comments/1ng4wcw/which_one_is_correct/,1757787977
2025-09-13,stylekorean,stylekorean,referralcodes,1ng0zi8,"Discount code for your next order yesstyle, stylekorean, olive young",JAJA_1102,1,0,https://reddit.com/r/referralcodes/comments/1ng0zi8/discount_code_for_your_next_order_yesstyle/,1757778793
2025-09-13,stylekorean,stylekorean,YesstyleCodesSharing,1ng1fm3,"Discount code for your next order yesstyle, stylekorean, olive young",JAJA_1102,1,1,https://reddit.com/r/YesstyleCodesSharing/comments/1ng1fm3/discount_code_for_your_next_order_yesstyle/,1757779840
2025-09-15,medicube,medicube,koreanskincare,1nhfogl,My saving grace after my first chemical peel,kesun,7,2,https://reddit.com/r/koreanskincare/comments/1nhfogl/my_saving_grace_after_my_first_chemical_peel/,1757922487
2025-09-15,medicube,medicube,koreanskincare,1nhelg2,Can anyone recommend a good cleanser for oily T zone combo skin? Current routine listed below,Witty-Pepper7836,2,12,https://reddit.com/r/koreanskincare/comments/1nhelg2/can_anyone_recommend_a_good_cleanser_for_oily_t/,1757918333
2025-09-15,medicube,medicube,koreanskincare,1nh8e74,Thoughts on Medicube Age-R Booster Pro?,AyaCat,2,0,https://reddit.com/r/koreanskincare/comments/1nh8e74/thoughts_on_medicube_ager_booster_pro/,1757898536
2025-09-13,medicube,medicube,koreanskincare,1nfl8hr,Migraines Linked to products?,Fun-Nebula4908,1,4,https://reddit.com/r/koreanskincare/comments/1nfl8hr/migraines_linked_to_products/,1757728230
2025-09-12,medicube,medicube,koreanskincare,1nf8fdx,medicube txa + azelaic acid,Forsaken_Ground6149,1,0,https://reddit.com/r/koreanskincare/comments/1nf8fdx/medicube_txa_azelaic_acid/,1757695950
2025-09-11,medicube,medicube,koreanskincare,1ne24er,Influence or Deinfluence my k-beauty wishlist,chloverelle,1,6,https://reddit.com/r/koreanskincare/comments/1ne24er/influence_or_deinfluence_my_kbeauty_wishlist/,1757574445
2025-09-10,medicube,medicube,koreanskincare,1nds3ox,Is it possible that Medicube salmon dna pdrn eye cream is causing wrinkles?,Winter-Blueberry8170,11,18,https://reddit.com/r/koreanskincare/comments/1nds3ox/is_it_possible_that_medicube_salmon_dna_pdrn_eye/,1757542921
2025-09-10,medicube,medicube,koreanskincare,1ndb9lm,Medicube Pore pad REFILL,xloociex,1,0,https://reddit.com/r/koreanskincare/comments/1ndb9lm/medicube_pore_pad_refill/,1757502665
2025-09-09,medicube,medicube,koreanskincare,1ncwp36,Starting with my Korean skincare care.,Sad_Tourist4995,3,7,https://reddit.com/r/koreanskincare/comments/1ncwp36/starting_with_my_korean_skincare_care/,1757455723
2025-09-09,medicube,medicube,koreanskincare,1ncqeal,Mature skin recs,Zestyclose_Trip1076,3,12,https://reddit.com/r/koreanskincare/comments/1ncqeal/mature_skin_recs/,1757441490
2025-09-09,medicube,medicube,koreanskincare,1ncexyf,"Confused about which K-beauty brands are truly popular in Korea + routine/product advice (27M, UK)",kamilo998,7,17,https://reddit.com/r/koreanskincare/comments/1ncexyf/confused_about_which_kbeauty_brands_are_truly/,1757412728
2025-09-10,medicube,medicube,KoreanBeauty,1nds0lk,Routine Opinions + Possible Purchases,Psyco_Student,1,1,https://reddit.com/r/KoreanBeauty/comments/1nds0lk/routine_opinions_possible_purchases/,1757542708
2025-09-09,medicube,medicube,KoreanBeauty,1ncra89,Need help building a routine!! Products and current routine in caption,Alarmed_Elevator2747,2,1,https://reddit.com/r/KoreanBeauty/comments/1ncra89/need_help_building_a_routine_products_and_current/,1757443441
2025-09-14,medicube,medicube,SkincareAddiction,1nh5n5o,[Routine Help],Lololala29,1,1,https://reddit.com/r/SkincareAddiction/comments/1nh5n5o/routine_help/,1757890853
2025-09-14,medicube,medicube,SkincareAddiction,1ngz3ee,[Product Question] What are your honest thoughts on these viral Korean skincare products?,Agreeable_Lion_5237,27,92,https://reddit.com/r/SkincareAddiction/comments/1ngz3ee/product_question_what_are_your_honest_thoughts_on/,1757875033
2025-09-14,medicube,medicube,SkincareAddiction,1ngoyjc,[Routine help] I just started using tazarotene. Is my routine fine?,moonlight_shadow_35,1,2,https://reddit.com/r/SkincareAddiction/comments/1ngoyjc/routine_help_i_just_started_using_tazarotene_is/,1757849616
2025-09-12,medicube,medicube,SkincareAddiction,1nfa2ef,[acne] Bumps under skin,Popular-Search2662,2,5,https://reddit.com/r/SkincareAddiction/comments/1nfa2ef/acne_bumps_under_skin/,1757699792
2025-09-12,medicube,medicube,SkincareAddiction,1nf7j6r,Help me with clogged pores! [acne],Choice-Low1859,2,3,https://reddit.com/r/SkincareAddiction/comments/1nf7j6r/help_me_with_clogged_pores_acne/,1757693856
2025-09-12,medicube,medicube,SkincareAddiction,1neucz6,[Product Question] medicube kojic acid mask,chicanatifa,1,2,https://reddit.com/r/SkincareAddiction/comments/1neucz6/product_question_medicube_kojic_acid_mask/,1757652957
2025-09-11,medicube,medicube,SkincareAddiction,1neniqo,"[Misc] Green Light Therapy for Hyperpigmentation, any experiences?",Scary_Examination_26,1,2,https://reddit.com/r/SkincareAddiction/comments/1neniqo/misc_green_light_therapy_for_hyperpigmentation/,1757632251
2025-09-10,medicube,medicube,SkincareAddiction,1ndmk0s,[product question] concerned if nuface & medicube devices are safe,Cute-Emotion-5895,1,1,https://reddit.com/r/SkincareAddiction/comments/1ndmk0s/product_question_concerned_if_nuface_medicube/,1757529548
2025-09-10,medicube,medicube,SkincareAddiction,1ndlqfq,"Fungal acne, damaged skin barrier or clogged comedones? [acne]",PigletMaleficent1998,7,11,https://reddit.com/r/SkincareAddiction/comments/1ndlqfq/fungal_acne_damaged_skin_barrier_or_clogged/,1757527696
2025-09-10,medicube,medicube,SkincareAddiction,1ndcxpi,[Product Question] Should I be worried about purging or other side effects associated with retinal when using the FATION - Nosca9 Deep Pore Cleansing Foam,Resistmemother,1,1,https://reddit.com/r/SkincareAddiction/comments/1ndcxpi/product_question_should_i_be_worried_about/,1757507587
2025-09-10,medicube,medicube,SkincareAddiction,1ndbhs0,I probably damaged my skin barrier around my mouth. Do you think I should try azelaic acid? [acne],PigletMaleficent1998,1,23,https://reddit.com/r/SkincareAddiction/comments/1ndbhs0/i_probably_damaged_my_skin_barrier_around_my/,1757503395
2025-09-10,medicube,medicube,30PlusSkinCare,1ndf68v,Microcurrent vs redlight?,barbet,2,2,https://reddit.com/r/30PlusSkinCare/comments/1ndf68v/microcurrent_vs_redlight/,1757513206
2025-09-09,medicube,medicube,asianbeautyexchange,1ncmxum,[SELL] [EU] Unopened Korean Skincare ~,fluffykittenreturns,2,0,https://reddit.com/r/asianbeautyexchange/comments/1ncmxum/sell_eu_unopened_korean_skincare/,1757433789
2025-09-09,medicube,medicube,skincareexchange,1ncn1j2,[SELL] [EU] Unopened Korean Skincare ~,fluffykittenreturns,2,0,https://reddit.com/r/skincareexchange/comments/1ncn1j2/sell_eu_unopened_korean_skincare/,1757434014
2025-09-13,medicube,medicube,referralcodes,1nfj5t1,Yesstyle freebies + sale + reward code 3R3693,caliidreaming,1,1,https://reddit.com/r/referralcodes/comments/1nfj5t1/yesstyle_freebies_sale_reward_code_3r3693/,1757722171
2025-09-11,medicube,medicube,referralcodes,1ndv6cd,Yesstyle freebies + sale + reward code 3R3693,caliidreaming,1,1,https://reddit.com/r/referralcodes/comments/1ndv6cd/yesstyle_freebies_sale_reward_code_3r3693/,1757551455
2025-09-09,medicube,medicube,referralcodes,1nc4916,Yesstyle freebies + sale + reward code 3R3693,caliidreaming,1,1,https://reddit.com/r/referralcodes/comments/1nc4916/yesstyle_freebies_sale_reward_code_3r3693/,1757376551
2025-09-09,medicube,medicube,kbeauty,1ncezmo,Confused which K-beauty brands are popular in Korea+routine/product advice,kamilo998,0,6,https://reddit.com/r/kbeauty/comments/1ncezmo/confused_which_kbeauty_brands_are_popular_in/,1757412897
2025-09-13,medicube,medicube,indianbeautyhauls,1nfut5x,Glazed donut skincare routine 🎀,highMaintenanceCher,149,79,https://reddit.com/r/indianbeautyhauls/comments/1nfut5x/glazed_donut_skincare_routine/,1757761829
2025-09-14,medicube,medicube,tretinoin,1ngowax,Just started tazarotene. Is my routine fine?,moonlight_shadow_35,2,5,https://reddit.com/r/tretinoin/comments/1ngowax/just_started_tazarotene_is_my_routine_fine/,1757849417
2025-09-13,medicube,medicube,YesstyleCodesSharing,1nfj5ps,Yesstyle freebies + sale + reward code 3R3693,caliidreaming,1,2,https://reddit.com/r/YesstyleCodesSharing/comments/1nfj5ps/yesstyle_freebies_sale_reward_code_3r3693/,1757722163
2025-09-11,medicube,medicube,YesstyleCodesSharing,1ndv6a6,Yesstyle freebies + sale + reward code 3R3693,caliidreaming,2,2,https://reddit.com/r/YesstyleCodesSharing/comments/1ndv6a6/yesstyle_freebies_sale_reward_code_3r3693/,1757551450
2025-09-12,medicube,medicube,SkincareAddicts,1neslxm,Medicube,Survivingonnicotine,1,0,https://reddit.com/r/SkincareAddicts/comments/1neslxm/medicube/,1757647215
2025-09-15,age-r,age-r,koreanskincare,1nhfogl,My saving grace after my first chemical peel,kesun,7,2,https://reddit.com/r/koreanskincare/comments/1nhfogl/my_saving_grace_after_my_first_chemical_peel/,1757922487
2025-09-15,age-r,age-r,koreanskincare,1nh8e74,Thoughts on Medicube Age-R Booster Pro?,AyaCat,2,0,https://reddit.com/r/koreanskincare/comments/1nh8e74/thoughts_on_medicube_ager_booster_pro/,1757898536
2025-09-10,age-r,age-r,DIYCosmeticProcedures,1ndnow9,The way some of these estheticians and the beauty industry scam people is downright criminal.,fatal-prophecy,31,15,https://reddit.com/r/DIYCosmeticProcedures/comments/1ndnow9/the_way_some_of_these_estheticians_and_the_beauty/,1757532100
2025-09-11,age-r,age-r,30PlusSkinCare,1nec20m,Platysma Muscle - Relax or Tighten,BraveG365,11,2,https://reddit.com/r/30PlusSkinCare/comments/1nec20m/platysma_muscle_relax_or_tighten/,1757605043
2025-09-13,age-r,age-r,referralcodes,1ng05k7,Scammer Alert: u/_Tycoon_obriel (DesBuy) aka NurseCory,Electrical-Two-151,1,0,https://reddit.com/r/referralcodes/comments/1ng05k7/scammer_alert_u_tycoon_obriel_desbuy_aka_nursecory/,1757776784
2025-09-13,age-r,age-r,referralcodes,1nfj5t1,Yesstyle freebies + sale + reward code 3R3693,caliidreaming,1,1,https://reddit.com/r/referralcodes/comments/1nfj5t1/yesstyle_freebies_sale_reward_code_3r3693/,1757722171
2025-09-11,age-r,age-r,referralcodes,1ndv6cd,Yesstyle freebies + sale + reward code 3R3693,caliidreaming,1,1,https://reddit.com/r/referralcodes/comments/1ndv6cd/yesstyle_freebies_sale_reward_code_3r3693/,1757551455
2025-09-09,age-r,age-r,referralcodes,1nc4916,Yesstyle freebies + sale + reward code 3R3693,caliidreaming,1,1,https://reddit.com/r/referralcodes/comments/1nc4916/yesstyle_freebies_sale_reward_code_3r3693/,1757376551
2025-09-13,age-r,age-r,indianbeautyhauls,1nfut5x,Glazed donut skincare routine 🎀,highMaintenanceCher,149,79,https://reddit.com/r/indianbeautyhauls/comments/1nfut5x/glazed_donut_skincare_routine/,1757761829
2025-09-10,age-r,age-r,IndianBeautyTalks,1nday2b,Please help me find my shade!🙏🏻,inappriopriate_mf,1,5,https://reddit.com/r/IndianBeautyTalks/comments/1nday2b/please_help_me_find_my_shade/,1757501618
2025-09-13,age-r,age-r,YesstyleCodesSharing,1nfj5ps,Yesstyle freebies + sale + reward code 3R3693,caliidreaming,1,2,https://reddit.com/r/YesstyleCodesSharing/comments/1nfj5ps/yesstyle_freebies_sale_reward_code_3r3693/,1757722163
2025-09-11,age-r,age-r,YesstyleCodesSharing,1ndv6a6,Yesstyle freebies + sale + reward code 3R3693,caliidreaming,2,2,https://reddit.com/r/YesstyleCodesSharing/comments/1ndv6a6/yesstyle_freebies_sale_reward_code_3r3693/,1757551450
2025-09-15,booster pro,booster pro,koreanskincare,1nhfogl,My saving grace after my first chemical peel,kesun,6,2,https://reddit.com/r/koreanskincare/comments/1nhfogl/my_saving_grace_after_my_first_chemical_peel/,1757922487
2025-09-15,booster pro,booster pro,koreanskincare,1nh8e74,Thoughts on Medicube Age-R Booster Pro?,AyaCat,2,0,https://reddit.com/r/koreanskincare/comments/1nh8e74/thoughts_on_medicube_ager_booster_pro/,1757898536
2025-09-10,booster pro,booster pro,SkincareAddiction,1ndmk0s,[product question] concerned if nuface & medicube devices are safe,Cute-Emotion-5895,1,1,https://reddit.com/r/SkincareAddiction/comments/1ndmk0s/product_question_concerned_if_nuface_medicube/,1757529548
2025-09-13,booster pro,booster pro,indianbeautyhauls,1nfut5x,Glazed donut skincare routine 🎀,highMaintenanceCher,148,79,https://reddit.com/r/indianbeautyhauls/comments/1nfut5x/glazed_donut_skincare_routine/,1757761829
2025-09-13,booster pro,booster pro,SkincareAddictionLux,1nftye4,Product suggestions – how do I upgrade my routine’s potency to see real visible results?,Suspicious-Smoke-102,5,10,https://reddit.com/r/SkincareAddictionLux/comments/1nftye4/product_suggestions_how_do_i_upgrade_my_routines/,1757758732
2025-09-13,booster pro,booster pro,SkincareAddictionLux,1nfrb84,Booster pro age,Dismal_Love8039,0,2,https://reddit.com/r/SkincareAddictionLux/comments/1nfrb84/booster_pro_age/,1757748580
2025-09-15,hi focus shot,hi focus shot,KoreanBeauty,1nhd2jo,"Tried 3 Skin Clinics in Myeongdong: my 2 weeks skincare journey (Evia, Dr.Designer, Val:U)",TutorOk9089,22,11,https://reddit.com/r/KoreanBeauty/comments/1nhd2jo/tried_3_skin_clinics_in_myeongdong_my_2_weeks/,1757912799
2025-09-13,hi focus shot,hi focus shot,KoreanBeauty,1ng9i1i,ISO….,Elegant-Growth8015,1,6,https://reddit.com/r/KoreanBeauty/comments/1ng9i1i/iso/,1757799501
2025-09-11,hi focus shot,hi focus shot,KoreanBeauty,1nem3c1,Help me alter my routine or incorporate more hydrating products!,ComedianConfident736,1,3,https://reddit.com/r/KoreanBeauty/comments/1nem3c1/help_me_alter_my_routine_or_incorporate_more/,1757628457
2025-09-10,hi focus shot,hi focus shot,SkincareAddiction,1ndb4go,[Routine Help] 28F new to skincare - what should I focus on?,nerdwannabe_2505,4,9,https://reddit.com/r/SkincareAddiction/comments/1ndb4go/routine_help_28f_new_to_skincare_what_should_i/,1757502208
2025-09-10,hi focus shot,hi focus shot,koreatravel,1ndau08,Dongdaemun with my 12 year old daughter,shazzer8879,1,1,https://reddit.com/r/koreatravel/comments/1ndau08/dongdaemun_with_my_12_year_old_daughter/,1757501243
2025-09-11,hi focus shot,hi focus shot,tretinoin,1ne0uwg,Tret Uglies Update! 9/2 -> 9/10,Makuna_Matada,72,7,https://reddit.com/r/tretinoin/comments/1ne0uwg/tret_uglies_update_92_910/,1757569607
2025-09-15,hi focus shot,hi focus shot,MakeupAddiction,1nhxj33,Colorful palette recommendations (preferably with minimal green)?,thedreaming884,1,1,https://reddit.com/r/MakeupAddiction/comments/1nhxj33/colorful_palette_recommendations_preferably_with/,1757968905
2025-09-11,hi focus shot,hi focus shot,fountainpens,1ned7jw,Recapping my Montegrappa factory tour,jh_ytth,57,6,https://reddit.com/r/fountainpens/comments/1ned7jw/recapping_my_montegrappa_factory_tour/,1757607736
2025-09-11,hi focus shot,hi focus shot,fountainpens,1ne1qlg,Ghosting on Sterling Ink's Tomoe river paper 52 gsm white (New Sanzen)?,sailorsapporo,0,16,https://reddit.com/r/fountainpens/comments/1ne1qlg/ghosting_on_sterling_inks_tomoe_river_paper_52/,1757572943
2025-09-15,mighty patch,mighty patch,SkincareAddicts,1nhxzuy,I've been following a consistent skincare routine for the past 3-4 months and have seen barely any improvement.,AimlessAce64,2,4,https://reddit.com/r/SkincareAddicts/comments/1nhxzuy/ive_been_following_a_consistent_skincare_routine/,1757969961
2025-09-10,manyo,manyo,AsianBeauty,1nd48d0,"What is the difference between these two manyo bifida biome complex ampoules? One says ""intensive recovery"" and the other says ""radiance boosting"" on the bottom",Overall_Painting_278,30,10,https://reddit.com/r/AsianBeauty/comments/1nd48d0/what_is_the_difference_between_these_two_manyo/,1757476726
2025-09-13,manyo,manyo,SkincareAddicts,1ng5fie,What is causing my breakout/ is it fungal? Is it getting better or worse,Standard-Abalone-838,0,1,https://reddit.com/r/SkincareAddicts/comments/1ng5fie/what_is_causing_my_breakout_is_it_fungal_is_it/,1757789213
2025-09-10,manyo,manyo,fountainpens,1ndt8cl,I want a nice variety of colors...,Boriquaqueen25,16,6,https://reddit.com/r/fountainpens/comments/1ndt8cl/i_want_a_nice_variety_of_colors/,1757545901
2025-09-10,manyo,manyo,fountainpens,1nde5l0,New TWSBI!,LimeInDaCoconut25,32,6,https://reddit.com/r/fountainpens/comments/1nde5l0/new_twsbi/,1757510735
2025-09-10,manyo,manyo,fountainpens,1nd7dtg,My Currently Inked 9/9/25,connurp,63,8,https://reddit.com/r/fountainpens/comments/1nd7dtg/my_currently_inked_9925/,1757487948
2025-09-13,bbia,bbia,referralcodes,1nfj5t1,Yesstyle freebies + sale + reward code 3R3693,caliidreaming,1,1,https://reddit.com/r/referralcodes/comments/1nfj5t1/yesstyle_freebies_sale_reward_code_3r3693/,1757722171
2025-09-11,bbia,bbia,referralcodes,1ndv6cd,Yesstyle freebies + sale + reward code 3R3693,caliidreaming,1,1,https://reddit.com/r/referralcodes/comments/1ndv6cd/yesstyle_freebies_sale_reward_code_3r3693/,1757551455
2025-09-09,bbia,bbia,referralcodes,1nc4916,Yesstyle freebies + sale + reward code 3R3693,caliidreaming,1,1,https://reddit.com/r/referralcodes/comments/1nc4916/yesstyle_freebies_sale_reward_code_3r3693/,1757376551
2025-09-09,bbia,bbia,PanPorn,1ncqv33,hit pan on two sparklies today!,SubstantialStage1703,409,9,https://reddit.com/r/PanPorn/comments/1ncqv33/hit_pan_on_two_sparklies_today/,1757442517
2025-09-13,bbia,bbia,YesstyleCodesSharing,1nfj5ps,Yesstyle freebies + sale + reward code 3R3693,caliidreaming,1,2,https://reddit.com/r/YesstyleCodesSharing/comments/1nfj5ps/yesstyle_freebies_sale_reward_code_3r3693/,1757722163
2025-09-11,bbia,bbia,YesstyleCodesSharing,1ndv6a6,Yesstyle freebies + sale + reward code 3R3693,caliidreaming,2,2,https://reddit.com/r/YesstyleCodesSharing/comments/1ndv6a6/yesstyle_freebies_sale_reward_code_3r3693/,1757551450
2025-09-09,bbia,bbia,YesstyleCodesSharing,1nc4cuu,Yesstyle freebies + sale + reward code 3R3693,caliidreaming,1,1,https://reddit.com/r/YesstyleCodesSharing/comments/1nc4cuu/yesstyle_freebies_sale_reward_code_3r3693/,1757376830
2025-09-14,juvelook,juvelook,koreanskincare,1ngmlhy,Better Results After One Session – Rejublast at Lienjang Hongdae,Dia-Fofhanna,1,0,https://reddit.com/r/koreanskincare/comments/1ngmlhy/better_results_after_one_session_rejublast_at/,1757841270
2025-09-10,juvelook,juvelook,KoreanBeauty,1nd31tz,"What can you do with a 1,000,000 KRW budget?",noturtypicalqueen,4,7,https://reddit.com/r/KoreanBeauty/comments/1nd31tz/what_can_you_do_with_a_1000000_krw_budget/,1757473088
2025-09-09,juvelook,juvelook,KoreanBeauty,1nccaf9,Juvelook – do you recommend?,Final-Feeling-7079,1,4,https://reddit.com/r/KoreanBeauty/comments/1nccaf9/juvelook_do_you_recommend/,1757402174
2025-09-13,juvelook,juvelook,DIYaesthetics,1ng65qt,Rejuranhb update.,Zestyclose_Setting76,27,17,https://reddit.com/r/DIYaesthetics/comments/1ng65qt/rejuranhb_update/,1757790962
2025-09-13,juvelook,juvelook,DIYCosmeticProcedures,1ng6ccq,Rejuranhb skin update,Zestyclose_Setting76,24,16,https://reddit.com/r/DIYCosmeticProcedures/comments/1ng6ccq/rejuranhb_skin_update/,1757791411
2025-09-14,juvelook,juvelook,koreatravel,1ngm5o2,Need tips for going to Korea to get skin treatments/cosmetic procedures!,Aggressive-Mix-9613,1,1,https://reddit.com/r/koreatravel/comments/1ngm5o2/need_tips_for_going_to_korea_to_get_skin/,1757839624
2025-09-11,juvelook,juvelook,koreatravel,1ne31sj,Trip report,Character_Rub8286,24,6,https://reddit.com/r/koreatravel/comments/1ne31sj/trip_report/,1757578108
2025-09-14,potenza,potenza,koreanskincare,1ngmlhy,Better Results After One Session – Rejublast at Lienjang Hongdae,Dia-Fofhanna,1,0,https://reddit.com/r/koreanskincare/comments/1ngmlhy/better_results_after_one_session_rejublast_at/,1757841270
2025-09-15,potenza,potenza,KoreanBeauty,1nhd2jo,"Tried 3 Skin Clinics in Myeongdong: my 2 weeks skincare journey (Evia, Dr.Designer, Val:U)",TutorOk9089,23,11,https://reddit.com/r/KoreanBeauty/comments/1nhd2jo/tried_3_skin_clinics_in_myeongdong_my_2_weeks/,1757912799
2025-09-12,potenza,potenza,KoreanBeauty,1ney435,Seoul skin clinic experince,Lumpy-Implement-3262,3,1,https://reddit.com/r/KoreanBeauty/comments/1ney435/seoul_skin_clinic_experince/,1757667426
2025-09-14,potenza,potenza,SkincareAddiction,1ngzkvy,[Misc] Potenza RF Microneedling,randomxxxxxxxxxxxx,1,2,https://reddit.com/r/SkincareAddiction/comments/1ngzkvy/misc_potenza_rf_microneedling/,1757876170
2025-09-13,stylevana,stylevana,AsianBeauty,1nfqyi5,Would you consider this mold?,qbee2000,0,0,https://reddit.com/r/AsianBeauty/comments/1nfqyi5/would_you_consider_this_mold/,1757747280
2025-09-11,stylevana,stylevana,AsianBeauty,1nenaow,What happened to Missha Perfect Cover BB Cream?,feachbossils,246,83,https://reddit.com/r/AsianBeauty/comments/1nenaow/what_happened_to_missha_perfect_cover_bb_cream/,1757631635
2025-09-10,stylevana,stylevana,AsianBeauty,1ndi2dh,Stylevana Advent Calendar 2025,KatieBellFlint,21,11,https://reddit.com/r/AsianBeauty/comments/1ndi2dh/stylevana_advent_calendar_2025/,1757519720
2025-09-12,stylevana,stylevana,koreanskincare,1nfbphh,Stylevana Haul!,xbunniXP,91,7,https://reddit.com/r/koreanskincare/comments/1nfbphh/stylevana_haul/,1757703666
2025-09-11,stylevana,stylevana,koreanskincare,1nefy8s,First Korean Beauty Order,Infinite_Hat5261,7,3,https://reddit.com/r/koreanskincare/comments/1nefy8s/first_korean_beauty_order/,1757613938
2025-09-11,stylevana,stylevana,SkincareAddiction,1ne7zpa,[Routine Help] where to buy skincare online?,Embarrassed_Sand_835,1,11,https://reddit.com/r/SkincareAddiction/comments/1ne7zpa/routine_help_where_to_buy_skincare_online/,1757595082
2025-09-09,stylevana,stylevana,asianbeautyexchange,1ncmxum,[SELL] [EU] Unopened Korean Skincare ~,fluffykittenreturns,3,0,https://reddit.com/r/asianbeautyexchange/comments/1ncmxum/sell_eu_unopened_korean_skincare/,1757433789
2025-09-09,stylevana,stylevana,skincareexchange,1ncn1j2,[SELL] [EU] Unopened Korean Skincare ~,fluffykittenreturns,2,0,https://reddit.com/r/skincareexchange/comments/1ncn1j2/sell_eu_unopened_korean_skincare/,1757434014
2025-09-13,beauty of joseon,beauty of joseon,AsianBeauty,1ng83hq,TJMAXX Haul/Review,blueaqua_12,330,30,https://reddit.com/r/AsianBeauty/comments/1ng83hq/tjmaxx_haulreview/,1757795830
2025-09-12,beauty of joseon,beauty of joseon,AsianBeauty,1nevhoa,Beauty of joseon Rice and honey mask,Ok_Watercress_8785,102,16,https://reddit.com/r/AsianBeauty/comments/1nevhoa/beauty_of_joseon_rice_and_honey_mask/,1757657124
2025-09-12,beauty of joseon,beauty of joseon,AsianBeauty,1netqtq,"If you’re looking for the OG Beauty of Joseon sunscreen, buy from Olive Young!",Maravilla004,25,6,https://reddit.com/r/AsianBeauty/comments/1netqtq/if_youre_looking_for_the_og_beauty_of_joseon/,1757650852
2025-09-11,beauty of joseon,beauty of joseon,AsianBeauty,1ne0tml,Jung Saem Mool Essential Skin Nuder Cushion Foundation Review,iamlostpleasehelp_,31,21,https://reddit.com/r/AsianBeauty/comments/1ne0tml/jung_saem_mool_essential_skin_nuder_cushion/,1757569481
2025-09-15,beauty of joseon,beauty of joseon,koreanskincare,1nhfogl,My saving grace after my first chemical peel,kesun,6,2,https://reddit.com/r/koreanskincare/comments/1nhfogl/my_saving_grace_after_my_first_chemical_peel/,1757922487
2025-09-15,beauty of joseon,beauty of joseon,koreanskincare,1nhelg2,Can anyone recommend a good cleanser for oily T zone combo skin? Current routine listed below,Witty-Pepper7836,2,12,https://reddit.com/r/koreanskincare/comments/1nhelg2/can_anyone_recommend_a_good_cleanser_for_oily_t/,1757918333
2025-09-14,beauty of joseon,beauty of joseon,koreanskincare,1ngdze3,Asian gommage peelings with cellulose: 7 products review,Excellent-Sort236,7,2,https://reddit.com/r/koreanskincare/comments/1ngdze3/asian_gommage_peelings_with_cellulose_7_products/,1757811950
2025-09-13,beauty of joseon,beauty of joseon,koreanskincare,1ng25w8,Help,StrawberryMajor447,1,5,https://reddit.com/r/koreanskincare/comments/1ng25w8/help/,1757781593
2025-09-11,beauty of joseon,beauty of joseon,koreanskincare,1ne24er,Influence or Deinfluence my k-beauty wishlist,chloverelle,1,6,https://reddit.com/r/koreanskincare/comments/1ne24er/influence_or_deinfluence_my_kbeauty_wishlist/,1757574445
2025-09-10,beauty of joseon,beauty of joseon,koreanskincare,1nd9xxx,New to Korean skincare and needing routine advice,FormalIndependent928,2,5,https://reddit.com/r/koreanskincare/comments/1nd9xxx/new_to_korean_skincare_and_needing_routine_advice/,1757498145
2025-09-10,beauty of joseon,beauty of joseon,koreanskincare,1nd8du1,Which one? (Or suggest me one),Affectionate_Bus9306,28,32,https://reddit.com/r/koreanskincare/comments/1nd8du1/which_one_or_suggest_me_one/,1757492006
2025-09-09,beauty of joseon,beauty of joseon,koreanskincare,1ncy351,Starting my Korean Skincare Journey,ThrowRA_living30,4,9,https://reddit.com/r/koreanskincare/comments/1ncy351/starting_my_korean_skincare_journey/,1757459217
2025-09-09,beauty of joseon,beauty of joseon,koreanskincare,1ncq32j,Suggest Eye creams,rahulsharma321,3,22,https://reddit.com/r/koreanskincare/comments/1ncq32j/suggest_eye_creams/,1757440815
2025-09-09,beauty of joseon,beauty of joseon,koreanskincare,1ncexyf,"Confused about which K-beauty brands are truly popular in Korea + routine/product advice (27M, UK)",kamilo998,7,17,https://reddit.com/r/koreanskincare/comments/1ncexyf/confused_about_which_kbeauty_brands_are_truly/,1757412728
2025-09-15,beauty of joseon,beauty of joseon,KoreanBeauty,1nhw7p3,Are there any good mineral sunscreens still on the market?,monkeyinwinter,1,5,https://reddit.com/r/KoreanBeauty/comments/1nhw7p3/are_there_any_good_mineral_sunscreens_still_on/,1757966000
2025-09-14,beauty of joseon,beauty of joseon,KoreanBeauty,1ngsnv0,Products checking,Key-Check-2182,0,2,https://reddit.com/r/KoreanBeauty/comments/1ngsnv0/products_checking/,1757859968
2025-09-14,beauty of joseon,beauty of joseon,KoreanBeauty,1ngofox,Korean skincare,Key-Check-2182,5,23,https://reddit.com/r/KoreanBeauty/comments/1ngofox/korean_skincare/,1757847877
2025-09-14,beauty of joseon,beauty of joseon,KoreanBeauty,1ngdzi2,Asian gommage peelings with cellulose: 7 products review,Excellent-Sort236,2,1,https://reddit.com/r/KoreanBeauty/comments/1ngdzi2/asian_gommage_peelings_with_cellulose_7_products/,1757811959
2025-09-12,beauty of joseon,beauty of joseon,KoreanBeauty,1netzei,fragrance free skincare that smells good? recommendations please :),strawberrycakealice,3,1,https://reddit.com/r/KoreanBeauty/comments/1netzei/fragrance_free_skincare_that_smells_good/,1757651641
2025-09-12,beauty of joseon,beauty of joseon,KoreanBeauty,1nesnvp,has anyone tried the beauty of joseon tinted sunscreen? is it worth it?,Dependent-Ad-6629,2,19,https://reddit.com/r/KoreanBeauty/comments/1nesnvp/has_anyone_tried_the_beauty_of_joseon_tinted/,1757647386
2025-09-11,beauty of joseon,beauty of joseon,KoreanBeauty,1ne01a8,Beauty of Joseon Results,No_Cattle_6175,3,4,https://reddit.com/r/KoreanBeauty/comments/1ne01a8/beauty_of_joseon_results/,1757566615
2025-09-09,beauty of joseon,beauty of joseon,KoreanBeauty,1ncra89,Need help building a routine!! Products and current routine in caption,Alarmed_Elevator2747,2,1,https://reddit.com/r/KoreanBeauty/comments/1ncra89/need_help_building_a_routine_products_and_current/,1757443441
2025-09-09,beauty of joseon,beauty of joseon,KoreanBeauty,1ncpc3l,Dupe for Beauty of Joseon Relief Sun: Rice + Probiotics SPF 50+,NoCelebration3231,0,2,https://reddit.com/r/KoreanBeauty/comments/1ncpc3l/dupe_for_beauty_of_joseon_relief_sun_rice/,1757439160
2025-09-15,beauty of joseon,beauty of joseon,SkincareAddiction,1nhnl1q,[Routine help] why do i have hives on face ?,tutututtu,1,5,https://reddit.com/r/SkincareAddiction/comments/1nhnl1q/routine_help_why_do_i_have_hives_on_face/,1757946975
2025-09-15,beauty of joseon,beauty of joseon,SkincareAddiction,1nheh4k,Stubborn hyperpigmentation after Accutane (Fitzpatrick V) – nothing seems to work [Acne],Appropriate-Aide2076,2,4,https://reddit.com/r/SkincareAddiction/comments/1nheh4k/stubborn_hyperpigmentation_after_accutane/,1757917872
2025-09-15,beauty of joseon,beauty of joseon,SkincareAddiction,1nh7228,[Sun Care] Perpetually seeking acne-friendly SPF,juliunruly,3,4,https://reddit.com/r/SkincareAddiction/comments/1nh7228/sun_care_perpetually_seeking_acnefriendly_spf/,1757894707
2025-09-14,beauty of joseon,beauty of joseon,SkincareAddiction,1nh5ejh,[acne] what are these spots? damaged skin barrier or something else?,Same-Pangolin-1886,1,2,https://reddit.com/r/SkincareAddiction/comments/1nh5ejh/acne_what_are_these_spots_damaged_skin_barrier_or/,1757890201
2025-09-13,beauty of joseon,beauty of joseon,SkincareAddiction,1ng771e,[Routine help] Damaged skin barrier/washing face in the morning,MissDaredevil,1,1,https://reddit.com/r/SkincareAddiction/comments/1ng771e/routine_help_damaged_skin_barrierwashing_face_in/,1757793557
2025-09-13,beauty of joseon,beauty of joseon,SkincareAddiction,1ng3e0d,[Acne] Is my skin purging?,biomacx,2,3,https://reddit.com/r/SkincareAddiction/comments/1ng3e0d/acne_is_my_skin_purging/,1757784485
2025-09-13,beauty of joseon,beauty of joseon,SkincareAddiction,1nfuny8,[Sun Care] recommendation for SPF for ultra sensitive skin?,stinaria,2,2,https://reddit.com/r/SkincareAddiction/comments/1nfuny8/sun_care_recommendation_for_spf_for_ultra/,1757761321
2025-09-13,beauty of joseon,beauty of joseon,SkincareAddiction,1nfn1jk,[routine help] dry skin,PoopyFace3572,2,3,https://reddit.com/r/SkincareAddiction/comments/1nfn1jk/routine_help_dry_skin/,1757733805
2025-09-12,beauty of joseon,beauty of joseon,SkincareAddiction,1nf7ft9,[Routine Help] Moved to dryer climate struggling with my skin,urfreelo,3,3,https://reddit.com/r/SkincareAddiction/comments/1nf7ft9/routine_help_moved_to_dryer_climate_struggling/,1757693637
2025-09-12,beauty of joseon,beauty of joseon,SkincareAddiction,1nf69ou,[Routine Help]	Predominantly about troubleshooting a routine or starting one,grave_spook,1,6,https://reddit.com/r/SkincareAddiction/comments/1nf69ou/routine_help_predominantly_about_troubleshooting/,1757690931
2025-09-12,beauty of joseon,beauty of joseon,SkincareAddiction,1nf61gy,[Misc] is my BoJ glow serum fake?,merexery,0,3,https://reddit.com/r/SkincareAddiction/comments/1nf61gy/misc_is_my_boj_glow_serum_fake/,1757690400
2025-09-12,beauty of joseon,beauty of joseon,SkincareAddiction,1nexiyu,"[Review] Sunscreens for oily/combo skin - Age 20's, Beauty of Joseon, Round Lab",Weary_Training_5462,1,1,https://reddit.com/r/SkincareAddiction/comments/1nexiyu/review_sunscreens_for_oilycombo_skin_age_20s/,1757665067
2025-09-12,beauty of joseon,beauty of joseon,SkincareAddiction,1nep572,[sun care] Sunscreen Recommendations,mellonandcollie,2,7,https://reddit.com/r/SkincareAddiction/comments/1nep572/sun_care_sunscreen_recommendations/,1757636871
2025-09-11,beauty of joseon,beauty of joseon,SkincareAddiction,1ne0ho3,[Routine help],just_a_regular_girl_,1,2,https://reddit.com/r/SkincareAddiction/comments/1ne0ho3/routine_help/,1757568257
2025-09-10,beauty of joseon,beauty of joseon,SkincareAddiction,1ndmkyx,"[Routine Help] My Evidence-based, Fragrance-Free, & Proactive Skin Health Routine (32M)",carpetstain,6,5,https://reddit.com/r/SkincareAddiction/comments/1ndmkyx/routine_help_my_evidencebased_fragrancefree/,1757529609
2025-09-10,beauty of joseon,beauty of joseon,SkincareAddiction,1nd1zdg,[Product Request] skin barrier damage?,kaichuns,1,1,https://reddit.com/r/SkincareAddiction/comments/1nd1zdg/product_request_skin_barrier_damage/,1757469968
2025-09-09,beauty of joseon,beauty of joseon,SkincareAddiction,1nconf6,"[routine help] I don’t know what my skin type is, help please!!",justcur1ou5,1,1,https://reddit.com/r/SkincareAddiction/comments/1nconf6/routine_help_i_dont_know_what_my_skin_type_is/,1757437627
2025-09-09,beauty of joseon,beauty of joseon,SkincareAddiction,1nccc5b,Serum or milky toner for extra hydration [routine help],luefswc,1,3,https://reddit.com/r/SkincareAddiction/comments/1nccc5b/serum_or_milky_toner_for_extra_hydration_routine/,1757402357
2025-09-14,beauty of joseon,beauty of joseon,IndianBeautyDeclutter,1ngr0dk,Decluttering (revised price),satan_xdd,1,6,https://reddit.com/r/IndianBeautyDeclutter/comments/1ngr0dk/decluttering_revised_price/,1757855675
2025-09-13,beauty of joseon,beauty of joseon,IndianBeautyDeclutter,1ng40lc,Decluttering..,Glowingzz,3,3,https://reddit.com/r/IndianBeautyDeclutter/comments/1ng40lc/decluttering/,1757785941
2025-09-13,beauty of joseon,beauty of joseon,IndianBeautyDeclutter,1nfrtf7,All new at 1299 plus shipping,NegotiationNo8478,7,15,https://reddit.com/r/IndianBeautyDeclutter/comments/1nfrtf7/all_new_at_1299_plus_shipping/,1757750496
2025-09-10,beauty of joseon,beauty of joseon,IndianBeautyDeclutter,1nd7xjv,Selling some items,donnahotoneatthat,2,13,https://reddit.com/r/IndianBeautyDeclutter/comments/1nd7xjv/selling_some_items/,1757490161
2025-09-15,beauty of joseon,beauty of joseon,30PlusSkinCare,1nhnrqw,Help me find a mineral sunscreen cream please!,Agitated_Beyond2010,2,2,https://reddit.com/r/30PlusSkinCare/comments/1nhnrqw/help_me_find_a_mineral_sunscreen_cream_please/,1757947411
2025-09-12,beauty of joseon,beauty of joseon,30PlusSkinCare,1nfcxmz,La Roche Posay UVMune 400 Irritation Cause?,veronica09834,1,13,https://reddit.com/r/30PlusSkinCare/comments/1nfcxmz/la_roche_posay_uvmune_400_irritation_cause/,1757706577
2025-09-12,beauty of joseon,beauty of joseon,30PlusSkinCare,1neqre5,BJ Sun Relief gone?,sisi_2,1,2,https://reddit.com/r/30PlusSkinCare/comments/1neqre5/bj_sun_relief_gone/,1757641618
2025-09-09,beauty of joseon,beauty of joseon,asianbeautyexchange,1ncmxum,[SELL] [EU] Unopened Korean Skincare ~,fluffykittenreturns,2,0,https://reddit.com/r/asianbeautyexchange/comments/1ncmxum/sell_eu_unopened_korean_skincare/,1757433789
2025-09-09,beauty of joseon,beauty of joseon,skincareexchange,1ncn1j2,[SELL] [EU] Unopened Korean Skincare ~,fluffykittenreturns,2,0,https://reddit.com/r/skincareexchange/comments/1ncn1j2/sell_eu_unopened_korean_skincare/,1757434014
2025-09-14,beauty of joseon,beauty of joseon,referralcodes,1nh3clf,"iHerb code for 10% off first order, 5% off for returning customers: CYX8984",caliidreaming,1,0,https://reddit.com/r/referralcodes/comments/1nh3clf/iherb_code_for_10_off_first_order_5_off_for/,1757885021
2025-09-09,beauty of joseon,beauty of joseon,referralcodes,1nc4l60,"iHerb code for 10% off first order, 5% off for returning customers: CYX8984",caliidreaming,1,0,https://reddit.com/r/referralcodes/comments/1nc4l60/iherb_code_for_10_off_first_order_5_off_for/,1757377454
2025-09-15,beauty of joseon,beauty of joseon,kbeauty,1nhd26g,Most Moisturizing SPF Stick,Beautifile,1,2,https://reddit.com/r/kbeauty/comments/1nhd26g/most_moisturizing_spf_stick/,1757912764
2025-09-12,beauty of joseon,beauty of joseon,kbeauty,1nf6bmg,is my BoJ glow serum fake?,merexery,0,12,https://reddit.com/r/kbeauty/comments/1nf6bmg/is_my_boj_glow_serum_fake/,1757691053
2025-09-09,beauty of joseon,beauty of joseon,kbeauty,1ncezmo,Confused which K-beauty brands are popular in Korea+routine/product advice,kamilo998,0,6,https://reddit.com/r/kbeauty/comments/1ncezmo/confused_which_kbeauty_brands_are_popular_in/,1757412897
2025-09-14,beauty of joseon,beauty of joseon,indianbeautyhauls,1ngracg,How to do I test the authenticity of BoJ products bought from Myntra,iamvirgobabygirl,10,4,https://reddit.com/r/indianbeautyhauls/comments/1ngracg/how_to_do_i_test_the_authenticity_of_boj_products/,1757856413
2025-09-13,beauty of joseon,beauty of joseon,indianbeautyhauls,1ng2qx5,Skincare Pagal u,Final_Brick_9751,51,26,https://reddit.com/r/indianbeautyhauls/comments/1ng2qx5/skincare_pagal_u/,1757782989
2025-09-09,beauty of joseon,beauty of joseon,tretinoin,1ncujj9,HELP,Common-Yak6341,1,4,https://reddit.com/r/tretinoin/comments/1ncujj9/help/,1757450578
2025-09-09,beauty of joseon,beauty of joseon,tretinoin,1ncsq5t,Desperately seeking help,Low_Celebration_7868,25,6,https://reddit.com/r/tretinoin/comments/1ncsq5t/desperately_seeking_help/,1757446577
2025-09-09,beauty of joseon,beauty of joseon,tretinoin,1nc90s4,6 month progress,Star_Dust_07_18,57,1,https://reddit.com/r/tretinoin/comments/1nc90s4/6_month_progress/,1757390410
2025-09-11,beauty of joseon,beauty of joseon,IndianBeautyTalks,1nekkeq,Is BOJ dynasty cream good?,Superb-Bee-2292,1,2,https://reddit.com/r/IndianBeautyTalks/comments/1nekkeq/is_boj_dynasty_cream_good/,1757624635
2025-09-11,beauty of joseon,beauty of joseon,IndianBeautyTalks,1ne33vi,Which one is better for skin brightening?,Over-Bed889,14,25,https://reddit.com/r/IndianBeautyTalks/comments/1ne33vi/which_one_is_better_for_skin_brightening/,1757578338
2025-09-11,beauty of joseon,beauty of joseon,IndianBeautyTalks,1ne0yka,Best eye cream/serum for puffy eyes,Grand-Bed9508,3,6,https://reddit.com/r/IndianBeautyTalks/comments/1ne0yka/best_eye_creamserum_for_puffy_eyes/,1757569994
2025-09-10,beauty of joseon,beauty of joseon,MakeupAddiction,1ndjce6,Birthday presents to myself!,SakusaKiyoomi1,17,4,https://reddit.com/r/MakeupAddiction/comments/1ndjce6/birthday_presents_to_myself/,1757522465
2025-09-15,beauty of joseon,beauty of joseon,Skincare_Addiction,1nh80p7,Beauty of Joseon Sunscreen Ingredients - Does anyone know what these are?,getHeliGirl,5,6,https://reddit.com/r/Skincare_Addiction/comments/1nh80p7/beauty_of_joseon_sunscreen_ingredients_does/,1757897460
2025-09-15,beauty of joseon,beauty of joseon,SkincareAddicts,1nhxt2w,Help 😅,devman_33,1,3,https://reddit.com/r/SkincareAddicts/comments/1nhxt2w/help/,1757969531
2025-09-14,beauty of joseon,beauty of joseon,SkincareAddicts,1nh3cvm,Routine help pls!!,mbrlc27,1,0,https://reddit.com/r/SkincareAddicts/comments/1nh3cvm/routine_help_pls/,1757885039
2025-09-13,beauty of joseon,beauty of joseon,SkincareAddicts,1ng563s,Acne after face shaving,Cat-323,1,0,https://reddit.com/r/SkincareAddicts/comments/1ng563s/acne_after_face_shaving/,1757788598
2025-09-12,beauty of joseon,beauty of joseon,SkincareAddicts,1nf63rd,"New to Retinol, 31",grave_spook,1,0,https://reddit.com/r/SkincareAddicts/comments/1nf63rd/new_to_retinol_31/,1757690546
2025-09-11,beauty of joseon,beauty of joseon,SkincareAddicts,1ne1law,Sunscreen recommendations for acne prone skin,holycowawa,1,0,https://reddit.com/r/SkincareAddicts/comments/1ne1law/sunscreen_recommendations_for_acne_prone_skin/,1757572362
2025-09-12,dalba,dalba,koreanskincare,1nfe18c,"Newbie at Korean skincare, need suggestions",Bleeding_Star,5,5,https://reddit.com/r/koreanskincare/comments/1nfe18c/newbie_at_korean_skincare_need_suggestions/,1757709180
2025-09-12,dalba,dalba,KoreanBeauty,1nfe97y,"Newbie at Korean skincare, need suggestions",Bleeding_Star,1,3,https://reddit.com/r/KoreanBeauty/comments/1nfe97y/newbie_at_korean_skincare_need_suggestions/,1757709716
2025-09-09,dalba,dalba,IndianBeautyDeclutter,1nceo9p,"What’s the best price I can find for this, and on which site?",No_Bell_6168,1,8,https://reddit.com/r/IndianBeautyDeclutter/comments/1nceo9p/whats_the_best_price_i_can_find_for_this_and_on/,1757411739
2025-09-12,dalba,dalba,30PlusSkinCare,1nfblz3,I need a powder melt type spray! Help!,samfaith13,1,0,https://reddit.com/r/30PlusSkinCare/comments/1nfblz3/i_need_a_powder_melt_type_spray_help/,1757703445
2025-09-14,dalba,dalba,IndianBeautyTalks,1nggsv0,Two kinda expensive products I bought and loved. d'Alba First Serum melts in my make-up and keeps my skin very hydrated. Mise en Scene hair serum smells great and tames my frizz like nothing else ever has.,LiteraryTravels,2,2,https://reddit.com/r/IndianBeautyTalks/comments/1nggsv0/two_kinda_expensive_products_i_bought_and_loved/,1757820679
2025-09-10,dalba,dalba,IndianBeautyTalks,1nd1zx2,How's this if anyone used it pls tell,Poised_Woman10,6,4,https://reddit.com/r/IndianBeautyTalks/comments/1nd1zx2/hows_this_if_anyone_used_it_pls_tell/,1757470015
2025-09-15,anua,anua,koreanskincare,1nhwna0,Help with new products,ugly-naked-guy18,8,3,https://reddit.com/r/koreanskincare/comments/1nhwna0/help_with_new_products/,1757966952
2025-09-14,anua,anua,koreanskincare,1nh0l88,recommendations,Every_Tumbleweed2220,2,7,https://reddit.com/r/koreanskincare/comments/1nh0l88/recommendations/,1757878527
2025-09-14,anua,anua,koreanskincare,1ngdze3,Asian gommage peelings with cellulose: 7 products review,Excellent-Sort236,7,2,https://reddit.com/r/koreanskincare/comments/1ngdze3/asian_gommage_peelings_with_cellulose_7_products/,1757811950
2025-09-12,anua,anua,koreanskincare,1nfamkg,New skin care routine: approved or nah?,Bright_Ad2864,0,0,https://reddit.com/r/koreanskincare/comments/1nfamkg/new_skin_care_routine_approved_or_nah/,1757701109
2025-09-11,anua,anua,koreanskincare,1ne24er,Influence or Deinfluence my k-beauty wishlist,chloverelle,1,6,https://reddit.com/r/koreanskincare/comments/1ne24er/influence_or_deinfluence_my_kbeauty_wishlist/,1757574445
2025-09-11,anua,anua,koreanskincare,1ne1esp,Recommendation cleanser for me!,LowSlide9235,2,3,https://reddit.com/r/koreanskincare/comments/1ne1esp/recommendation_cleanser_for_me/,1757571672
2025-09-09,anua,anua,koreanskincare,1ncy351,Starting my Korean Skincare Journey,ThrowRA_living30,4,9,https://reddit.com/r/koreanskincare/comments/1ncy351/starting_my_korean_skincare_journey/,1757459217
2025-09-09,anua,anua,koreanskincare,1ncwp36,Starting with my Korean skincare care.,Sad_Tourist4995,5,7,https://reddit.com/r/koreanskincare/comments/1ncwp36/starting_with_my_korean_skincare_care/,1757455723
2025-09-09,anua,anua,koreanskincare,1ncexyf,"Confused about which K-beauty brands are truly popular in Korea + routine/product advice (27M, UK)",kamilo998,7,17,https://reddit.com/r/koreanskincare/comments/1ncexyf/confused_about_which_kbeauty_brands_are_truly/,1757412728
2025-09-14,anua,anua,KoreanBeauty,1ngdzi2,Asian gommage peelings with cellulose: 7 products review,Excellent-Sort236,2,1,https://reddit.com/r/KoreanBeauty/comments/1ngdzi2/asian_gommage_peelings_with_cellulose_7_products/,1757811959
2025-09-11,anua,anua,KoreanBeauty,1nem3c1,Help me alter my routine or incorporate more hydrating products!,ComedianConfident736,1,3,https://reddit.com/r/KoreanBeauty/comments/1nem3c1/help_me_alter_my_routine_or_incorporate_more/,1757628457
2025-09-11,anua,anua,KoreanBeauty,1ne3v5o,What are your favorite Korean moisturizers that aren’t greasy/sticky/oily?,Old_Celebration5871,7,17,https://reddit.com/r/KoreanBeauty/comments/1ne3v5o/what_are_your_favorite_korean_moisturizers_that/,1757581388
2025-09-15,anua,anua,SkincareAddiction,1nhnl1q,[Routine help] why do i have hives on face ?,tutututtu,1,5,https://reddit.com/r/SkincareAddiction/comments/1nhnl1q/routine_help_why_do_i_have_hives_on_face/,1757946975
2025-09-15,anua,anua,SkincareAddiction,1nheh4k,Stubborn hyperpigmentation after Accutane (Fitzpatrick V) – nothing seems to work [Acne],Appropriate-Aide2076,2,4,https://reddit.com/r/SkincareAddiction/comments/1nheh4k/stubborn_hyperpigmentation_after_accutane/,1757917872
2025-09-15,anua,anua,SkincareAddiction,1nhaxci,[product question] is Anua skincare good for me?,Tasty-District1125,1,4,https://reddit.com/r/SkincareAddiction/comments/1nhaxci/product_question_is_anua_skincare_good_for_me/,1757905903
2025-09-14,anua,anua,SkincareAddiction,1ngmpr5,[Routine help] Increased oiliness after anua toner!,ev3rAster,1,2,https://reddit.com/r/SkincareAddiction/comments/1ngmpr5/routine_help_increased_oiliness_after_anua_toner/,1757841704
2025-09-14,anua,anua,SkincareAddiction,1ngig3z,[Routine Help] exfoliation days,MammothAlbatross257,2,2,https://reddit.com/r/SkincareAddiction/comments/1ngig3z/routine_help_exfoliation_days/,1757826191
2025-09-14,anua,anua,SkincareAddiction,1nggobt,[Routine Help] Why am I allergic to these moisturizers?,Top_Huckleberry6802,2,8,https://reddit.com/r/SkincareAddiction/comments/1nggobt/routine_help_why_am_i_allergic_to_these/,1757820271
2025-09-13,anua,anua,SkincareAddiction,1ng2kkb,Healing and fading cystic acne [B&A],gabbyandarthur,154,10,https://reddit.com/r/SkincareAddiction/comments/1ng2kkb/healing_and_fading_cystic_acne_ba/,1757782589
2025-09-13,anua,anua,SkincareAddiction,1nfn1jk,[routine help] dry skin,PoopyFace3572,2,3,https://reddit.com/r/SkincareAddiction/comments/1nfn1jk/routine_help_dry_skin/,1757733805
2025-09-13,anua,anua,SkincareAddiction,1nfklck,[Product Request],spacejammrrs,2,3,https://reddit.com/r/SkincareAddiction/comments/1nfklck/product_request/,1757726319
2025-09-12,anua,anua,SkincareAddiction,1nfgm1b,[ROUTINE HELP],lmaook43,2,5,https://reddit.com/r/SkincareAddiction/comments/1nfgm1b/routine_help/,1757715338
2025-09-12,anua,anua,SkincareAddiction,1nf8w4e,[Product Question] Has anyone tried the Anua 70 Moisture Cream?,Top_Huckleberry6802,3,1,https://reddit.com/r/SkincareAddiction/comments/1nf8w4e/product_question_has_anyone_tried_the_anua_70/,1757697021
2025-09-12,anua,anua,SkincareAddiction,1nf7j6r,Help me with clogged pores! [acne],Choice-Low1859,2,3,https://reddit.com/r/SkincareAddiction/comments/1nf7j6r/help_me_with_clogged_pores_acne/,1757693856
2025-09-12,anua,anua,SkincareAddiction,1newk1v,[Routine Help] Desperately seeking answers!,Spirited-Goat95,2,1,https://reddit.com/r/SkincareAddiction/comments/1newk1v/routine_help_desperately_seeking_answers/,1757661180
2025-09-12,anua,anua,SkincareAddiction,1nesf1i,[acne] how do i get rid of this?,Haunting-Treacle-184,0,3,https://reddit.com/r/SkincareAddiction/comments/1nesf1i/acne_how_do_i_get_rid_of_this/,1757646608
2025-09-11,anua,anua,SkincareAddiction,1nende4,How often and when to use these [Routine Help],Sweet-Yams,2,5,https://reddit.com/r/SkincareAddiction/comments/1nende4/how_often_and_when_to_use_these_routine_help/,1757631834
2025-09-11,anua,anua,SkincareAddiction,1ne9n71,[Routine Help] Wdyt about my new routine?,danplingx,0,3,https://reddit.com/r/SkincareAddiction/comments/1ne9n71/routine_help_wdyt_about_my_new_routine/,1757599353
2025-09-10,anua,anua,SkincareAddiction,1ndfqyy,[Acne] Struggling with acne for years,Accomplished-Bag665,3,5,https://reddit.com/r/SkincareAddiction/comments/1ndfqyy/acne_struggling_with_acne_for_years/,1757514538
2025-09-10,anua,anua,SkincareAddiction,1ndcxpi,[Product Question] Should I be worried about purging or other side effects associated with retinal when using the FATION - Nosca9 Deep Pore Cleansing Foam,Resistmemother,1,1,https://reddit.com/r/SkincareAddiction/comments/1ndcxpi/product_question_should_i_be_worried_about/,1757507587
2025-09-10,anua,anua,SkincareAddiction,1nd6tyg,[Routine Help],w1ttypup1l,1,4,https://reddit.com/r/SkincareAddiction/comments/1nd6tyg/routine_help/,1757485880
2025-09-09,anua,anua,SkincareAddiction,1nc6aeo,[Product Request] Need help finding a sunscreen that wont break me out!!,Aggravating_Spot_952,1,4,https://reddit.com/r/SkincareAddiction/comments/1nc6aeo/product_request_need_help_finding_a_sunscreen/,1757382218
2025-09-09,anua,anua,SkincareAddiction,1nc63pc,[Routine Help] I have a lot of products and not sure what the best routine would be,No_Yoghurt_3357,1,7,https://reddit.com/r/SkincareAddiction/comments/1nc63pc/routine_help_i_have_a_lot_of_products_and_not/,1757381692
2025-09-14,anua,anua,IndianBeautyDeclutter,1ngp5vq,Iso Anua Azelaic acid at affordable price,Ok_Emotion_959,2,1,https://reddit.com/r/IndianBeautyDeclutter/comments/1ngp5vq/iso_anua_azelaic_acid_at_affordable_price/,1757850260
2025-09-11,anua,anua,IndianBeautyDeclutter,1neheh0,Hyphen products,MarsupialMinute8534,1,3,https://reddit.com/r/IndianBeautyDeclutter/comments/1neheh0/hyphen_products/,1757617264
2025-09-11,anua,anua,IndianBeautyDeclutter,1neg1bb,Urgent declutter,Correct_Pick6476,2,3,https://reddit.com/r/IndianBeautyDeclutter/comments/1neg1bb/urgent_declutter/,1757614132
2025-09-09,anua,anua,IndianBeautyDeclutter,1ncibo1,✨ Declutter | Be kind & quote your price ✨,No-Violinist4371,3,1,https://reddit.com/r/IndianBeautyDeclutter/comments/1ncibo1/declutter_be_kind_quote_your_price/,1757422957
2025-09-15,anua,anua,30PlusSkinCare,1nhakde,Should I add niacinamide and/or adapalene? 39F,suyine,1,2,https://reddit.com/r/30PlusSkinCare/comments/1nhakde/should_i_add_niacinamide_andor_adapalene_39f/,1757904831
2025-09-09,anua,anua,asianbeautyexchange,1ncmxum,[SELL] [EU] Unopened Korean Skincare ~,fluffykittenreturns,4,0,https://reddit.com/r/asianbeautyexchange/comments/1ncmxum/sell_eu_unopened_korean_skincare/,1757433789
2025-09-09,anua,anua,skincareexchange,1ncn1j2,[SELL] [EU] Unopened Korean Skincare ~,fluffykittenreturns,2,0,https://reddit.com/r/skincareexchange/comments/1ncn1j2/sell_eu_unopened_korean_skincare/,1757434014
2025-09-14,anua,anua,referralcodes,1ngiz38,🌸up to 20% off at YESSTYLE with never expiring rewards code AIRZUMII20🌸,nessiiyo,1,0,https://reddit.com/r/referralcodes/comments/1ngiz38/up_to_20_off_at_yesstyle_with_never_expiring/,1757828093
2025-09-13,anua,anua,referralcodes,1nfoo6o,🌸up to 20% off at YESSTYLE with never expiring rewards code AIRZUMII20🌸,nessiiyo,1,0,https://reddit.com/r/referralcodes/comments/1nfoo6o/up_to_20_off_at_yesstyle_with_never_expiring/,1757739162
2025-09-10,anua,anua,referralcodes,1nd62df,🌸up to 20% off at YESSTYLE with never expiring rewards code AIRZUMII20🌸,nessiiyo,2,0,https://reddit.com/r/referralcodes/comments/1nd62df/up_to_20_off_at_yesstyle_with_never_expiring/,1757483038
2025-09-09,anua,anua,kbeauty,1ncezmo,Confused which K-beauty brands are popular in Korea+routine/product advice,kamilo998,0,6,https://reddit.com/r/kbeauty/comments/1ncezmo/confused_which_kbeauty_brands_are_popular_in/,1757412897
2025-09-13,anua,anua,indianbeautyhauls,1nfnpht,I finally have a bathroom cabinet for my skincare!!,Whatup-Buttercup,127,46,https://reddit.com/r/indianbeautyhauls/comments/1nfnpht/i_finally_have_a_bathroom_cabinet_for_my_skincare/,1757735930
2025-09-14,anua,anua,tretinoin,1ngqep3,06/04/2025-09/09/2025,Ok_Scarcity_202,29,0,https://reddit.com/r/tretinoin/comments/1ngqep3/0604202509092025/,1757853977
2025-09-11,anua,anua,tretinoin,1nenc49,Started using AKLIEF and after the first night my skin got so red and irritated!!!!,janulici,5,7,https://reddit.com/r/tretinoin/comments/1nenc49/started_using_aklief_and_after_the_first_night_my/,1757631734
2025-09-11,anua,anua,tretinoin,1ne8gc9,"1 month update tret 0,025%",ShortRoutine4024,135,12,https://reddit.com/r/tretinoin/comments/1ne8gc9/1_month_update_tret_0025/,1757596322
2025-09-11,anua,anua,tretinoin,1ndw8ak,Other skincare steps with tret,Key_Association_9046,5,8,https://reddit.com/r/tretinoin/comments/1ndw8ak/other_skincare_steps_with_tret/,1757554543
2025-09-10,anua,anua,tretinoin,1nd62m2,SHOULD I START TRET,lexetiustitia,2,16,https://reddit.com/r/tretinoin/comments/1nd62m2/should_i_start_tret/,1757483062
2025-09-09,anua,anua,tretinoin,1ncsq5t,Desperately seeking help,Low_Celebration_7868,25,6,https://reddit.com/r/tretinoin/comments/1ncsq5t/desperately_seeking_help/,1757446577
2025-09-09,anua,anua,PanPorn,1nc4l1f,July/August empties!,pinklattess,64,7,https://reddit.com/r/PanPorn/comments/1nc4l1f/julyaugust_empties/,1757377445
2025-09-14,anua,anua,YesstyleCodesSharing,1ngiz8c,🌸up to 20% off at YESSTYLE with never expiring rewards code AIRZUMII20🌸,nessiiyo,1,0,https://reddit.com/r/YesstyleCodesSharing/comments/1ngiz8c/up_to_20_off_at_yesstyle_with_never_expiring/,1757828108
2025-09-13,anua,anua,YesstyleCodesSharing,1nfonzi,🌸up to 20% off at YESSTYLE with never expiring rewards code AIRZUMII20🌸,nessiiyo,1,1,https://reddit.com/r/YesstyleCodesSharing/comments/1nfonzi/up_to_20_off_at_yesstyle_with_never_expiring/,1757739143
2025-09-10,anua,anua,YesstyleCodesSharing,1nd62kt,🌸up to 20% off at YESSTYLE with never expiring rewards code AIRZUMII20🌸,nessiiyo,1,0,https://reddit.com/r/YesstyleCodesSharing/comments/1nd62kt/up_to_20_off_at_yesstyle_with_never_expiring/,1757483059
2025-09-14,anua,anua,SkincareAddicts,1nh5c6y,"How i got rid of sebaceous filaments (kinda, for now)",crackerballs89,66,9,https://reddit.com/r/SkincareAddicts/comments/1nh5c6y/how_i_got_rid_of_sebaceous_filaments_kinda_for_now/,1757890023
2025-09-13,anua,anua,SkincareAddicts,1ng5fie,What is causing my breakout/ is it fungal? Is it getting better or worse,Standard-Abalone-838,0,1,https://reddit.com/r/SkincareAddicts/comments/1ng5fie/what_is_causing_my_breakout_is_it_fungal_is_it/,1757789213
2025-09-12,anua,anua,SkincareAddicts,1nfbpdy,Sunscreen recommendations please!!,organgrub,1,1,https://reddit.com/r/SkincareAddicts/comments/1nfbpdy/sunscreen_recommendations_please/,1757703660
2025-09-09,anua,anua,SkincareAddicts,1nckebs,Guysss please please help me,dostoevsky_moriarty,0,5,https://reddit.com/r/SkincareAddicts/comments/1nckebs/guysss_please_please_help_me/,1757428005
2025-09-12,biodance,biodance,koreanskincare,1nezs23,product recommendations for dry & sensitive skin,whuelisa,2,23,https://reddit.com/r/koreanskincare/comments/1nezs23/product_recommendations_for_dry_sensitive_skin/,1757673619
2025-09-09,biodance,biodance,koreanskincare,1ncwp36,Starting with my Korean skincare care.,Sad_Tourist4995,4,7,https://reddit.com/r/koreanskincare/comments/1ncwp36/starting_with_my_korean_skincare_care/,1757455723
2025-09-14,biodance,biodance,indianbeautyhauls,1nglwj5,Little treat to myself ✨,Outrageous_Tower9799,8,2,https://reddit.com/r/indianbeautyhauls/comments/1nglwj5/little_treat_to_myself/,1757838671
2025-09-10,biodance,biodance,IndianBeautyTalks,1nd50gy,Event tomorrow at 11 AM 😮‍💨 how and when to use Biodance Collagen Mask,oursecretdiary,28,24,https://reddit.com/r/IndianBeautyTalks/comments/1nd50gy/event_tomorrow_at_11_am_how_and_when_to_use/,1757479288
2025-09-15,numbuzin,numbuzin,AsianBeauty,1ni0lm9,What are your HG products for skin brightening?,Tteokwhaleattack,4,5,https://reddit.com/r/AsianBeauty/comments/1ni0lm9/what_are_your_hg_products_for_skin_brightening/,1757976224
2025-09-15,numbuzin,numbuzin,koreanskincare,1nhxucx,Numbuzin No.2 serum vs. Purito unscented serum,moonlight_shadow_35,1,0,https://reddit.com/r/koreanskincare/comments/1nhxucx/numbuzin_no2_serum_vs_purito_unscented_serum/,1757969612
2025-09-14,numbuzin,numbuzin,koreanskincare,1nh0l88,recommendations,Every_Tumbleweed2220,2,7,https://reddit.com/r/koreanskincare/comments/1nh0l88/recommendations/,1757878527
2025-09-13,numbuzin,numbuzin,koreanskincare,1nfp04s,Would I like Numbuzin No 3 Toner?,michelleslife13,3,1,https://reddit.com/r/koreanskincare/comments/1nfp04s/would_i_like_numbuzin_no_3_toner/,1757740312
2025-09-12,numbuzin,numbuzin,koreanskincare,1nfe18c,"Newbie at Korean skincare, need suggestions",Bleeding_Star,3,5,https://reddit.com/r/koreanskincare/comments/1nfe18c/newbie_at_korean_skincare_need_suggestions/,1757709180
2025-09-12,numbuzin,numbuzin,koreanskincare,1nf237x,Routine Thoughts,Oofoofoof969,2,2,https://reddit.com/r/koreanskincare/comments/1nf237x/routine_thoughts/,1757680684
2025-09-11,numbuzin,numbuzin,koreanskincare,1ne00yx,"Need Help Building a Hydrating, Fungal-Acne Safe Routine.",PatientlyAmbrosia,6,3,https://reddit.com/r/koreanskincare/comments/1ne00yx/need_help_building_a_hydrating_fungalacne_safe/,1757566586
2025-09-10,numbuzin,numbuzin,koreanskincare,1nd3s1h,Anti-Aging Heavy Hitters,Charming_Mud_429,71,48,https://reddit.com/r/koreanskincare/comments/1nd3s1h/antiaging_heavy_hitters/,1757475304
2025-09-15,numbuzin,numbuzin,KoreanBeauty,1ni22ru,Looking for sunscreen recs!,ZorritaEmo,1,2,https://reddit.com/r/KoreanBeauty/comments/1ni22ru/looking_for_sunscreen_recs/,1757980055
2025-09-12,numbuzin,numbuzin,KoreanBeauty,1nfe97y,"Newbie at Korean skincare, need suggestions",Bleeding_Star,1,3,https://reddit.com/r/KoreanBeauty/comments/1nfe97y/newbie_at_korean_skincare_need_suggestions/,1757709716
2025-09-11,numbuzin,numbuzin,KoreanBeauty,1ndwe02,Numbuzin No 9 NAD Bio Lifting essence dupe?,Sweaty_Head356,1,1,https://reddit.com/r/KoreanBeauty/comments/1ndwe02/numbuzin_no_9_nad_bio_lifting_essence_dupe/,1757555023
2025-09-15,numbuzin,numbuzin,SkincareAddiction,1nhxwtd,[Product Question] Numbuzin No.2 serum vs Purito unscented serum,moonlight_shadow_35,1,1,https://reddit.com/r/SkincareAddiction/comments/1nhxwtd/product_question_numbuzin_no2_serum_vs_purito/,1757969765
2025-09-15,numbuzin,numbuzin,SkincareAddiction,1nheh4k,Stubborn hyperpigmentation after Accutane (Fitzpatrick V) – nothing seems to work [Acne],Appropriate-Aide2076,2,4,https://reddit.com/r/SkincareAddiction/comments/1nheh4k/stubborn_hyperpigmentation_after_accutane/,1757917872
2025-09-13,numbuzin,numbuzin,SkincareAddiction,1ng0ej1,[Product Question] [Routine Help] Thinking of Finacea Gel 15%,strawberryoftheindie,0,5,https://reddit.com/r/SkincareAddiction/comments/1ng0ej1/product_question_routine_help_thinking_of_finacea/,1757777378
2025-09-12,numbuzin,numbuzin,SkincareAddiction,1nfgjh8,[Acne] Struggling with acne and scars.,hogwartskeeper,3,4,https://reddit.com/r/SkincareAddiction/comments/1nfgjh8/acne_struggling_with_acne_and_scars/,1757715157
2025-09-12,numbuzin,numbuzin,SkincareAddiction,1nfdgok,[Routine Help] Need a good face wash while on Tret + New PDRN,strawberryoftheindie,1,1,https://reddit.com/r/SkincareAddiction/comments/1nfdgok/routine_help_need_a_good_face_wash_while_on_tret/,1757707832
2025-09-13,numbuzin,numbuzin,IndianBeautyDeclutter,1nfpkjh,Decluttering,axzlo,5,10,https://reddit.com/r/IndianBeautyDeclutter/comments/1nfpkjh/decluttering/,1757742317
2025-09-11,numbuzin,numbuzin,IndianBeautyDeclutter,1ne4go9,"Selling Mixsoon, Numbuzin, Iunik, and VT.",insatiable_omnivore,1,3,https://reddit.com/r/IndianBeautyDeclutter/comments/1ne4go9/selling_mixsoon_numbuzin_iunik_and_vt/,1757583765
2025-09-09,numbuzin,numbuzin,asianbeautyexchange,1ncmxum,[SELL] [EU] Unopened Korean Skincare ~,fluffykittenreturns,4,0,https://reddit.com/r/asianbeautyexchange/comments/1ncmxum/sell_eu_unopened_korean_skincare/,1757433789
2025-09-09,numbuzin,numbuzin,skincareexchange,1ncn1j2,[SELL] [EU] Unopened Korean Skincare ~,fluffykittenreturns,2,0,https://reddit.com/r/skincareexchange/comments/1ncn1j2/sell_eu_unopened_korean_skincare/,1757434014
2025-09-15,numbuzin,numbuzin,tretinoin,1nhxy60,"Need a good barrier serum, which is better?",moonlight_shadow_35,3,1,https://reddit.com/r/tretinoin/comments/1nhxy60/need_a_good_barrier_serum_which_is_better/,1757969854
2025-09-12,numbuzin,numbuzin,tretinoin,1nfddck,Alternative to Panoxyl face wash while on Tret,strawberryoftheindie,1,2,https://reddit.com/r/tretinoin/comments/1nfddck/alternative_to_panoxyl_face_wash_while_on_tret/,1757707615
2025-09-14,numbuzin,numbuzin,SkincareAddicts,1ngnr84,Need review of numbuzin panthenoic moisturizer,alexander6644,1,0,https://reddit.com/r/SkincareAddicts/comments/1ngnr84/need_review_of_numbuzin_panthenoic_moisturizer/,1757845519
2025-09-15,be the skin,be the skin,AsianBeauty,1nhogvr,"HAVE A QUESTION? ASK HERE! Alter-Daily Help and Questions: September 15, 2025",AutoModerator,1,4,https://reddit.com/r/AsianBeauty/comments/1nhogvr/have_a_question_ask_here_alterdaily_help_and/,1757948971
2025-09-15,be the skin,be the skin,AsianBeauty,1nhdxfn,[News] Notable New Olive Young Online Launches & Brand Updates 2nd week of September,dataa_specialist,28,0,https://reddit.com/r/AsianBeauty/comments/1nhdxfn/news_notable_new_olive_young_online_launches/,1757915911
2025-09-14,be the skin,be the skin,AsianBeauty,1ngfzwx,"Canmake My Tone Couture (GT01, MT01, MT02 & MT04) Review",ayumq1,39,3,https://reddit.com/r/AsianBeauty/comments/1ngfzwx/canmake_my_tone_couture_gt01_mt01_mt02_mt04_review/,1757818133
2025-09-13,be the skin,be the skin,AsianBeauty,1ng83hq,TJMAXX Haul/Review,blueaqua_12,327,30,https://reddit.com/r/AsianBeauty/comments/1ng83hq/tjmaxx_haulreview/,1757795830
2025-09-13,be the skin,be the skin,AsianBeauty,1nfzw92,"HAVE A QUESTION? ASK HERE! Alter-Daily Help and Questions: September 13, 2025",AutoModerator,4,33,https://reddit.com/r/AsianBeauty/comments/1nfzw92/have_a_question_ask_here_alterdaily_help_and/,1757776173
2025-09-12,be the skin,be the skin,AsianBeauty,1nf7bpy,"Am I going mad, or did 3CE discontinue their Syrup Layering Tints? Are there any alternatives with no weird smell/taste?",NemotheChibi,6,6,https://reddit.com/r/AsianBeauty/comments/1nf7bpy/am_i_going_mad_or_did_3ce_discontinue_their_syrup/,1757693370
2025-09-12,be the skin,be the skin,AsianBeauty,1newza8,J-Beauty Haul,Extension_Climate471,198,19,https://reddit.com/r/AsianBeauty/comments/1newza8/jbeauty_haul/,1757662849
2025-09-11,be the skin,be the skin,AsianBeauty,1nebcus,"HAVE A QUESTION? ASK HERE! Alter-Daily Help and Questions: September 11, 2025",AutoModerator,3,82,https://reddit.com/r/AsianBeauty/comments/1nebcus/have_a_question_ask_here_alterdaily_help_and/,1757603376
2025-09-10,be the skin,be the skin,AsianBeauty,1nd9ool,"I didn’t expect much, but this cream impressed me",ComposerSilent8711,435,52,https://reddit.com/r/AsianBeauty/comments/1nd9ool/i_didnt_expect_much_but_this_cream_impressed_me/,1757497171
2025-09-10,be the skin,be the skin,AsianBeauty,1nd31s1,[Discussion] Rising Trends in U.S Consumers for Pigmentation/Dark spots in the Fist Half of 2025 (Based on Sephora Data),dataa_specialist,26,3,https://reddit.com/r/AsianBeauty/comments/1nd31s1/discussion_rising_trends_in_us_consumers_for/,1757473084
2025-09-09,be the skin,be the skin,AsianBeauty,1nclijk,"HAVE A QUESTION? ASK HERE! Alter-Daily Help and Questions: September 09, 2025",AutoModerator,0,62,https://reddit.com/r/AsianBeauty/comments/1nclijk/have_a_question_ask_here_alterdaily_help_and/,1757430569
2025-09-09,be the skin,be the skin,AsianBeauty,1nc758q,[News] Notable New Olive Young Online Launches & Brand Updates (July - 1st week of September),dataa_specialist,37,10,https://reddit.com/r/AsianBeauty/comments/1nc758q/news_notable_new_olive_young_online_launches/,1757384677
2025-09-15,be the skin,be the skin,koreanskincare,1nhmkja,Where to buy?,No_Kaleidoscope_6717,1,4,https://reddit.com/r/koreanskincare/comments/1nhmkja/where_to_buy/,1757944637
2025-09-15,be the skin,be the skin,koreanskincare,1nhlwqp,Double cleaning After Sunscreen is a Lie (atleast for me),OptionSimilar3851,0,31,https://reddit.com/r/koreanskincare/comments/1nhlwqp/double_cleaning_after_sunscreen_is_a_lie_atleast/,1757943029
2025-09-15,be the skin,be the skin,koreanskincare,1nhfogl,My saving grace after my first chemical peel,kesun,7,2,https://reddit.com/r/koreanskincare/comments/1nhfogl/my_saving_grace_after_my_first_chemical_peel/,1757922487
2025-09-15,be the skin,be the skin,koreanskincare,1nh92zb,Another top skincare from a real Korean living in Korea (37m),Key_Ad6205,170,20,https://reddit.com/r/koreanskincare/comments/1nh92zb/another_top_skincare_from_a_real_korean_living_in/,1757900510
2025-09-14,be the skin,be the skin,koreanskincare,1ngtjbf,Recommendations?,Pristine-Success-247,9,17,https://reddit.com/r/koreanskincare/comments/1ngtjbf/recommendations/,1757862134
2025-09-14,be the skin,be the skin,koreanskincare,1ngdze3,Asian gommage peelings with cellulose: 7 products review,Excellent-Sort236,6,2,https://reddit.com/r/koreanskincare/comments/1ngdze3/asian_gommage_peelings_with_cellulose_7_products/,1757811950
2025-09-13,be the skin,be the skin,koreanskincare,1ngb8n1,"Anti-aging, serum+moisturiser +primer+spf50 - does it exist???",Temporary-Quality28,0,2,https://reddit.com/r/koreanskincare/comments/1ngb8n1/antiaging_serummoisturiser_primerspf50_does_it/,1757804089
2025-09-13,be the skin,be the skin,koreanskincare,1ng25w8,Help,StrawberryMajor447,1,5,https://reddit.com/r/koreanskincare/comments/1ng25w8/help/,1757781593
2025-09-13,be the skin,be the skin,koreanskincare,1nfzlr8,Anyone Faced Allergic Reaction With These?,omnipotentmisery,39,70,https://reddit.com/r/koreanskincare/comments/1nfzlr8/anyone_faced_allergic_reaction_with_these/,1757775489
2025-09-13,be the skin,be the skin,koreanskincare,1nfp04s,Would I like Numbuzin No 3 Toner?,michelleslife13,3,1,https://reddit.com/r/koreanskincare/comments/1nfp04s/would_i_like_numbuzin_no_3_toner/,1757740312
2025-09-13,be the skin,be the skin,koreanskincare,1nfod4f,Best skincare brand and routine for blemishes and heavy hyperpigmentation?,Troubled-daughter,1,1,https://reddit.com/r/koreanskincare/comments/1nfod4f/best_skincare_brand_and_routine_for_blemishes_and/,1757738094
2025-09-13,be the skin,be the skin,koreanskincare,1nfm5h8,What else should I add?,Vast_Drawing_7613,25,14,https://reddit.com/r/koreanskincare/comments/1nfm5h8/what_else_should_i_add/,1757731014
2025-09-13,be the skin,be the skin,koreanskincare,1nfl8hr,Migraines Linked to products?,Fun-Nebula4908,1,4,https://reddit.com/r/koreanskincare/comments/1nfl8hr/migraines_linked_to_products/,1757728230
2025-09-12,be the skin,be the skin,koreanskincare,1nfamkg,New skin care routine: approved or nah?,Bright_Ad2864,0,0,https://reddit.com/r/koreanskincare/comments/1nfamkg/new_skin_care_routine_approved_or_nah/,1757701109
2025-09-12,be the skin,be the skin,koreanskincare,1nf50zp,Need help choosing- Illiyoon cream vs. Purito pantheon cream,tarapin,27,31,https://reddit.com/r/koreanskincare/comments/1nf50zp/need_help_choosing_illiyoon_cream_vs_purito/,1757688002
2025-09-12,be the skin,be the skin,koreanskincare,1nezc3y,Need to find the right toner for me,rahhzzz-,39,39,https://reddit.com/r/koreanskincare/comments/1nezc3y/need_to_find_the_right_toner_for_me/,1757672034
2025-09-12,be the skin,be the skin,koreanskincare,1neu7p1,Of way ginseng repair ampoule,Altruistic_Oil9574,1,0,https://reddit.com/r/koreanskincare/comments/1neu7p1/of_way_ginseng_repair_ampoule/,1757652445
2025-09-11,be the skin,be the skin,koreanskincare,1neocsc,Judge my skincare!,accs19,28,10,https://reddit.com/r/koreanskincare/comments/1neocsc/judge_my_skincare/,1757634619
2025-09-11,be the skin,be the skin,koreanskincare,1nefy8s,First Korean Beauty Order,Infinite_Hat5261,8,3,https://reddit.com/r/koreanskincare/comments/1nefy8s/first_korean_beauty_order/,1757613938
2025-09-11,be the skin,be the skin,koreanskincare,1ned9du,serums with peptides & ceramides!,cupkiyomi,1,0,https://reddit.com/r/koreanskincare/comments/1ned9du/serums_with_peptides_ceramides/,1757607852
2025-09-11,be the skin,be the skin,koreanskincare,1ne5djp,Serum for Oily Skin: How to Keep Your Skin Healthy and Glowing,No-Expression7803,0,0,https://reddit.com/r/koreanskincare/comments/1ne5djp/serum_for_oily_skin_how_to_keep_your_skin_healthy/,1757587108
2025-09-11,be the skin,be the skin,koreanskincare,1ne00yx,"Need Help Building a Hydrating, Fungal-Acne Safe Routine.",PatientlyAmbrosia,7,3,https://reddit.com/r/koreanskincare/comments/1ne00yx/need_help_building_a_hydrating_fungalacne_safe/,1757566586
2025-09-10,be the skin,be the skin,koreanskincare,1ndlgvu,Winter moisturizer recs pt 2,Guilty-Vanilla3013,1,1,https://reddit.com/r/koreanskincare/comments/1ndlgvu/winter_moisturizer_recs_pt_2/,1757527112
2025-09-10,be the skin,be the skin,koreanskincare,1ndc3w6,What’s your biggest struggle with kbeauty?,AppleJuice279,38,54,https://reddit.com/r/koreanskincare/comments/1ndc3w6/whats_your_biggest_struggle_with_kbeauty/,1757505300
2025-09-10,be the skin,be the skin,koreanskincare,1nd4srm,Am I using too much niacinamide?,kyunyudeobi,1,5,https://reddit.com/r/koreanskincare/comments/1nd4srm/am_i_using_too_much_niacinamide/,1757478573
2025-09-10,be the skin,be the skin,koreanskincare,1nd3s1h,Anti-Aging Heavy Hitters,Charming_Mud_429,69,48,https://reddit.com/r/koreanskincare/comments/1nd3s1h/antiaging_heavy_hitters/,1757475304
2025-09-10,be the skin,be the skin,koreanskincare,1nd0pgk,Simple Routine for Teenage Acne?,labtech67,1,3,https://reddit.com/r/koreanskincare/comments/1nd0pgk/simple_routine_for_teenage_acne/,1757466360
2025-09-09,be the skin,be the skin,koreanskincare,1ncy0j2,What can I do to improve my makeup/skin prep routine?,Boring_Background641,1,0,https://reddit.com/r/koreanskincare/comments/1ncy0j2/what_can_i_do_to_improve_my_makeupskin_prep/,1757459031
2025-09-09,be the skin,be the skin,koreanskincare,1ncexyf,"Confused about which K-beauty brands are truly popular in Korea + routine/product advice (27M, UK)",kamilo998,7,17,https://reddit.com/r/koreanskincare/comments/1ncexyf/confused_about_which_kbeauty_brands_are_truly/,1757412728
2025-09-09,be the skin,be the skin,koreanskincare,1nc60h9,Help with routine,SnooChickens4376,2,8,https://reddit.com/r/koreanskincare/comments/1nc60h9/help_with_routine/,1757381438
2025-09-15,be the skin,be the skin,KoreanBeauty,1nhw7p3,Are there any good mineral sunscreens still on the market?,monkeyinwinter,1,5,https://reddit.com/r/KoreanBeauty/comments/1nhw7p3/are_there_any_good_mineral_sunscreens_still_on/,1757966000
2025-09-15,be the skin,be the skin,KoreanBeauty,1nhq9c3,Seoul Olive Young Eczema,Delicious-salad29,1,4,https://reddit.com/r/KoreanBeauty/comments/1nhq9c3/seoul_olive_young_eczema/,1757952922
2025-09-15,be the skin,be the skin,KoreanBeauty,1nhdhjq,K beauty in Las Vegas?,sallowmoon,3,3,https://reddit.com/r/KoreanBeauty/comments/1nhdhjq/k_beauty_in_las_vegas/,1757914275
2025-09-15,be the skin,be the skin,KoreanBeauty,1nhd2jo,"Tried 3 Skin Clinics in Myeongdong: my 2 weeks skincare journey (Evia, Dr.Designer, Val:U)",TutorOk9089,21,11,https://reddit.com/r/KoreanBeauty/comments/1nhd2jo/tried_3_skin_clinics_in_myeongdong_my_2_weeks/,1757912799
2025-09-15,be the skin,be the skin,KoreanBeauty,1nhd20w,need to know haircare ingredients,ReadingPanda3,3,2,https://reddit.com/r/KoreanBeauty/comments/1nhd20w/need_to_know_haircare_ingredients/,1757912748
2025-09-14,be the skin,be the skin,KoreanBeauty,1ngsddd,Tips for first visit to South Korea,amaltia,2,7,https://reddit.com/r/KoreanBeauty/comments/1ngsddd/tips_for_first_visit_to_south_korea/,1757859244
2025-09-14,be the skin,be the skin,KoreanBeauty,1ngr5nu,Looking for foreigner-friendly custom skincare clinics :),levinlemons,0,4,https://reddit.com/r/KoreanBeauty/comments/1ngr5nu/looking_for_foreignerfriendly_custom_skincare/,1757856060
2025-09-14,be the skin,be the skin,KoreanBeauty,1ngofox,Korean skincare,Key-Check-2182,5,23,https://reddit.com/r/KoreanBeauty/comments/1ngofox/korean_skincare/,1757847877
2025-09-14,be the skin,be the skin,KoreanBeauty,1ngdzi2,Asian gommage peelings with cellulose: 7 products review,Excellent-Sort236,2,1,https://reddit.com/r/KoreanBeauty/comments/1ngdzi2/asian_gommage_peelings_with_cellulose_7_products/,1757811959
2025-09-12,be the skin,be the skin,KoreanBeauty,1ney435,Seoul skin clinic experince,Lumpy-Implement-3262,3,1,https://reddit.com/r/KoreanBeauty/comments/1ney435/seoul_skin_clinic_experince/,1757667426
2025-09-12,be the skin,be the skin,KoreanBeauty,1netzei,fragrance free skincare that smells good? recommendations please :),strawberrycakealice,3,1,https://reddit.com/r/KoreanBeauty/comments/1netzei/fragrance_free_skincare_that_smells_good/,1757651641
2025-09-11,be the skin,be the skin,KoreanBeauty,1nea3i9,serums with both peptides & ceramides,cupkiyomi,5,12,https://reddit.com/r/KoreanBeauty/comments/1nea3i9/serums_with_both_peptides_ceramides/,1757600467
2025-09-11,be the skin,be the skin,KoreanBeauty,1ne46p0,"Can a clueless man get some advice for oily, red skin?",KillianPablo,1,4,https://reddit.com/r/KoreanBeauty/comments/1ne46p0/can_a_clueless_man_get_some_advice_for_oily_red/,1757582657
2025-09-10,be the skin,be the skin,KoreanBeauty,1nds0lk,Routine Opinions + Possible Purchases,Psyco_Student,1,1,https://reddit.com/r/KoreanBeauty/comments/1nds0lk/routine_opinions_possible_purchases/,1757542708
2025-09-10,be the skin,be the skin,KoreanBeauty,1ndn621,Skincare treatments in Korea with a damaged skin barrier + planning a beach trip,Striking-Tonight2060,1,3,https://reddit.com/r/KoreanBeauty/comments/1ndn621/skincare_treatments_in_korea_with_a_damaged_skin/,1757530909
2025-09-09,be the skin,be the skin,KoreanBeauty,1ncxwx8,Is innisfree no sebum primer compatible with missha magic cushion for oily combination skin? What could I improve on my makeup routine/products?,Boring_Background641,2,2,https://reddit.com/r/KoreanBeauty/comments/1ncxwx8/is_innisfree_no_sebum_primer_compatible_with/,1757458791
2025-09-09,be the skin,be the skin,KoreanBeauty,1ncs2ve,Seoul Beauty Treatment Recs (affordable/value),WildFlour22,7,2,https://reddit.com/r/KoreanBeauty/comments/1ncs2ve/seoul_beauty_treatment_recs_affordablevalue/,1757445164
2025-09-09,be the skin,be the skin,KoreanBeauty,1ncra89,Need help building a routine!! Products and current routine in caption,Alarmed_Elevator2747,2,1,https://reddit.com/r/KoreanBeauty/comments/1ncra89/need_help_building_a_routine_products_and_current/,1757443441
2025-09-09,be the skin,be the skin,KoreanBeauty,1nc8lqt,Tinted physical sunscreen recommendation,Tourist_in_Singapore,1,5,https://reddit.com/r/KoreanBeauty/comments/1nc8lqt/tinted_physical_sunscreen_recommendation/,1757389095
2025-09-15,be the skin,be the skin,SkincareAddiction,1ni28zd,[Product Request] best face masks for sensitive and acne prone skin?,emaleekaate,2,2,https://reddit.com/r/SkincareAddiction/comments/1ni28zd/product_request_best_face_masks_for_sensitive_and/,1757980527
2025-09-15,be the skin,be the skin,SkincareAddiction,1ni1fdq,[Routine Help] Confused on Cleanser vs Toner vs Differin,Loose-Variety-5502,1,2,https://reddit.com/r/SkincareAddiction/comments/1ni1fdq/routine_help_confused_on_cleanser_vs_toner_vs/,1757978353
2025-09-15,be the skin,be the skin,SkincareAddiction,1nhzhym,"[Acne] Is it purging, breakout or reaction?",HungryChoice975,6,10,https://reddit.com/r/SkincareAddiction/comments/1nhzhym/acne_is_it_purging_breakout_or_reaction/,1757973556
2025-09-15,be the skin,be the skin,SkincareAddiction,1nhy3gs,"[Routine Help] have tried everything retinol and retinal, skin needs it but is too dry, help!",Brave_Answer1145,1,3,https://reddit.com/r/SkincareAddiction/comments/1nhy3gs/routine_help_have_tried_everything_retinol_and/,1757970175
2025-09-15,be the skin,be the skin,SkincareAddiction,1nhvtfe,[ACNE] hormonal acne at 24?,mikewazowskies,2,1,https://reddit.com/r/SkincareAddiction/comments/1nhvtfe/acne_hormonal_acne_at_24/,1757965127
2025-09-15,be the skin,be the skin,SkincareAddiction,1nhumk8,"Inflamed itchy, bumpy, dry rash on forehead [Acne]",Artistic-Movie-8822,1,0,https://reddit.com/r/SkincareAddiction/comments/1nhumk8/inflamed_itchy_bumpy_dry_rash_on_forehead_acne/,1757962522
2025-09-15,be the skin,be the skin,SkincareAddiction,1nhudjf,[Product Question] Where can I find Vaseline Problem Skin Therapy in USA?,theanonlady,4,2,https://reddit.com/r/SkincareAddiction/comments/1nhudjf/product_question_where_can_i_find_vaseline/,1757961968
2025-09-15,be the skin,be the skin,SkincareAddiction,1nhtvvg,"[Product Question] New to skincare,NEED HELP",FamiliarBit_223,1,2,https://reddit.com/r/SkincareAddiction/comments/1nhtvvg/product_question_new_to_skincareneed_help/,1757960887
2025-09-15,be the skin,be the skin,SkincareAddiction,1nhttxt,"NEW OR NEED HELP? Ask here! - ScA Daily Help Thread Sep 15, 2025",AutoModerator,1,10,https://reddit.com/r/SkincareAddiction/comments/1nhttxt/new_or_need_help_ask_here_sca_daily_help_thread/,1757960770
2025-09-15,be the skin,be the skin,SkincareAddiction,1nhsyob,[routine help] burn on chin - help!,absolutelibra,1,2,https://reddit.com/r/SkincareAddiction/comments/1nhsyob/routine_help_burn_on_chin_help/,1757958885
2025-09-15,be the skin,be the skin,SkincareAddiction,1nhsdak,[acne] Mild acne treatment,BusyImpression89,2,1,https://reddit.com/r/SkincareAddiction/comments/1nhsdak/acne_mild_acne_treatment/,1757957564
2025-09-15,be the skin,be the skin,SkincareAddiction,1nhs9mr,PIE is ruining my life [Acne],nyanapotheosis,1,12,https://reddit.com/r/SkincareAddiction/comments/1nhs9mr/pie_is_ruining_my_life_acne/,1757957344
2025-09-15,be the skin,be the skin,SkincareAddiction,1nhrgnf,"[routine help] 28F, help before I lose my mind",Sea-Rope4896,24,50,https://reddit.com/r/SkincareAddiction/comments/1nhrgnf/routine_help_28f_help_before_i_lose_my_mind/,1757955603
2025-09-15,be the skin,be the skin,SkincareAddiction,1nhrdg3,[Routine Help] tan that won’t go away,SunNew1798,2,2,https://reddit.com/r/SkincareAddiction/comments/1nhrdg3/routine_help_tan_that_wont_go_away/,1757955404
2025-09-15,be the skin,be the skin,SkincareAddiction,1nhqe6t,[Product Request] Acne Prone Skin + Humid Climate,Future-Sherbert-1558,3,2,https://reddit.com/r/SkincareAddiction/comments/1nhqe6t/product_request_acne_prone_skin_humid_climate/,1757953228
2025-09-15,be the skin,be the skin,SkincareAddiction,1nhq4vp,Damaged skin barrier? [Routine Help],primordialsuper,5,5,https://reddit.com/r/SkincareAddiction/comments/1nhq4vp/damaged_skin_barrier_routine_help/,1757952642
2025-09-15,be the skin,be the skin,SkincareAddiction,1nhplh0,Help with Under Eyes [Product Request],mostmagicalkt,0,2,https://reddit.com/r/SkincareAddiction/comments/1nhplh0/help_with_under_eyes_product_request/,1757951458
2025-09-15,be the skin,be the skin,SkincareAddiction,1nhn826,[Routine Help] new skincare breaking me out,raerose99,2,9,https://reddit.com/r/SkincareAddiction/comments/1nhn826/routine_help_new_skincare_breaking_me_out/,1757946138
2025-09-15,be the skin,be the skin,SkincareAddiction,1nhn1kz,[Routine Help] Greasy face when I wake up in the morning,booksandwriting,1,3,https://reddit.com/r/SkincareAddiction/comments/1nhn1kz/routine_help_greasy_face_when_i_wake_up_in_the/,1757945726
2025-09-15,be the skin,be the skin,SkincareAddiction,1nhkrvs,[Product Request] Moisturizer help,casakiwi,2,2,https://reddit.com/r/SkincareAddiction/comments/1nhkrvs/product_request_moisturizer_help/,1757940157
2025-09-15,be the skin,be the skin,SkincareAddiction,1nhjtpr,Looking for Advice on [Acne],Soggy-Cornflakes,3,20,https://reddit.com/r/SkincareAddiction/comments/1nhjtpr/looking_for_advice_on_acne/,1757937506
2025-09-15,be the skin,be the skin,SkincareAddiction,1nhj7qr,[Routine Help] introducing AHA/BHA to tackle occasional whiteheads,Lazy-Recognition-579,1,1,https://reddit.com/r/SkincareAddiction/comments/1nhj7qr/routine_help_introducing_ahabha_to_tackle/,1757935625
2025-09-15,be the skin,be the skin,SkincareAddiction,1nhgy3r,"Thought this toner can treat my acne, but it didn’t. Here’s what I’ve learned after using it for three weeks.[review]",ComposerSilent8711,31,42,https://reddit.com/r/SkincareAddiction/comments/1nhgy3r/thought_this_toner_can_treat_my_acne_but_it_didnt/,1757927632
2025-09-15,be the skin,be the skin,SkincareAddiction,1nhe9au,"Acne since 1st grade, about to turn 20. Desperate help needed. [Acne]",marsowse,9,23,https://reddit.com/r/SkincareAddiction/comments/1nhe9au/acne_since_1st_grade_about_to_turn_20_desperate/,1757917077
2025-09-15,be the skin,be the skin,SkincareAddiction,1nhdudn,[Product Request] Dupe for Haruharu Soft cleansing gel?,spihcsyalsamoht,1,2,https://reddit.com/r/SkincareAddiction/comments/1nhdudn/product_request_dupe_for_haruharu_soft_cleansing/,1757915594
2025-09-15,be the skin,be the skin,SkincareAddiction,1nhaxci,[product question] is Anua skincare good for me?,Tasty-District1125,1,4,https://reddit.com/r/SkincareAddiction/comments/1nhaxci/product_question_is_anua_skincare_good_for_me/,1757905903
2025-09-15,be the skin,be the skin,SkincareAddiction,1nh9m59,"[Product Request] nose is oily, dry AND flaky???",AbjectStudent9068,1,4,https://reddit.com/r/SkincareAddiction/comments/1nh9m59/product_request_nose_is_oily_dry_and_flaky/,1757902055
2025-09-15,be the skin,be the skin,SkincareAddiction,1nh9f4u,[Product Question],BrownKirbyzzz,1,2,https://reddit.com/r/SkincareAddiction/comments/1nh9f4u/product_question/,1757901498
2025-09-15,be the skin,be the skin,SkincareAddiction,1nh93ix,[routine help] can i use gentle peeling exfoliants while using salicylic & glycolic acid?,TreeguyStayhigh,1,2,https://reddit.com/r/SkincareAddiction/comments/1nh93ix/routine_help_can_i_use_gentle_peeling_exfoliants/,1757900552
2025-09-15,be the skin,be the skin,SkincareAddiction,1nh8vxm,[Routine Help] New to skincare,wowthatssocool2023,2,3,https://reddit.com/r/SkincareAddiction/comments/1nh8vxm/routine_help_new_to_skincare/,1757899946
2025-09-15,be the skin,be the skin,SkincareAddiction,1nh8vs1,"[Routine Help] My nose is red, oily and extremely itchy",Sirschwung,4,2,https://reddit.com/r/SkincareAddiction/comments/1nh8vs1/routine_help_my_nose_is_red_oily_and_extremely/,1757899933
2025-09-14,be the skin,be the skin,SkincareAddiction,1nh5h0x,[Routine Help] Damaged skin barrier/rosacea?,daddyshrek01,1,6,https://reddit.com/r/SkincareAddiction/comments/1nh5h0x/routine_help_damaged_skin_barrierrosacea/,1757890394
2025-09-14,be the skin,be the skin,SkincareAddiction,1nh568l,[Routine Help],I_hate_thin_mints,2,8,https://reddit.com/r/SkincareAddiction/comments/1nh568l/routine_help/,1757889586
2025-09-14,be the skin,be the skin,SkincareAddiction,1nh4mfn,[Acne] Cyst/boil and acne help pls!!,ComfortableBridge980,2,2,https://reddit.com/r/SkincareAddiction/comments/1nh4mfn/acne_cystboil_and_acne_help_pls/,1757888171
2025-09-14,be the skin,be the skin,SkincareAddiction,1nh4kef,[Routine Help] Stubborn hyperpigmentation around my mouth — what actually works?,Greedy_Car5856,2,2,https://reddit.com/r/SkincareAddiction/comments/1nh4kef/routine_help_stubborn_hyperpigmentation_around_my/,1757888019
2025-09-14,be the skin,be the skin,SkincareAddiction,1nh2iso,[Routine help] why does my skin perpetually have little red spots?,Katerina40,23,21,https://reddit.com/r/SkincareAddiction/comments/1nh2iso/routine_help_why_does_my_skin_perpetually_have/,1757883039
2025-09-14,be the skin,be the skin,SkincareAddiction,1nh1gkz,Flakiness driving me crazy! [Routine Help],CandourCartel,5,10,https://reddit.com/r/SkincareAddiction/comments/1nh1gkz/flakiness_driving_me_crazy_routine_help/,1757880548
2025-09-14,be the skin,be the skin,SkincareAddiction,1ngzxy3,[Acne] Skin Journey + Products that Have Actually Helped,SquirrelFar9890,1,2,https://reddit.com/r/SkincareAddiction/comments/1ngzxy3/acne_skin_journey_products_that_have_actually/,1757877012
2025-09-14,be the skin,be the skin,SkincareAddiction,1ngzkvy,[Misc] Potenza RF Microneedling,randomxxxxxxxxxxxx,1,2,https://reddit.com/r/SkincareAddiction/comments/1ngzkvy/misc_potenza_rf_microneedling/,1757876170
2025-09-14,be the skin,be the skin,SkincareAddiction,1ngz3ee,[Product Question] What are your honest thoughts on these viral Korean skincare products?,Agreeable_Lion_5237,27,92,https://reddit.com/r/SkincareAddiction/comments/1ngz3ee/product_question_what_are_your_honest_thoughts_on/,1757875033
2025-09-14,be the skin,be the skin,SkincareAddiction,1ngytaz,"NEW OR NEED HELP? Ask here! - ScA Daily Help Thread Sep 14, 2025",AutoModerator,2,2,https://reddit.com/r/SkincareAddiction/comments/1ngytaz/new_or_need_help_ask_here_sca_daily_help_thread/,1757874393
2025-09-14,be the skin,be the skin,SkincareAddiction,1ngyj44,"[Acne] I'm exhausted, what is wrong with my skin?",menacingfurryballz,31,60,https://reddit.com/r/SkincareAddiction/comments/1ngyj44/acne_im_exhausted_what_is_wrong_with_my_skin/,1757873732
2025-09-14,be the skin,be the skin,SkincareAddiction,1ngv9qk,"[acne] how to ease scabby, rough skin after a bad breakout?",online_persona_ldn,2,2,https://reddit.com/r/SkincareAddiction/comments/1ngv9qk/acne_how_to_ease_scabby_rough_skin_after_a_bad/,1757866225
2025-09-14,be the skin,be the skin,SkincareAddiction,1ngtycw,[Review] Disappointing experience with Augustinus Bader,smollsmore,1,2,https://reddit.com/r/SkincareAddiction/comments/1ngtycw/review_disappointing_experience_with_augustinus/,1757863136
2025-09-14,be the skin,be the skin,SkincareAddiction,1ngs9qv,[Acne] Please help! Closed comedones (?) won’t go away after 10 years no matter what I do!,SpacesuitsForCats,2,3,https://reddit.com/r/SkincareAddiction/comments/1ngs9qv/acne_please_help_closed_comedones_wont_go_away/,1757858982
2025-09-14,be the skin,be the skin,SkincareAddiction,1ngs52e,[Product question] not sure which cleanser to use before retinol serum,FormerConfidence2084,2,2,https://reddit.com/r/SkincareAddiction/comments/1ngs52e/product_question_not_sure_which_cleanser_to_use/,1757858638
2025-09-14,be the skin,be the skin,SkincareAddiction,1ngrqn1,[Routine Help] I hate my legs and an allergy has left some pigmentations.,4kUltraADHD,3,4,https://reddit.com/r/SkincareAddiction/comments/1ngrqn1/routine_help_i_hate_my_legs_and_an_allergy_has/,1757857610
2025-09-14,be the skin,be the skin,SkincareAddiction,1ngrgdr,wash face before makeup? [routine help],Party-Relationship71,1,6,https://reddit.com/r/SkincareAddiction/comments/1ngrgdr/wash_face_before_makeup_routine_help/,1757856859
2025-09-14,be the skin,be the skin,SkincareAddiction,1ngr88o,"[Product Request] Is it possible to use a creamy, gel or balm cleanser on it's own ? and can they be used to remove makeup ?",ghostly_illusion,3,3,https://reddit.com/r/SkincareAddiction/comments/1ngr88o/product_request_is_it_possible_to_use_a_creamy/,1757856259
2025-09-14,be the skin,be the skin,SkincareAddiction,1ngr4dn,[Routine Help] not sure where to start,Pretty_Bite_8148,1,2,https://reddit.com/r/SkincareAddiction/comments/1ngr4dn/routine_help_not_sure_where_to_start/,1757855970
2025-09-14,be the skin,be the skin,SkincareAddiction,1ngqv2b,[Routine Help] oily + sensitive skin looking for real product recs / new routine to clear acne & fade PIH,blushdolli,2,17,https://reddit.com/r/SkincareAddiction/comments/1ngqv2b/routine_help_oily_sensitive_skin_looking_for_real/,1757855269
2025-09-14,be the skin,be the skin,SkincareAddiction,1ngo4r7,[Routine Help] Help me understand what type of products to use with Adapalene Gel,FaaizKhan07,2,5,https://reddit.com/r/SkincareAddiction/comments/1ngo4r7/routine_help_help_me_understand_what_type_of/,1757846838
2025-09-14,be the skin,be the skin,SkincareAddiction,1ngmyhk,Acne help [Acne],Pristine-Hand9129,2,7,https://reddit.com/r/SkincareAddiction/comments/1ngmyhk/acne_help_acne/,1757842608
2025-09-14,be the skin,be the skin,SkincareAddiction,1ngmpr5,[Routine help] Increased oiliness after anua toner!,ev3rAster,1,2,https://reddit.com/r/SkincareAddiction/comments/1ngmpr5/routine_help_increased_oiliness_after_anua_toner/,1757841704
2025-09-14,be the skin,be the skin,SkincareAddiction,1ngkv9c,[product question] I need advice. Seriously. I cannot take this acne cure anymore. I just can’t,nanspd,2,14,https://reddit.com/r/SkincareAddiction/comments/1ngkv9c/product_question_i_need_advice_seriously_i_cannot/,1757834867
2025-09-14,be the skin,be the skin,SkincareAddiction,1ngkn30,Worried about my dark lips [miscellaneous],impeachmebaby,10,15,https://reddit.com/r/SkincareAddiction/comments/1ngkn30/worried_about_my_dark_lips_miscellaneous/,1757834048
2025-09-14,be the skin,be the skin,SkincareAddiction,1ngkex2,[Product Request] Looking for Pore Reducing/Deep Cleaning product,IzumoKousaka,1,5,https://reddit.com/r/SkincareAddiction/comments/1ngkex2/product_request_looking_for_pore_reducingdeep/,1757833267
2025-09-14,be the skin,be the skin,SkincareAddiction,1ngk427,[Routine Help] Skincare Order,Cerisevanille,2,2,https://reddit.com/r/SkincareAddiction/comments/1ngk427/routine_help_skincare_order/,1757832210
2025-09-14,be the skin,be the skin,SkincareAddiction,1ngjy5u,Is this pie or an atrophic scar? [Acne],psychedelic-snail,1,2,https://reddit.com/r/SkincareAddiction/comments/1ngjy5u/is_this_pie_or_an_atrophic_scar_acne/,1757831615
2025-09-14,be the skin,be the skin,SkincareAddiction,1ngio3i,[product request] does anyone know a fragrance free dupe for the nivea soft cream?,fishfirl,2,1,https://reddit.com/r/SkincareAddiction/comments/1ngio3i/product_request_does_anyone_know_a_fragrance_free/,1757826992
2025-09-14,be the skin,be the skin,SkincareAddiction,1ngg9xn,[product request] Inflamed skin help!,gaelicgirl1983,2,3,https://reddit.com/r/SkincareAddiction/comments/1ngg9xn/product_request_inflamed_skin_help/,1757819002
2025-09-14,be the skin,be the skin,SkincareAddiction,1ngel5g,[acne] product recommendations for red/dark scarred skin,Simple_Freedom4838,2,4,https://reddit.com/r/SkincareAddiction/comments/1ngel5g/acne_product_recommendations_for_reddark_scarred/,1757813770
2025-09-13,be the skin,be the skin,SkincareAddiction,1ng8qy6,[Routine help] I need to change products,Otherwise-Neat-2567,1,2,https://reddit.com/r/SkincareAddiction/comments/1ng8qy6/routine_help_i_need_to_change_products/,1757797516
2025-09-13,be the skin,be the skin,SkincareAddiction,1ng68rz,[Routine Help] Irritation help for oily skin?,Corporal_Baby,2,2,https://reddit.com/r/SkincareAddiction/comments/1ng68rz/routine_help_irritation_help_for_oily_skin/,1757791172
2025-09-13,be the skin,be the skin,SkincareAddiction,1ng61os,[Routine Help] Looking for recommendations for an at-home pampering session,MerakDubhe,1,3,https://reddit.com/r/SkincareAddiction/comments/1ng61os/routine_help_looking_for_recommendations_for_an/,1757790683
2025-09-13,be the skin,be the skin,SkincareAddiction,1ng5nwe,[acne] Does this look like a niacinamide reaction or acne?,CompetitiveCup7592,3,6,https://reddit.com/r/SkincareAddiction/comments/1ng5nwe/acne_does_this_look_like_a_niacinamide_reaction/,1757789767
2025-09-13,be the skin,be the skin,SkincareAddiction,1ng4wk3,"NEW OR NEED HELP? Ask here! - ScA Daily Help Thread Sep 13, 2025",AutoModerator,1,6,https://reddit.com/r/SkincareAddiction/comments/1ng4wk3/new_or_need_help_ask_here_sca_daily_help_thread/,1757787990
2025-09-13,be the skin,be the skin,SkincareAddiction,1ng476f,[Acne],expired-egg78,3,7,https://reddit.com/r/SkincareAddiction/comments/1ng476f/acne/,1757786364
2025-09-13,be the skin,be the skin,SkincareAddiction,1ng21vc,[Routine Help] Am I ruining my skin?,SwordfishTypical7532,3,4,https://reddit.com/r/SkincareAddiction/comments/1ng21vc/routine_help_am_i_ruining_my_skin/,1757781323
2025-09-13,be the skin,be the skin,SkincareAddiction,1ng1igo,[routine help] Nothing is working (long post),mrowwoof,9,8,https://reddit.com/r/SkincareAddiction/comments/1ng1igo/routine_help_nothing_is_working_long_post/,1757780030
2025-09-13,be the skin,be the skin,SkincareAddiction,1ng1arw,[Product request] vegan face wash and moisturiser recommendation for my hormonal acne and dry skin?,borzoimoth,2,3,https://reddit.com/r/SkincareAddiction/comments/1ng1arw/product_request_vegan_face_wash_and_moisturiser/,1757779523
2025-09-13,be the skin,be the skin,SkincareAddiction,1nfznio,[routine help] bumps and acne,nightbl00ms,2,1,https://reddit.com/r/SkincareAddiction/comments/1nfznio/routine_help_bumps_and_acne/,1757775609
2025-09-13,be the skin,be the skin,SkincareAddiction,1nfxw45,[Routine Help] How Can I Even Out My Skin Tone and Fade These Darker Spots?,veltrion,13,6,https://reddit.com/r/SkincareAddiction/comments/1nfxw45/routine_help_how_can_i_even_out_my_skin_tone_and/,1757771128
2025-09-13,be the skin,be the skin,SkincareAddiction,1nfveyc,[Anti-Aging] Has anyone actually thickened the skin of their hands with tretinoin?,abjection9,2,2,https://reddit.com/r/SkincareAddiction/comments/1nfveyc/antiaging_has_anyone_actually_thickened_the_skin/,1757763919
2025-09-13,be the skin,be the skin,SkincareAddiction,1nfptmu,"Sensitive skin, KP on forehead, always red, etc [Routine Help]",hopingfordespair,2,3,https://reddit.com/r/SkincareAddiction/comments/1nfptmu/sensitive_skin_kp_on_forehead_always_red_etc/,1757743203
2025-09-13,be the skin,be the skin,SkincareAddiction,1nfocft,[anti-aging] is 22 too young for tretinoin?,Twinkyfromhell,0,13,https://reddit.com/r/SkincareAddiction/comments/1nfocft/antiaging_is_22_too_young_for_tretinoin/,1757738033
2025-09-13,be the skin,be the skin,SkincareAddiction,1nfo54f,"[Routine help] clindamycin, benzoyle peroxide, tretinoin, issues with doxycycline…",Twinkyfromhell,1,1,https://reddit.com/r/SkincareAddiction/comments/1nfo54f/routine_help_clindamycin_benzoyle_peroxide/,1757737352
2025-09-13,be the skin,be the skin,SkincareAddiction,1nfn1jk,[routine help] dry skin,PoopyFace3572,2,3,https://reddit.com/r/SkincareAddiction/comments/1nfn1jk/routine_help_dry_skin/,1757733805
2025-09-13,be the skin,be the skin,SkincareAddiction,1nfmkjp,[Product Question] does any derma clinics/salons carry Skinceuticals samples in downtown Toronto?,that90sfellow,1,2,https://reddit.com/r/SkincareAddiction/comments/1nfmkjp/product_question_does_any_derma_clinicssalons/,1757732329
2025-09-13,be the skin,be the skin,SkincareAddiction,1nfjf6k,[Acne] really struggling with bacne. Suggestions?,whimperingprince,5,8,https://reddit.com/r/SkincareAddiction/comments/1nfjf6k/acne_really_struggling_with_bacne_suggestions/,1757722895
2025-09-12,be the skin,be the skin,SkincareAddiction,1nfip39,[Routine Help] Affordable moisturizers for mature skin?,dammitmerlin,3,5,https://reddit.com/r/SkincareAddiction/comments/1nfip39/routine_help_affordable_moisturizers_for_mature/,1757720857
2025-09-12,be the skin,be the skin,SkincareAddiction,1nfimk0,[Acne] Chin flare up???,Easy_Illustrator_515,8,11,https://reddit.com/r/SkincareAddiction/comments/1nfimk0/acne_chin_flare_up/,1757720661
2025-09-12,be the skin,be the skin,SkincareAddiction,1nfhmeo,[Acne] Skin troubles... not sure what's wrong or what to do :/ Looking for recommendations.,maaniani,2,4,https://reddit.com/r/SkincareAddiction/comments/1nfhmeo/acne_skin_troubles_not_sure_whats_wrong_or_what/,1757717930
2025-09-12,be the skin,be the skin,SkincareAddiction,1nfh71o,[Routine Help] Need routine recommendations for someone just starting out (read description),Remarkable-Ice-8343,1,3,https://reddit.com/r/SkincareAddiction/comments/1nfh71o/routine_help_need_routine_recommendations_for/,1757716821
2025-09-12,be the skin,be the skin,SkincareAddiction,1nfh2lg,[Product Request] Alternatives to Using Benzoyl Peroxide with Clindamycin,deaddewy,3,2,https://reddit.com/r/SkincareAddiction/comments/1nfh2lg/product_request_alternatives_to_using_benzoyl/,1757716513
2025-09-12,be the skin,be the skin,SkincareAddiction,1nfeh94,[Product Request]Patch testing makes me break out differently on different parts of my body.,gokberkaa,2,1,https://reddit.com/r/SkincareAddiction/comments/1nfeh94/product_requestpatch_testing_makes_me_break_out/,1757710250
2025-09-12,be the skin,be the skin,SkincareAddiction,1nfeg2f,[Routine Help] Help identifying and treating chronic blackheads/ sebaceous filaments,nothingbutnetashia,3,3,https://reddit.com/r/SkincareAddiction/comments/1nfeg2f/routine_help_help_identifying_and_treating/,1757710169
2025-09-12,be the skin,be the skin,SkincareAddiction,1nfdgok,[Routine Help] Need a good face wash while on Tret + New PDRN,strawberryoftheindie,1,1,https://reddit.com/r/SkincareAddiction/comments/1nfdgok/routine_help_need_a_good_face_wash_while_on_tret/,1757707832
2025-09-12,be the skin,be the skin,SkincareAddiction,1nfcw4z,Breaking out on neck and face [acne] [product request],CosmicOilSpill,1,1,https://reddit.com/r/SkincareAddiction/comments/1nfcw4z/breaking_out_on_neck_and_face_acne_product_request/,1757706477
2025-09-12,be the skin,be the skin,SkincareAddiction,1nfath0,"NEW OR NEED HELP? Ask here! - ScA Daily Help Thread Sep 12, 2025",AutoModerator,0,2,https://reddit.com/r/SkincareAddiction/comments/1nfath0/new_or_need_help_ask_here_sca_daily_help_thread/,1757701566
2025-09-12,be the skin,be the skin,SkincareAddiction,1nfa2ef,[acne] Bumps under skin,Popular-Search2662,2,5,https://reddit.com/r/SkincareAddiction/comments/1nfa2ef/acne_bumps_under_skin/,1757699792
2025-09-12,be the skin,be the skin,SkincareAddiction,1nfa0r2,[Acne] What to do after doxycycline?,Over-Philosopher-232,1,1,https://reddit.com/r/SkincareAddiction/comments/1nfa0r2/acne_what_to_do_after_doxycycline/,1757699683
2025-09-12,be the skin,be the skin,SkincareAddiction,1nf7ft9,[Routine Help] Moved to dryer climate struggling with my skin,urfreelo,3,3,https://reddit.com/r/SkincareAddiction/comments/1nf7ft9/routine_help_moved_to_dryer_climate_struggling/,1757693637
2025-09-12,be the skin,be the skin,SkincareAddiction,1nf77y8,[acne] discharged from derma for ‘clear skin’,fishxgod,1,4,https://reddit.com/r/SkincareAddiction/comments/1nf77y8/acne_discharged_from_derma_for_clear_skin/,1757693122
2025-09-12,be the skin,be the skin,SkincareAddiction,1nf6jey,[Product request] Help with dry and textured skin under makeup,faitheyet,1,2,https://reddit.com/r/SkincareAddiction/comments/1nf6jey/product_request_help_with_dry_and_textured_skin/,1757691568
2025-09-12,be the skin,be the skin,SkincareAddiction,1nf6d6q,[acne] Adult acne and perioral dermatitis?,SeaAd999,3,1,https://reddit.com/r/SkincareAddiction/comments/1nf6d6q/acne_adult_acne_and_perioral_dermatitis/,1757691157
2025-09-12,be the skin,be the skin,SkincareAddiction,1nf0wne,[Product Request] Cleansing wipes/pads,Ok-Abbreviations763,2,5,https://reddit.com/r/SkincareAddiction/comments/1nf0wne/product_request_cleansing_wipespads/,1757677297
2025-09-12,be the skin,be the skin,SkincareAddiction,1nexvog,Constant whiteheads every few days [acne],GovernmentShot8253,6,3,https://reddit.com/r/SkincareAddiction/comments/1nexvog/constant_whiteheads_every_few_days_acne/,1757666483
2025-09-12,be the skin,be the skin,SkincareAddiction,1nexiyu,"[Review] Sunscreens for oily/combo skin - Age 20's, Beauty of Joseon, Round Lab",Weary_Training_5462,1,1,https://reddit.com/r/SkincareAddiction/comments/1nexiyu/review_sunscreens_for_oilycombo_skin_age_20s/,1757665067
2025-09-12,be the skin,be the skin,SkincareAddiction,1nes6zu,[Acne] i got my first facial and my face burns when i put skincare or wash it. I look so bad from the bruising and irritation i have no idea what to do,Winter_Union7157,9,17,https://reddit.com/r/SkincareAddiction/comments/1nes6zu/acne_i_got_my_first_facial_and_my_face_burns_when/,1757645921
2025-09-12,be the skin,be the skin,SkincareAddiction,1nermro,HUGE WIN: Tretinoin skin finally HOLDS moisture thanks to physical exfoliation [personal],Limp-Release2028,163,33,https://reddit.com/r/SkincareAddiction/comments/1nermro/huge_win_tretinoin_skin_finally_holds_moisture/,1757644238
2025-09-12,be the skin,be the skin,SkincareAddiction,1neqhgt,[Product Request] Exfoliating Before Wedding Makeup With Acne Prone Skin,Red-headedlurker,3,8,https://reddit.com/r/SkincareAddiction/comments/1neqhgt/product_request_exfoliating_before_wedding_makeup/,1757640793
2025-09-12,be the skin,be the skin,SkincareAddiction,1nep572,[sun care] Sunscreen Recommendations,mellonandcollie,2,7,https://reddit.com/r/SkincareAddiction/comments/1nep572/sun_care_sunscreen_recommendations/,1757636871
2025-09-11,be the skin,be the skin,SkincareAddiction,1nenlpx,[acne] irritated whiteheads in corner of nose,Ok-Call-9124,3,6,https://reddit.com/r/SkincareAddiction/comments/1nenlpx/acne_irritated_whiteheads_in_corner_of_nose/,1757632483
2025-09-11,be the skin,be the skin,SkincareAddiction,1nende4,How often and when to use these [Routine Help],Sweet-Yams,2,5,https://reddit.com/r/SkincareAddiction/comments/1nende4/how_often_and_when_to_use_these_routine_help/,1757631834
2025-09-11,be the skin,be the skin,SkincareAddiction,1neleye,[Misc] looking for reusable cotton round suggestions,Dramatic-Tiger-4412,1,5,https://reddit.com/r/SkincareAddiction/comments/1neleye/misc_looking_for_reusable_cotton_round_suggestions/,1757626752
2025-09-11,be the skin,be the skin,SkincareAddiction,1nekcur,Order for layering peptides and retinoids [Routine Help],Dear_Inflation7319,1,4,https://reddit.com/r/SkincareAddiction/comments/1nekcur/order_for_layering_peptides_and_retinoids_routine/,1757624143
2025-09-11,be the skin,be the skin,SkincareAddiction,1nej3cs,[Product Question] Did Differin Gel - Adapalene 0.1% - Ruin My Body?,Vast-Avocado-6321,0,5,https://reddit.com/r/SkincareAddiction/comments/1nej3cs/product_question_did_differin_gel_adapalene_01/,1757621198
2025-09-11,be the skin,be the skin,SkincareAddiction,1nej0kq,"[routine help] darker skin between thighs, any products/routine that can help lighten?",throwaway4729017492,1,1,https://reddit.com/r/SkincareAddiction/comments/1nej0kq/routine_help_darker_skin_between_thighs_any/,1757621017
2025-09-11,be the skin,be the skin,SkincareAddiction,1neif0y,[Product Request] skin 1004 centella hyalu cica alternative,Character-Potato1374,2,3,https://reddit.com/r/SkincareAddiction/comments/1neif0y/product_request_skin_1004_centella_hyalu_cica/,1757619624
2025-09-11,be the skin,be the skin,SkincareAddiction,1neghjq,"NEW OR NEED HELP? Ask here! - ScA Daily Help Thread Sep 11, 2025",AutoModerator,1,2,https://reddit.com/r/SkincareAddiction/comments/1neghjq/new_or_need_help_ask_here_sca_daily_help_thread/,1757615168
2025-09-11,be the skin,be the skin,SkincareAddiction,1nee9i7,[Routine Help] Skincare Suddenly Causing Burning Sensation?,AllistaireRose,1,2,https://reddit.com/r/SkincareAddiction/comments/1nee9i7/routine_help_skincare_suddenly_causing_burning/,1757610129
2025-09-11,be the skin,be the skin,SkincareAddiction,1nectri,[Sun Care] Red spots on my skins after sudden sun exposure,Dependent-Shame8786,4,6,https://reddit.com/r/SkincareAddiction/comments/1nectri/sun_care_red_spots_on_my_skins_after_sudden_sun/,1757606841
2025-09-11,be the skin,be the skin,SkincareAddiction,1neckfe,[Product Request] Facial Mole Removal,ariek1997,1,1,https://reddit.com/r/SkincareAddiction/comments/1neckfe/product_request_facial_mole_removal/,1757606253
2025-09-11,be the skin,be the skin,SkincareAddiction,1ne9f7j,"[Product Request] lower cost, lightweight moisturizer in italy?",rowanaboat11,1,1,https://reddit.com/r/SkincareAddiction/comments/1ne9f7j/product_request_lower_cost_lightweight/,1757598809
2025-09-11,be the skin,be the skin,SkincareAddiction,1ne8l7i,[Acne] severe acne help,leo_m4st3r,1,1,https://reddit.com/r/SkincareAddiction/comments/1ne8l7i/acne_severe_acne_help/,1757596679
2025-09-11,be the skin,be the skin,SkincareAddiction,1ne4bua,[Product question] What are your experiences with differin gel?,Charming_Moment_3998,1,1,https://reddit.com/r/SkincareAddiction/comments/1ne4bua/product_question_what_are_your_experiences_with/,1757583231
2025-09-11,be the skin,be the skin,SkincareAddiction,1ne1p3y,[Product Question] Effects of tretinoin,eilletane,2,7,https://reddit.com/r/SkincareAddiction/comments/1ne1p3y/product_question_effects_of_tretinoin/,1757572785
2025-09-11,be the skin,be the skin,SkincareAddiction,1ndypkn,[Sun Care] How to combat the “sunscreen” smell?,lefxo,1,3,https://reddit.com/r/SkincareAddiction/comments/1ndypkn/sun_care_how_to_combat_the_sunscreen_smell/,1757562162
2025-09-11,be the skin,be the skin,SkincareAddiction,1ndvl4z,Can I hide blood vessels underneath eyes? [misc],FineSpecimenIndeed,2,1,https://reddit.com/r/SkincareAddiction/comments/1ndvl4z/can_i_hide_blood_vessels_underneath_eyes_misc/,1757552668
2025-09-11,be the skin,be the skin,SkincareAddiction,1nduei5,[Acne] help with retinol,jecma,1,4,https://reddit.com/r/SkincareAddiction/comments/1nduei5/acne_help_with_retinol/,1757549182
2025-09-10,be the skin,be the skin,SkincareAddiction,1ndt9pv,[personal]  what's the most expensive product you use and do you ever feel guilty for using it?,okaymyemye,23,100,https://reddit.com/r/SkincareAddiction/comments/1ndt9pv/personal_whats_the_most_expensive_product_you_use/,1757546008
2025-09-10,be the skin,be the skin,SkincareAddiction,1ndrurn,[acne] need advice or tips on my hormonal acne journey,lhabdjs,1,3,https://reddit.com/r/SkincareAddiction/comments/1ndrurn/acne_need_advice_or_tips_on_my_hormonal_acne/,1757542291
2025-09-10,be the skin,be the skin,SkincareAddiction,1ndp2u0,[routine help] should I wash my face after my midday workout??,Sk8RNtH8r,1,3,https://reddit.com/r/SkincareAddiction/comments/1ndp2u0/routine_help_should_i_wash_my_face_after_my/,1757535393
2025-09-10,be the skin,be the skin,SkincareAddiction,1ndnmxf,[Acne]Nothing has fully worked,bloodynose333,1,1,https://reddit.com/r/SkincareAddiction/comments/1ndnmxf/acnenothing_has_fully_worked/,1757531976
2025-09-10,be the skin,be the skin,SkincareAddiction,1ndm83t,"NEW OR NEED HELP? Ask here! - ScA Daily Help Thread Sep 10, 2025",AutoModerator,1,23,https://reddit.com/r/SkincareAddiction/comments/1ndm83t/new_or_need_help_ask_here_sca_daily_help_thread/,1757528792
2025-09-10,be the skin,be the skin,SkincareAddiction,1ndlqfq,"Fungal acne, damaged skin barrier or clogged comedones? [acne]",PigletMaleficent1998,9,11,https://reddit.com/r/SkincareAddiction/comments/1ndlqfq/fungal_acne_damaged_skin_barrier_or_clogged/,1757527696
2025-09-10,be the skin,be the skin,SkincareAddiction,1ndiwfs,Garnier Moisture Rescue Cream Officially Discontinued [Product Request],scorpio_life_,2,4,https://reddit.com/r/SkincareAddiction/comments/1ndiwfs/garnier_moisture_rescue_cream_officially/,1757521514
2025-09-10,be the skin,be the skin,SkincareAddiction,1ndifrp,"[Routine Help] Dry skin because of serums, need advice",LibrarianOfDarkness,1,1,https://reddit.com/r/SkincareAddiction/comments/1ndifrp/routine_help_dry_skin_because_of_serums_need/,1757520519
2025-09-10,be the skin,be the skin,SkincareAddiction,1ndh00o,[Anti aging],Adorable-Basket-9951,1,6,https://reddit.com/r/SkincareAddiction/comments/1ndh00o/anti_aging/,1757517371
2025-09-10,be the skin,be the skin,SkincareAddiction,1ndghg3,How did you repair your skin barrier over time? [Acne],HailzK9,36,55,https://reddit.com/r/SkincareAddiction/comments/1ndghg3/how_did_you_repair_your_skin_barrier_over_time/,1757516240
2025-09-10,be the skin,be the skin,SkincareAddiction,1ndfqyy,[Acne] Struggling with acne for years,Accomplished-Bag665,3,5,https://reddit.com/r/SkincareAddiction/comments/1ndfqyy/acne_struggling_with_acne_for_years/,1757514538
2025-09-10,be the skin,be the skin,SkincareAddiction,1ndetmd,[Routine Help] Help!! I dont know anything T_T,Bloom-Rivers,1,7,https://reddit.com/r/SkincareAddiction/comments/1ndetmd/routine_help_help_i_dont_know_anything_t_t/,1757512388
2025-09-10,be the skin,be the skin,SkincareAddiction,1ndd6sa,[Selfie] Help with hiperpigmentation and skin texture,trizssbea,1,1,https://reddit.com/r/SkincareAddiction/comments/1ndd6sa/selfie_help_with_hiperpigmentation_and_skin/,1757508280
2025-09-10,be the skin,be the skin,SkincareAddiction,1ndcxpi,[Product Question] Should I be worried about purging or other side effects associated with retinal when using the FATION - Nosca9 Deep Pore Cleansing Foam,Resistmemother,1,1,https://reddit.com/r/SkincareAddiction/comments/1ndcxpi/product_question_should_i_be_worried_about/,1757507587
2025-09-10,be the skin,be the skin,SkincareAddiction,1ndc2o1,[product question] Is it safe to use these two together?,Neither_Ask_5549,1,4,https://reddit.com/r/SkincareAddiction/comments/1ndc2o1/product_question_is_it_safe_to_use_these_two/,1757505200
2025-09-10,be the skin,be the skin,SkincareAddiction,1ndb4go,[Routine Help] 28F new to skincare - what should I focus on?,nerdwannabe_2505,4,9,https://reddit.com/r/SkincareAddiction/comments/1ndb4go/routine_help_28f_new_to_skincare_what_should_i/,1757502208
2025-09-10,be the skin,be the skin,SkincareAddiction,1nd88p8,[routine help] What are these and how do i fix it?,Ok_Confidence_1279,1,5,https://reddit.com/r/SkincareAddiction/comments/1nd88p8/routine_help_what_are_these_and_how_do_i_fix_it/,1757491411
2025-09-10,be the skin,be the skin,SkincareAddiction,1nd830b,[Product Question] Anyone else’s skin breaking out after stopped using Effaclar Duo Acne Spot Treatment?,Professional_Try_140,1,5,https://reddit.com/r/SkincareAddiction/comments/1nd830b/product_question_anyone_elses_skin_breaking_out/,1757490777
2025-09-10,be the skin,be the skin,SkincareAddiction,1nd5mwz,"[acne] After ~9 yrs post accutane, I “relapsed”. How common is this?",Dsg1695,4,1,https://reddit.com/r/SkincareAddiction/comments/1nd5mwz/acne_after_9_yrs_post_accutane_i_relapsed_how/,1757481458
2025-09-10,be the skin,be the skin,SkincareAddiction,1nd54rl,need some help reviewing my skincare [Routine Help],margazhii,1,1,https://reddit.com/r/SkincareAddiction/comments/1nd54rl/need_some_help_reviewing_my_skincare_routine_help/,1757479690
2025-09-10,be the skin,be the skin,SkincareAddiction,1nd53cu,[Acne] Tretinoin causing texture,Enough_Dealer8256,1,1,https://reddit.com/r/SkincareAddiction/comments/1nd53cu/acne_tretinoin_causing_texture/,1757479559
2025-09-10,be the skin,be the skin,SkincareAddiction,1nd4shr,[Routine Help] Does your skin barrier ever get used to retinoids or should I stop using them?,CouldTryMyBest,1,5,https://reddit.com/r/SkincareAddiction/comments/1nd4shr/routine_help_does_your_skin_barrier_ever_get_used/,1757478548
2025-09-10,be the skin,be the skin,SkincareAddiction,1nd1zdg,[Product Request] skin barrier damage?,kaichuns,1,1,https://reddit.com/r/SkincareAddiction/comments/1nd1zdg/product_request_skin_barrier_damage/,1757469968
2025-09-09,be the skin,be the skin,SkincareAddiction,1ncyngo,[product request] rosacea diagnosis with sensitive combo skin,takemynirvana,1,3,https://reddit.com/r/SkincareAddiction/comments/1ncyngo/product_request_rosacea_diagnosis_with_sensitive/,1757460688
2025-09-09,be the skin,be the skin,SkincareAddiction,1ncv310,[Acne] Help with textured forehead,c0wg1rl003,1,1,https://reddit.com/r/SkincareAddiction/comments/1ncv310/acne_help_with_textured_forehead/,1757451824
2025-09-09,be the skin,be the skin,SkincareAddiction,1ncu7ml,[Routine Help] 31F with hormonal acne + PIE,kelseyannabel,1,2,https://reddit.com/r/SkincareAddiction/comments/1ncu7ml/routine_help_31f_with_hormonal_acne_pie/,1757449839
2025-09-09,be the skin,be the skin,SkincareAddiction,1nct7su,Help [acne],Strict-Character8686,2,2,https://reddit.com/r/SkincareAddiction/comments/1nct7su/help_acne/,1757447643
2025-09-09,be the skin,be the skin,SkincareAddiction,1ncsfvg,[Product question] What to do with L'Oréal glycolic-bright 7% serum and sensitive skin,xacarilla,1,4,https://reddit.com/r/SkincareAddiction/comments/1ncsfvg/product_question_what_to_do_with_loréal/,1757445960
2025-09-09,be the skin,be the skin,SkincareAddiction,1ncremn,[Routine Help],Affectionate-Pay-150,1,2,https://reddit.com/r/SkincareAddiction/comments/1ncremn/routine_help/,1757443708
2025-09-09,be the skin,be the skin,SkincareAddiction,1ncqysa,[Routine Help] Clueless Man Asking for Help With Skincare!,Ordinant-,1,3,https://reddit.com/r/SkincareAddiction/comments/1ncqysa/routine_help_clueless_man_asking_for_help_with/,1757442742
2025-09-09,be the skin,be the skin,SkincareAddiction,1ncqt1u,"NEW OR NEED HELP? Ask here! - ScA Daily Help Thread Sep 09, 2025",AutoModerator,1,16,https://reddit.com/r/SkincareAddiction/comments/1ncqt1u/new_or_need_help_ask_here_sca_daily_help_thread/,1757442388
2025-09-09,be the skin,be the skin,SkincareAddiction,1ncozkb,[PRODUCT QUESTION] Has anyone tried Centella with tazarotene?,dRisem,0,3,https://reddit.com/r/SkincareAddiction/comments/1ncozkb/product_question_has_anyone_tried_centella_with/,1757438386
2025-09-09,be the skin,be the skin,SkincareAddiction,1nconf6,"[routine help] I don’t know what my skin type is, help please!!",justcur1ou5,1,1,https://reddit.com/r/SkincareAddiction/comments/1nconf6/routine_help_i_dont_know_what_my_skin_type_is/,1757437627
2025-09-09,be the skin,be the skin,SkincareAddiction,1ncobhe,[routine help] I would like opinions on this routine I made.,Character_Tower_2502,1,5,https://reddit.com/r/SkincareAddiction/comments/1ncobhe/routine_help_i_would_like_opinions_on_this/,1757436894
2025-09-09,be the skin,be the skin,SkincareAddiction,1ncn565,[Review] My Recent Empties With Reviews,Mattekat,1,1,https://reddit.com/r/SkincareAddiction/comments/1ncn565/review_my_recent_empties_with_reviews/,1757434244
2025-09-09,be the skin,be the skin,SkincareAddiction,1ncn0ye,[ROUTINE HELP] Azelaic acid gone wrong 😳,deaththot,1,4,https://reddit.com/r/SkincareAddiction/comments/1ncn0ye/routine_help_azelaic_acid_gone_wrong/,1757433978
2025-09-09,be the skin,be the skin,SkincareAddiction,1ncmdtg,[Routine Help] i’ve suddenly started struggling with acne and have no idea where to start,Odd-Gold162,1,2,https://reddit.com/r/SkincareAddiction/comments/1ncmdtg/routine_help_ive_suddenly_started_struggling_with/,1757432557
2025-09-09,be the skin,be the skin,SkincareAddiction,1ncl73b,Spiro/hormonal acne [Acne],chefamphibious,3,1,https://reddit.com/r/SkincareAddiction/comments/1ncl73b/spirohormonal_acne_acne/,1757429846
2025-09-09,be the skin,be the skin,SkincareAddiction,1nck9uv,[Routine Help],Status-Doubt-6571,1,1,https://reddit.com/r/SkincareAddiction/comments/1nck9uv/routine_help/,1757427717
2025-09-09,be the skin,be the skin,SkincareAddiction,1ncjpxp,[Acne] can someone tell me what’s wrong w my skin,AbaloneCritical7871,1,1,https://reddit.com/r/SkincareAddiction/comments/1ncjpxp/acne_can_someone_tell_me_whats_wrong_w_my_skin/,1757426426
2025-09-09,be the skin,be the skin,SkincareAddiction,1nciyyq,[Routine Help] What moisturizer and/or sunscreen combo should I use to make my oily skin look less shiny?,Ok-Version-3011,2,15,https://reddit.com/r/SkincareAddiction/comments/1nciyyq/routine_help_what_moisturizer_andor_sunscreen/,1757424596
2025-09-09,be the skin,be the skin,SkincareAddiction,1ncirvx,[Sun Care] La Roche-Posay vs EltaMD vs Paul's Choice,Present_Moose7861,2,12,https://reddit.com/r/SkincareAddiction/comments/1ncirvx/sun_care_la_rocheposay_vs_eltamd_vs_pauls_choice/,1757424098
2025-09-09,be the skin,be the skin,SkincareAddiction,1nchtef,[Acne] at wits end...,Initial_Anteater8706,1,1,https://reddit.com/r/SkincareAddiction/comments/1nchtef/acne_at_wits_end/,1757421657
2025-09-09,be the skin,be the skin,SkincareAddiction,1nchbcq,[Product request] Sebum Plugs in hair causing hairloss what shampoo should I use?,Dazzling-Manner-3329,5,1,https://reddit.com/r/SkincareAddiction/comments/1nchbcq/product_request_sebum_plugs_in_hair_causing/,1757420289
2025-09-09,be the skin,be the skin,SkincareAddiction,1ncfj6c,[Miscellaneous] Could tretinoin turn my skin from oily to normal?,InevitableFix6730,3,6,https://reddit.com/r/SkincareAddiction/comments/1ncfj6c/miscellaneous_could_tretinoin_turn_my_skin_from/,1757414797
2025-09-09,be the skin,be the skin,SkincareAddiction,1nceaup,[Routine Help] why does my skin always have dry spots?,Occo133,2,8,https://reddit.com/r/SkincareAddiction/comments/1nceaup/routine_help_why_does_my_skin_always_have_dry/,1757410299
2025-09-09,be the skin,be the skin,SkincareAddiction,1ncbvvw,[acne] Needing advice on what to do with my changing skin.,purplepickledsoup,1,1,https://reddit.com/r/SkincareAddiction/comments/1ncbvvw/acne_needing_advice_on_what_to_do_with_my/,1757400625
2025-09-09,be the skin,be the skin,SkincareAddiction,1nc9qxg,[Acne] What’s up with my neck?,DelfeTheFirst,1,1,https://reddit.com/r/SkincareAddiction/comments/1nc9qxg/acne_whats_up_with_my_neck/,1757392751
2025-09-09,be the skin,be the skin,SkincareAddiction,1nc8ipi,[Acne] Acne and Routine Help for Oily Skin,TerribleKangaroo6977,1,3,https://reddit.com/r/SkincareAddiction/comments/1nc8ipi/acne_acne_and_routine_help_for_oily_skin/,1757388830
2025-09-09,be the skin,be the skin,SkincareAddiction,1nc7gyz,[acne] no make up= breakouts?,funkisusk,1,14,https://reddit.com/r/SkincareAddiction/comments/1nc7gyz/acne_no_make_up_breakouts/,1757385641
2025-09-09,be the skin,be the skin,SkincareAddiction,1nc784d,[Sun Care] need help picking SPF,_oatmilkk,1,2,https://reddit.com/r/SkincareAddiction/comments/1nc784d/sun_care_need_help_picking_spf/,1757384912
2025-09-09,be the skin,be the skin,SkincareAddiction,1nc6aeo,[Product Request] Need help finding a sunscreen that wont break me out!!,Aggravating_Spot_952,1,4,https://reddit.com/r/SkincareAddiction/comments/1nc6aeo/product_request_need_help_finding_a_sunscreen/,1757382218
2025-09-09,be the skin,be the skin,SkincareAddiction,1nc63pc,[Routine Help] I have a lot of products and not sure what the best routine would be,No_Yoghurt_3357,1,7,https://reddit.com/r/SkincareAddiction/comments/1nc63pc/routine_help_i_have_a_lot_of_products_and_not/,1757381692
2025-09-15,be the skin,be the skin,DIYaesthetics,1nhrvv3,Chemical peel prep?,TraditionalEconomy88,1,1,https://reddit.com/r/DIYaesthetics/comments/1nhrvv3/chemical_peel_prep/,1757956512
2025-09-10,be the skin,be the skin,DIYaesthetics,1ndnbsz,Meso vs microneedling,Mental-Pirate3992,3,7,https://reddit.com/r/DIYaesthetics/comments/1ndnbsz/meso_vs_microneedling/,1757531266
2025-09-10,be the skin,be the skin,DIYaesthetics,1nd6uun,TCA 15%+Glycolic Acid 35% peel questions,Radha-ForLove,2,13,https://reddit.com/r/DIYaesthetics/comments/1nd6uun/tca_15glycolic_acid_35_peel_questions/,1757485969
2025-09-09,be the skin,be the skin,DIYaesthetics,1ncyyf4,Please help a newbie build a routine!,DifferentStorySame,6,4,https://reddit.com/r/DIYaesthetics/comments/1ncyyf4/please_help_a_newbie_build_a_routine/,1757461492
2025-09-15,be the skin,be the skin,DIYCosmeticProcedures,1nhsk9o,Chemical peel prep?,TraditionalEconomy88,6,12,https://reddit.com/r/DIYCosmeticProcedures/comments/1nhsk9o/chemical_peel_prep/,1757957991
2025-09-11,be the skin,be the skin,DIYCosmeticProcedures,1ne2zgw,Deep Lines around mouth,LeadingReality2,18,38,https://reddit.com/r/DIYCosmeticProcedures/comments/1ne2zgw/deep_lines_around_mouth/,1757577844
2025-09-10,be the skin,be the skin,DIYCosmeticProcedures,1ndtq9j,GLP1 and lose skin recommendations,lialerod89,34,42,https://reddit.com/r/DIYCosmeticProcedures/comments/1ndtq9j/glp1_and_lose_skin_recommendations/,1757547280
2025-09-10,be the skin,be the skin,DIYCosmeticProcedures,1ndlsrh,Please help a newbie build a routine!,DifferentStorySame,3,3,https://reddit.com/r/DIYCosmeticProcedures/comments/1ndlsrh/please_help_a_newbie_build_a_routine/,1757527838
2025-09-09,be the skin,be the skin,DIYCosmeticProcedures,1ncl9hl,Uneven skin tone - Melasma,MsRachyBee,12,21,https://reddit.com/r/DIYCosmeticProcedures/comments/1ncl9hl/uneven_skin_tone_melasma/,1757430010
2025-09-15,be the skin,be the skin,IndianBeautyDeclutter,1nhgl3r,"Decluttering , some of it is free gifts some I bought in fomo and I am saving up for an important purchase so I'm getting rid of some things",No-Look-3187,0,1,https://reddit.com/r/IndianBeautyDeclutter/comments/1nhgl3r/decluttering_some_of_it_is_free_gifts_some_i/,1757926224
2025-09-14,be the skin,be the skin,IndianBeautyDeclutter,1ngnry3,Decluttering (check both the slides),cherry_blossom96,3,1,https://reddit.com/r/IndianBeautyDeclutter/comments/1ngnry3/decluttering_check_both_the_slides/,1757845589
2025-09-11,be the skin,be the skin,IndianBeautyDeclutter,1ne5vg7,Urgent Declutter (added something ),No-Look-3187,0,1,https://reddit.com/r/IndianBeautyDeclutter/comments/1ne5vg7/urgent_declutter_added_something/,1757588791
2025-09-10,be the skin,be the skin,IndianBeautyDeclutter,1nde6e7,"Selling Makeup Products – BB Creams, Base, Tinted Moisturizer",sugarrmommyy69,4,1,https://reddit.com/r/IndianBeautyDeclutter/comments/1nde6e7/selling_makeup_products_bb_creams_base_tinted/,1757510792
2025-09-09,be the skin,be the skin,IndianBeautyDeclutter,1ncuoyc,Huge kbeauty declutter everything under 500/-,Ok-Half3611,17,19,https://reddit.com/r/IndianBeautyDeclutter/comments/1ncuoyc/huge_kbeauty_declutter_everything_under_500/,1757450912
2025-09-15,be the skin,be the skin,30PlusSkinCare,1nhzhuh,Alternative to Meder?,subtlepigeon25,1,5,https://reddit.com/r/30PlusSkinCare/comments/1nhzhuh/alternative_to_meder/,1757973547
2025-09-15,be the skin,be the skin,30PlusSkinCare,1nhyk5r,"I'm 36 and have never done anything with skincare, so overwhelmed and don't know where to start",pudnpib,14,11,https://reddit.com/r/30PlusSkinCare/comments/1nhyk5r/im_36_and_have_never_done_anything_with_skincare/,1757971256
2025-09-15,be the skin,be the skin,30PlusSkinCare,1nhuiuk,Hi! Trying to find some recommendations for a routine to treat dark spots using these products.,ethereality___,1,4,https://reddit.com/r/30PlusSkinCare/comments/1nhuiuk/hi_trying_to_find_some_recommendations_for_a/,1757962289
2025-09-15,be the skin,be the skin,30PlusSkinCare,1nhtezn,Eloping soon and feeling old + haggard!,crafty42069,3,0,https://reddit.com/r/30PlusSkinCare/comments/1nhtezn/eloping_soon_and_feeling_old_haggard/,1757959853
2025-09-15,be the skin,be the skin,30PlusSkinCare,1nhsmcc,Beauty is inside out. Invest in yourself.,Ok-Razzmatazz-9790,59,16,https://reddit.com/r/30PlusSkinCare/comments/1nhsmcc/beauty_is_inside_out_invest_in_yourself/,1757958115
2025-09-15,be the skin,be the skin,30PlusSkinCare,1nhpjvi,Will this scar get better?,soomba2,0,5,https://reddit.com/r/30PlusSkinCare/comments/1nhpjvi/will_this_scar_get_better/,1757951363
2025-09-15,be the skin,be the skin,30PlusSkinCare,1nhe5cb,Can't find an occlusive my skin likes (for slugging.),SincerelySasquatch,6,10,https://reddit.com/r/30PlusSkinCare/comments/1nhe5cb/cant_find_an_occlusive_my_skin_likes_for_slugging/,1757916666
2025-09-15,be the skin,be the skin,30PlusSkinCare,1nhajt6,Spironolactone Use,Zexification,1,3,https://reddit.com/r/30PlusSkinCare/comments/1nhajt6/spironolactone_use/,1757904784
2025-09-15,be the skin,be the skin,30PlusSkinCare,1nh775u,considering prf ez gel,mynaahh,2,0,https://reddit.com/r/30PlusSkinCare/comments/1nh775u/considering_prf_ez_gel/,1757895112
2025-09-14,be the skin,be the skin,30PlusSkinCare,1nh05je,Polynucleotides & Botox in the same week?,0000m1nn1,1,2,https://reddit.com/r/30PlusSkinCare/comments/1nh05je/polynucleotides_botox_in_the_same_week/,1757877518
2025-09-14,be the skin,be the skin,30PlusSkinCare,1ngrcjp,Live tinted skin tint,Funny_Grapefruit8021,1,2,https://reddit.com/r/30PlusSkinCare/comments/1ngrcjp/live_tinted_skin_tint/,1757856576
2025-09-14,be the skin,be the skin,30PlusSkinCare,1ngnzr8,My experience with prescription creams for acne.,IRLbeets,3,0,https://reddit.com/r/30PlusSkinCare/comments/1ngnzr8/my_experience_with_prescription_creams_for_acne/,1757846352
2025-09-14,be the skin,be the skin,30PlusSkinCare,1ngn8gx,"For anyone that had jowls after masseter botox, did chin filler help?",Personal-Zombie1880,1,4,https://reddit.com/r/30PlusSkinCare/comments/1ngn8gx/for_anyone_that_had_jowls_after_masseter_botox/,1757843641
2025-09-14,be the skin,be the skin,30PlusSkinCare,1ngiw0o,Starting Tretinoin soon. Do I need to drop/change some products in my routine?,sundownandout,2,8,https://reddit.com/r/30PlusSkinCare/comments/1ngiw0o/starting_tretinoin_soon_do_i_need_to_dropchange/,1757827789
2025-09-13,be the skin,be the skin,30PlusSkinCare,1ng9qr3,BEGGING for help on how to treat this—short term and long term,Environmental-Part-7,5,12,https://reddit.com/r/30PlusSkinCare/comments/1ng9qr3/begging_for_help_on_how_to_treat_thisshort_term/,1757800140
2025-09-13,be the skin,be the skin,30PlusSkinCare,1ng8odo,Itching around nose and eyebrows,wretch_35,1,0,https://reddit.com/r/30PlusSkinCare/comments/1ng8odo/itching_around_nose_and_eyebrows/,1757797325
2025-09-13,be the skin,be the skin,30PlusSkinCare,1ng42bd,Where do you initially go for skin treatments?,lukewarmnarcolepsy,1,3,https://reddit.com/r/30PlusSkinCare/comments/1ng42bd/where_do_you_initially_go_for_skin_treatments/,1757786049
2025-09-13,be the skin,be the skin,30PlusSkinCare,1nfxvx8,I need a lightweight sunscreen that dries and doesn’t stay tacky on your skin to wear under foundation,InterestingPen0,8,47,https://reddit.com/r/30PlusSkinCare/comments/1nfxvx8/i_need_a_lightweight_sunscreen_that_dries_and/,1757771114
2025-09-13,be the skin,be the skin,30PlusSkinCare,1nfxuiu,La Roche-posay pilling badly?,Least-Beautiful,1,1,https://reddit.com/r/30PlusSkinCare/comments/1nfxuiu/la_rocheposay_pilling_badly/,1757771006
2025-09-13,be the skin,be the skin,30PlusSkinCare,1nfxhzt,Help! Spots on face/Large Pores,Obvious-Breath3260,263,316,https://reddit.com/r/30PlusSkinCare/comments/1nfxhzt/help_spots_on_facelarge_pores/,1757770060
2025-09-13,be the skin,be the skin,30PlusSkinCare,1nfw0us,Tatcha overnight repair,gfvddds,3,3,https://reddit.com/r/30PlusSkinCare/comments/1nfw0us/tatcha_overnight_repair/,1757765846
2025-09-13,be the skin,be the skin,30PlusSkinCare,1nfmq9e,[Product Question]Any derma clinics/spas/salons that carries Skinceuticals samples in downtown Toronto area?,that90sfellow,0,0,https://reddit.com/r/30PlusSkinCare/comments/1nfmq9e/product_questionany_derma_clinicsspassalons_that/,1757732814
2025-09-12,be the skin,be the skin,30PlusSkinCare,1nfblz3,I need a powder melt type spray! Help!,samfaith13,1,0,https://reddit.com/r/30PlusSkinCare/comments/1nfblz3/i_need_a_powder_melt_type_spray_help/,1757703445
2025-09-12,be the skin,be the skin,30PlusSkinCare,1nf67v3,Adult acne and perioral dermatitis?,SeaAd999,7,2,https://reddit.com/r/30PlusSkinCare/comments/1nf67v3/adult_acne_and_perioral_dermatitis/,1757690814
2025-09-12,be the skin,be the skin,30PlusSkinCare,1neupt7,Should I start Arazlo if my skin is doing better with Finacea 15%?,icantreadcat,3,6,https://reddit.com/r/30PlusSkinCare/comments/1neupt7/should_i_start_arazlo_if_my_skin_is_doing_better/,1757654248
2025-09-12,be the skin,be the skin,30PlusSkinCare,1nepmsa,Vertical Lip Lines Help without Injections?,denverdirtbag,1,3,https://reddit.com/r/30PlusSkinCare/comments/1nepmsa/vertical_lip_lines_help_without_injections/,1757638303
2025-09-11,be the skin,be the skin,30PlusSkinCare,1neloh7,Itchy rash around my nose driving me insane - what’s going on with my skin?,No-Kitchen-2823,0,3,https://reddit.com/r/30PlusSkinCare/comments/1neloh7/itchy_rash_around_my_nose_driving_me_insane_whats/,1757627417
2025-09-11,be the skin,be the skin,30PlusSkinCare,1nejh95,What are these bright spots in my face that become way more noticeable with makeup?,Tjaames,15,29,https://reddit.com/r/30PlusSkinCare/comments/1nejh95/what_are_these_bright_spots_in_my_face_that/,1757622085
2025-09-11,be the skin,be the skin,30PlusSkinCare,1nej7ph,"30F, looking for skincare recs as someone with forehead lines, marionette lines, and (recently) perioral dermatitis",Low-Stick-2958,5,18,https://reddit.com/r/30PlusSkinCare/comments/1nej7ph/30f_looking_for_skincare_recs_as_someone_with/,1757621479
2025-09-11,be the skin,be the skin,30PlusSkinCare,1nehmpv,LED mask — how do I know if it’s helping or hurting?,browsing_nomad,2,6,https://reddit.com/r/30PlusSkinCare/comments/1nehmpv/led_mask_how_do_i_know_if_its_helping_or_hurting/,1757617793
2025-09-11,be the skin,be the skin,30PlusSkinCare,1nec20m,Platysma Muscle - Relax or Tighten,BraveG365,11,2,https://reddit.com/r/30PlusSkinCare/comments/1nec20m/platysma_muscle_relax_or_tighten/,1757605043
2025-09-11,be the skin,be the skin,30PlusSkinCare,1ndz4l9,Routine help?,powerflower__,1,1,https://reddit.com/r/30PlusSkinCare/comments/1ndz4l9/routine_help/,1757563507
2025-09-10,be the skin,be the skin,30PlusSkinCare,1ndi10y,Just a friendly reminder that alcohol wreaks havoc on your skin,TangerineNext9630,984,105,https://reddit.com/r/30PlusSkinCare/comments/1ndi10y/just_a_friendly_reminder_that_alcohol_wreaks/,1757519638
2025-09-10,be the skin,be the skin,30PlusSkinCare,1ndhmuz,"From zero skincare, literally zero no face wash even just water, how do I include different actives in my routine?",sofia915,6,14,https://reddit.com/r/30PlusSkinCare/comments/1ndhmuz/from_zero_skincare_literally_zero_no_face_wash/,1757518770
2025-09-10,be the skin,be the skin,30PlusSkinCare,1ndh5f7,Anything I should add?,Mobile_Ad_9090,3,1,https://reddit.com/r/30PlusSkinCare/comments/1ndh5f7/anything_i_should_add/,1757517704
2025-09-10,be the skin,be the skin,30PlusSkinCare,1ndarkk,What is a skincare product for anti-aging issues that you use or have used that actually made a noticeable difference?,fuzzydiceinrearview,43,76,https://reddit.com/r/30PlusSkinCare/comments/1ndarkk/what_is_a_skincare_product_for_antiaging_issues/,1757501011
2025-09-10,be the skin,be the skin,30PlusSkinCare,1ndak1l,Does self tanner really even out your skin or is it just hype?,Glittering_Alps4346,8,18,https://reddit.com/r/30PlusSkinCare/comments/1ndak1l/does_self_tanner_really_even_out_your_skin_or_is/,1757500288
2025-09-10,be the skin,be the skin,30PlusSkinCare,1nd5mec,"After ~9 yrs post accutane, I “relapsed”. How common is this?",Dsg1695,5,1,https://reddit.com/r/30PlusSkinCare/comments/1nd5mec/after_9_yrs_post_accutane_i_relapsed_how_common/,1757481407
2025-09-10,be the skin,be the skin,30PlusSkinCare,1nd4s01,Does your moisture barrier ever get used to retinoids or should I stop using them?,CouldTryMyBest,6,27,https://reddit.com/r/30PlusSkinCare/comments/1nd4s01/does_your_moisture_barrier_ever_get_used_to/,1757478494
2025-09-10,be the skin,be the skin,30PlusSkinCare,1nd1z0m,Need some simple product suggestions,B1chpudding,2,6,https://reddit.com/r/30PlusSkinCare/comments/1nd1z0m/need_some_simple_product_suggestions/,1757469941
2025-09-09,be the skin,be the skin,30PlusSkinCare,1nct8np,Forehead help,nyletakatelyn,0,21,https://reddit.com/r/30PlusSkinCare/comments/1nct8np/forehead_help/,1757447695
2025-09-09,be the skin,be the skin,30PlusSkinCare,1nclrio,BBL vs Moxi vs Clear and Brilliant,Few-Permission5362,10,6,https://reddit.com/r/30PlusSkinCare/comments/1nclrio/bbl_vs_moxi_vs_clear_and_brilliant/,1757431138
2025-09-09,be the skin,be the skin,30PlusSkinCare,1ncksq6,[Routine Help],Status-Doubt-6571,5,10,https://reddit.com/r/30PlusSkinCare/comments/1ncksq6/routine_help/,1757428928
2025-09-13,be the skin,be the skin,makeupexchange,1nfkmyn,"[SELL][US] Fall sale! 🍂 Dozens of brands from drugstore to luxury makeup, brushes, bundles and more + new items added",letstalkaboutbras,1,1,https://reddit.com/r/makeupexchange/comments/1nfkmyn/sellus_fall_sale_dozens_of_brands_from_drugstore/,1757726444
2025-09-11,be the skin,be the skin,makeupexchange,1nenwwu,rose inc tinted serum,coconutmilllkk,2,5,https://reddit.com/r/makeupexchange/comments/1nenwwu/rose_inc_tinted_serum/,1757633341
2025-09-14,be the skin,be the skin,koreatravel,1ngr4sz,Looking for foreigner-friendly skin clinics!,levinlemons,1,2,https://reddit.com/r/koreatravel/comments/1ngr4sz/looking_for_foreignerfriendly_skin_clinics/,1757856001
2025-09-13,be the skin,be the skin,koreatravel,1nfj53c,Clinics and things to do in songdo,shiba_lover8,1,4,https://reddit.com/r/koreatravel/comments/1nfj53c/clinics_and_things_to_do_in_songdo/,1757722115
2025-09-12,be the skin,be the skin,koreatravel,1nepkew,Need Recommendation for Skin Clinic with Microneedling,FluffyNewspaper8365,2,8,https://reddit.com/r/koreatravel/comments/1nepkew/need_recommendation_for_skin_clinic_with/,1757638115
2025-09-11,be the skin,be the skin,koreatravel,1ne31sj,Trip report,Character_Rub8286,22,6,https://reddit.com/r/koreatravel/comments/1ne31sj/trip_report/,1757578108
2025-09-13,be the skin,be the skin,referralcodes,1nfoq87,$10 Off $20 at Rael (period and postpartum products),NalaCat2509,1,0,https://reddit.com/r/referralcodes/comments/1nfoq87/10_off_20_at_rael_period_and_postpartum_products/,1757739361
2025-09-12,be the skin,be the skin,kbeauty,1nero1s,Cleansing routine,skincarelover12,1,8,https://reddit.com/r/kbeauty/comments/1nero1s/cleansing_routine/,1757644339
2025-09-09,be the skin,be the skin,kbeauty,1ncezmo,Confused which K-beauty brands are popular in Korea+routine/product advice,kamilo998,0,6,https://reddit.com/r/kbeauty/comments/1ncezmo/confused_which_kbeauty_brands_are_popular_in/,1757412897
2025-09-14,be the skin,be the skin,indianbeautyhauls,1ngw96g,Bath and body and the body shop haul,Upstairs-Ad7387,26,12,https://reddit.com/r/indianbeautyhauls/comments/1ngw96g/bath_and_body_and_the_body_shop_haul/,1757868488
2025-09-14,be the skin,be the skin,indianbeautyhauls,1ngks50,A girlie who's on a no-buy for this year,Key-Review-2282,44,21,https://reddit.com/r/indianbeautyhauls/comments/1ngks50/a_girlie_whos_on_a_nobuy_for_this_year/,1757834547
2025-09-13,be the skin,be the skin,indianbeautyhauls,1nfsaxd,New instagram finds - Fragnance haul from Lover beauty,Fresh_Broccoli9113,6,2,https://reddit.com/r/indianbeautyhauls/comments/1nfsaxd/new_instagram_finds_fragnance_haul_from_lover/,1757752326
2025-09-13,be the skin,be the skin,indianbeautyhauls,1nfnpht,I finally have a bathroom cabinet for my skincare!!,Whatup-Buttercup,125,46,https://reddit.com/r/indianbeautyhauls/comments/1nfnpht/i_finally_have_a_bathroom_cabinet_for_my_skincare/,1757735930
2025-09-09,be the skin,be the skin,indianbeautyhauls,1ncmy5w,Swatches of eyeshadows,Melodic_Ingenuity716,10,2,https://reddit.com/r/indianbeautyhauls/comments/1ncmy5w/swatches_of_eyeshadows/,1757433808
2025-09-09,be the skin,be the skin,indianbeautyhauls,1ncevj1,Birthday haul from my boyfriend - part 1,guttts1058,231,49,https://reddit.com/r/indianbeautyhauls/comments/1ncevj1/birthday_haul_from_my_boyfriend_part_1/,1757412474
2025-09-15,be the skin,be the skin,tretinoin,1nhts15,Starting Trey while on Azalaic Acid!,Plastic-Spend-9829,1,0,https://reddit.com/r/tretinoin/comments/1nhts15/starting_trey_while_on_azalaic_acid/,1757960651
2025-09-15,be the skin,be the skin,tretinoin,1nhs5xg,Compounded Tretinoin - after 30 days 30 gram tube,Competitive_Tune_159,3,3,https://reddit.com/r/tretinoin/comments/1nhs5xg/compounded_tretinoin_after_30_days_30_gram_tube/,1757957122
2025-09-15,be the skin,be the skin,tretinoin,1nhs39v,My experience increasing dose for anti-aging,Msschwanzy,86,18,https://reddit.com/r/tretinoin/comments/1nhs39v/my_experience_increasing_dose_for_antiaging/,1757956958
2025-09-15,be the skin,be the skin,tretinoin,1nhiso7,my skin is so oily after starting tretinoin!,kyokers,5,10,https://reddit.com/r/tretinoin/comments/1nhiso7/my_skin_is_so_oily_after_starting_tretinoin/,1757934260
2025-09-14,be the skin,be the skin,tretinoin,1ngp263,Do NOT do a sleep study while on tretinoin,Mother_Pumpkin_7813,690,85,https://reddit.com/r/tretinoin/comments/1ngp263/do_not_do_a_sleep_study_while_on_tretinoin/,1757849938
2025-09-14,be the skin,be the skin,tretinoin,1ngki07,Should i stop using tret??,Special_Ebb2750,5,25,https://reddit.com/r/tretinoin/comments/1ngki07/should_i_stop_using_tret/,1757833556
2025-09-13,be the skin,be the skin,tretinoin,1ngajy7,PURGING TAKES 6+ MONTHS....SEE PICTURES!!,Sweet-Albatross6218,164,29,https://reddit.com/r/tretinoin/comments/1ngajy7/purging_takes_6_monthssee_pictures/,1757802248
2025-09-13,be the skin,be the skin,tretinoin,1ng9rf0,Exfoliating cleanser,saturnianketuvian,1,6,https://reddit.com/r/tretinoin/comments/1ng9rf0/exfoliating_cleanser/,1757800189
2025-09-13,be the skin,be the skin,tretinoin,1ng852e,EXCITED-PART 2,StenoDawg,6,7,https://reddit.com/r/tretinoin/comments/1ng852e/excitedpart_2/,1757795937
2025-09-13,be the skin,be the skin,tretinoin,1ng4ch4,My skin journey and results with 0.1% Taz after 8 months,Embarrassed_Emu_8824,121,12,https://reddit.com/r/tretinoin/comments/1ng4ch4/my_skin_journey_and_results_with_01_taz_after_8/,1757786688
2025-09-13,be the skin,be the skin,tretinoin,1nfv2zl,Tret for anti-aging,That_Oil2450,0,6,https://reddit.com/r/tretinoin/comments/1nfv2zl/tret_for_antiaging/,1757762785
2025-09-13,be the skin,be the skin,tretinoin,1nfo3iv,routine for beginner on tret?,superdarktime,3,4,https://reddit.com/r/tretinoin/comments/1nfo3iv/routine_for_beginner_on_tret/,1757737210
2025-09-12,be the skin,be the skin,tretinoin,1nfduza,Is this a normal purge??,Gold-Reception-6671,13,12,https://reddit.com/r/tretinoin/comments/1nfduza/is_this_a_normal_purge/,1757708758
2025-09-12,be the skin,be the skin,tretinoin,1nfddck,Alternative to Panoxyl face wash while on Tret,strawberryoftheindie,1,2,https://reddit.com/r/tretinoin/comments/1nfddck/alternative_to_panoxyl_face_wash_while_on_tret/,1757707615
2025-09-12,be the skin,be the skin,tretinoin,1nerwc2,How much sun exposure can I have?,Visible_Inspector988,1,3,https://reddit.com/r/tretinoin/comments/1nerwc2/how_much_sun_exposure_can_i_have/,1757645024
2025-09-12,be the skin,be the skin,tretinoin,1neqp4d,Been using tret cream 0.05% since February of this year. Just started using it on dry skin and have peeling and irritation. Is this normal??,cemaga,3,4,https://reddit.com/r/tretinoin/comments/1neqp4d/been_using_tret_cream_005_since_february_of_this/,1757641428
2025-09-11,be the skin,be the skin,tretinoin,1ne8gc9,"1 month update tret 0,025%",ShortRoutine4024,136,12,https://reddit.com/r/tretinoin/comments/1ne8gc9/1_month_update_tret_0025/,1757596322
2025-09-11,be the skin,be the skin,tretinoin,1ne0092,Applying tretinoin to SOAKING WET skin?,icee_J,3,16,https://reddit.com/r/tretinoin/comments/1ne0092/applying_tretinoin_to_soaking_wet_skin/,1757566514
2025-09-11,be the skin,be the skin,tretinoin,1ndvh0x,Help! Do I transition straight to Arazlo or take a break from all actives?,OverCabinet8047,3,4,https://reddit.com/r/tretinoin/comments/1ndvh0x/help_do_i_transition_straight_to_arazlo_or_take_a/,1757552327
2025-09-10,be the skin,be the skin,tretinoin,1ndpxws,"Taz 0,1% - when to expect irritation/flaking/etc?",RynnR,9,22,https://reddit.com/r/tretinoin/comments/1ndpxws/taz_01_when_to_expect_irritationflakingetc/,1757537484
2025-09-10,be the skin,be the skin,tretinoin,1ndg4j1,recurring chemical burn from tret help?,ahbigail,7,34,https://reddit.com/r/tretinoin/comments/1ndg4j1/recurring_chemical_burn_from_tret_help/,1757515414
2025-09-10,be the skin,be the skin,tretinoin,1ndfotb,Stick with it,Single-Ad-8616,304,31,https://reddit.com/r/tretinoin/comments/1ndfotb/stick_with_it/,1757514388
2025-09-10,be the skin,be the skin,tretinoin,1nd62m2,SHOULD I START TRET,lexetiustitia,2,16,https://reddit.com/r/tretinoin/comments/1nd62m2/should_i_start_tret/,1757483062
2025-09-10,be the skin,be the skin,tretinoin,1nd1omr,Switching from Tretinoin to Aklief,Competitive-Major-42,3,7,https://reddit.com/r/tretinoin/comments/1nd1omr/switching_from_tretinoin_to_aklief/,1757469125
2025-09-09,be the skin,be the skin,tretinoin,1ncsq5t,Desperately seeking help,Low_Celebration_7868,25,6,https://reddit.com/r/tretinoin/comments/1ncsq5t/desperately_seeking_help/,1757446577
2025-09-09,be the skin,be the skin,tretinoin,1ncfz6i,„Pea-sized amount“?,Livid-Candy8133,11,11,https://reddit.com/r/tretinoin/comments/1ncfz6i/peasized_amount/,1757416284
2025-09-09,be the skin,be the skin,tretinoin,1nca658,Tret purge after new bottle?,UnderTheSea223,3,9,https://reddit.com/r/tretinoin/comments/1nca658/tret_purge_after_new_bottle/,1757394205
2025-09-09,be the skin,be the skin,tretinoin,1nc9kxp,Texture after Accutane and using Tret for almost a year,Enough_Dealer8256,3,3,https://reddit.com/r/tretinoin/comments/1nc9kxp/texture_after_accutane_and_using_tret_for_almost/,1757392184
2025-09-13,be the skin,be the skin,PanPorn,1nfjvhq,Recent skincare empties,nextdaydrowsiness,54,2,https://reddit.com/r/PanPorn/comments/1nfjvhq/recent_skincare_empties/,1757724209
2025-09-11,be the skin,be the skin,PanPorn,1ndy8f8,Monthly Empties on my first project panning (I'll update each 10th) 🌸,Content-Design-2608,85,3,https://reddit.com/r/PanPorn/comments/1ndy8f8/monthly_empties_on_my_first_project_panning_ill/,1757560640
2025-09-15,be the skin,be the skin,IndianBeautyTalks,1nhsvd3,Makeup revolution baby tints - The worst thing to ever happen to my money,myfavstuffyt,15,4,https://reddit.com/r/IndianBeautyTalks/comments/1nhsvd3/makeup_revolution_baby_tints_the_worst_thing_to/,1757958681
2025-09-15,be the skin,be the skin,IndianBeautyTalks,1nhrhf4,Can I use the newly delievered face serum which has only 15 days expiry left,Doc_DADDIE,4,4,https://reddit.com/r/IndianBeautyTalks/comments/1nhrhf4/can_i_use_the_newly_delievered_face_serum_which/,1757955646
2025-09-15,be the skin,be the skin,IndianBeautyTalks,1nhql6c,"Starting over at 26 — PCOS, OCD, trauma, no skills — looking for women’s advice and support",No-Representative436,10,2,https://reddit.com/r/IndianBeautyTalks/comments/1nhql6c/starting_over_at_26_pcos_ocd_trauma_no_skills/,1757953656
2025-09-15,be the skin,be the skin,IndianBeautyTalks,1nhmnmv,"Give me your best makeup tips, something you absolutely swear by 🎀",vodkawithsun,241,168,https://reddit.com/r/IndianBeautyTalks/comments/1nhmnmv/give_me_your_best_makeup_tips_something_you/,1757944837
2025-09-14,be the skin,be the skin,IndianBeautyTalks,1ngree4,Does anyone else break out only after going outside?,Born_Scene4209,6,8,https://reddit.com/r/IndianBeautyTalks/comments/1ngree4/does_anyone_else_break_out_only_after_going/,1757856709
2025-09-14,be the skin,be the skin,IndianBeautyTalks,1ngmuib,Help me figure out my skin undertone and foundation shade,Public_Compote_4326,22,42,https://reddit.com/r/IndianBeautyTalks/comments/1ngmuib/help_me_figure_out_my_skin_undertone_and/,1757842202
2025-09-14,be the skin,be the skin,IndianBeautyTalks,1nglf7p,Found the perfect fall lip combo🍂,JEEvanNEETi,31,9,https://reddit.com/r/IndianBeautyTalks/comments/1nglf7p/found_the_perfect_fall_lip_combo/,1757836907
2025-09-13,be the skin,be the skin,IndianBeautyTalks,1nfvnqc,These brands aren't even trying😭😭,megumiseyelashes_,77,10,https://reddit.com/r/IndianBeautyTalks/comments/1nfvnqc/these_brands_arent_even_trying/,1757764707
2025-09-13,be the skin,be the skin,IndianBeautyTalks,1nft0n7,Re’equil tinted sunscreen,Diligent-Reserve9437,5,11,https://reddit.com/r/IndianBeautyTalks/comments/1nft0n7/reequil_tinted_sunscreen/,1757755172
2025-09-12,be the skin,be the skin,IndianBeautyTalks,1nf7jph,Some underrated products (IMO) that I have been using lately. Haul with mini reviews and swatches! 🤌🫶✨,pustakikidaa,31,12,https://reddit.com/r/IndianBeautyTalks/comments/1nf7jph/some_underrated_products_imo_that_i_have_been/,1757693889
2025-09-12,be the skin,be the skin,IndianBeautyTalks,1nf02wc,Has anyone used Klairs products?,rereireii,13,35,https://reddit.com/r/IndianBeautyTalks/comments/1nf02wc/has_anyone_used_klairs_products/,1757674660
2025-09-11,be the skin,be the skin,IndianBeautyTalks,1nei54i,skin tint or bb cream or cc cream,Certified_Chaos55,2,2,https://reddit.com/r/IndianBeautyTalks/comments/1nei54i/skin_tint_or_bb_cream_or_cc_cream/,1757618981
2025-09-11,be the skin,be the skin,IndianBeautyTalks,1necpvx,Beginner here – Need help learning makeup for my brother’s wedding.,Mindless_Feedback_97,46,27,https://reddit.com/r/IndianBeautyTalks/comments/1necpvx/beginner_here_need_help_learning_makeup_for_my/,1757606585
2025-09-11,be the skin,be the skin,IndianBeautyTalks,1ne72od,Tinted sunscreen appreciation post,Diligent-Reserve9437,30,9,https://reddit.com/r/IndianBeautyTalks/comments/1ne72od/tinted_sunscreen_appreciation_post/,1757592522
2025-09-11,be the skin,be the skin,IndianBeautyTalks,1ne04no,So I'm brokeeee,eenieminnemoo,64,19,https://reddit.com/r/IndianBeautyTalks/comments/1ne04no/so_im_brokeeee/,1757566942
2025-09-10,be the skin,be the skin,IndianBeautyTalks,1ndjl5j,Has anyone tried Be Japanese Marine collagen powder ? Looking for reviews,ting_ting32,1,0,https://reddit.com/r/IndianBeautyTalks/comments/1ndjl5j/has_anyone_tried_be_japanese_marine_collagen/,1757522992
2025-09-10,be the skin,be the skin,IndianBeautyTalks,1ndam90,Girlies help me,Few-Answer-6086,2,4,https://reddit.com/r/IndianBeautyTalks/comments/1ndam90/girlies_help_me/,1757500499
2025-09-09,be the skin,be the skin,IndianBeautyTalks,1ncq1we,Best ways to remove tan?,Kreshae,3,9,https://reddit.com/r/IndianBeautyTalks/comments/1ncq1we/best_ways_to_remove_tan/,1757440746
2025-09-09,be the skin,be the skin,IndianBeautyTalks,1nclhb7,Body glow product recommendations. I want to shiiiiiine ✨,mistycandraw,4,7,https://reddit.com/r/IndianBeautyTalks/comments/1nclhb7/body_glow_product_recommendations_i_want_to/,1757430486
2025-09-09,be the skin,be the skin,IndianBeautyTalks,1ncl8h9,Need help choosing sunscreen stick and lotion for Thailand and Bali trip,mistycandraw,1,1,https://reddit.com/r/IndianBeautyTalks/comments/1ncl8h9/need_help_choosing_sunscreen_stick_and_lotion_for/,1757429940
2025-09-09,be the skin,be the skin,IndianBeautyTalks,1ncdlas,Upgrade from vaseline to deconstruct sunscreen + reviews,Over_Comfortable_358,3,0,https://reddit.com/r/IndianBeautyTalks/comments/1ncdlas/upgrade_from_vaseline_to_deconstruct_sunscreen/,1757407500
2025-09-15,be the skin,be the skin,MakeupAddiction,1nhyhf5,Please save meeee,New_Interaction4089,2,7,https://reddit.com/r/MakeupAddiction/comments/1nhyhf5/please_save_meeee/,1757971064
2025-09-15,be the skin,be the skin,MakeupAddiction,1nhwr71,Please Help,Honeyyyymoon,25,54,https://reddit.com/r/MakeupAddiction/comments/1nhwr71/please_help/,1757967185
2025-09-15,be the skin,be the skin,MakeupAddiction,1nhr0hn,wedding make-up help,olaugh_alot,213,22,https://reddit.com/r/MakeupAddiction/comments/1nhr0hn/wedding_makeup_help/,1757954610
2025-09-15,be the skin,be the skin,MakeupAddiction,1nhk5px,What would be the equivalent Sephora Concealer 17.5n in Maybelline Age Rewind?,belfour2000,1,2,https://reddit.com/r/MakeupAddiction/comments/1nhk5px/what_would_be_the_equivalent_sephora_concealer/,1757938454
2025-09-15,be the skin,be the skin,MakeupAddiction,1nhgnx8,Korean foundation for different skin tones,OkBumblebee1101,1,1,https://reddit.com/r/MakeupAddiction/comments/1nhgnx8/korean_foundation_for_different_skin_tones/,1757926537
2025-09-15,be the skin,be the skin,MakeupAddiction,1nhehbm,My first attempt at a full face with no previous experience or education! I am looking for constructive criticism and product recommendations.,poojawhatis,3,6,https://reddit.com/r/MakeupAddiction/comments/1nhehbm/my_first_attempt_at_a_full_face_with_no_previous/,1757917893
2025-09-15,be the skin,be the skin,MakeupAddiction,1nhdpir,Full face at $100,nicoleonline,1,3,https://reddit.com/r/MakeupAddiction/comments/1nhdpir/full_face_at_100/,1757915093
2025-09-15,be the skin,be the skin,MakeupAddiction,1nha45f,"nose is oily, dry, AND flaky, and makeup won’t stay on 😭",AbjectStudent9068,2,5,https://reddit.com/r/MakeupAddiction/comments/1nha45f/nose_is_oily_dry_and_flaky_and_makeup_wont_stay_on/,1757903513
2025-09-14,be the skin,be the skin,MakeupAddiction,1nh2eq5,eyeshadow help,stxrg1rI,2,5,https://reddit.com/r/MakeupAddiction/comments/1nh2eq5/eyeshadow_help/,1757882769
2025-09-14,be the skin,be the skin,MakeupAddiction,1nh1wfp,Are there any talc free powders that actually stay matte all day?,hyacinthshouse,2,3,https://reddit.com/r/MakeupAddiction/comments/1nh1wfp/are_there_any_talc_free_powders_that_actually/,1757881567
2025-09-14,be the skin,be the skin,MakeupAddiction,1ngzy6r,How do yall find a good match for face products?,Anony-Moss-,1,3,https://reddit.com/r/MakeupAddiction/comments/1ngzy6r/how_do_yall_find_a_good_match_for_face_products/,1757877027
2025-09-14,be the skin,be the skin,MakeupAddiction,1ngmjzi,Is this amount of texture normal with makeup?,tmibullshit,0,10,https://reddit.com/r/MakeupAddiction/comments/1ngmjzi/is_this_amount_of_texture_normal_with_makeup/,1757841110
2025-09-14,be the skin,be the skin,MakeupAddiction,1ngj7d0,Does anyone know of a Chantecaille Future Skin Gel foundation alternative?,kerlypls,1,1,https://reddit.com/r/MakeupAddiction/comments/1ngj7d0/does_anyone_know_of_a_chantecaille_future_skin/,1757828934
2025-09-13,be the skin,be the skin,MakeupAddiction,1nfvvqe,How to prevent my foundation from showing my texture?,Coffee5533,0,8,https://reddit.com/r/MakeupAddiction/comments/1nfvvqe/how_to_prevent_my_foundation_from_showing_my/,1757765409
2025-09-13,be the skin,be the skin,MakeupAddiction,1nfsc5g,Online makeup teachers,Ok_Technician9266,2,4,https://reddit.com/r/MakeupAddiction/comments/1nfsc5g/online_makeup_teachers/,1757752455
2025-09-13,be the skin,be the skin,MakeupAddiction,1nflm7y,Primer recommendations,ccrider1985,1,5,https://reddit.com/r/MakeupAddiction/comments/1nflm7y/primer_recommendations/,1757729366
2025-09-12,be the skin,be the skin,MakeupAddiction,1nf4s9x,Needing a lipstick that matches the shade this gloss has,PlantWitchBitch,0,2,https://reddit.com/r/MakeupAddiction/comments/1nf4s9x/needing_a_lipstick_that_matches_the_shade_this/,1757687419
2025-09-12,be the skin,be the skin,MakeupAddiction,1nf1g61,Alternative to Urban Decay Naked 3 in 2025 ?,lapiotah,1,1,https://reddit.com/r/MakeupAddiction/comments/1nf1g61/alternative_to_urban_decay_naked_3_in_2025/,1757678904
2025-09-12,be the skin,be the skin,MakeupAddiction,1nevcnx,Mac lipstick decision,Own-Remove-8642,2,6,https://reddit.com/r/MakeupAddiction/comments/1nevcnx/mac_lipstick_decision/,1757656607
2025-09-11,be the skin,be the skin,MakeupAddiction,1nem5yo,Need Tips for Building a Makeup Routine,No_Potato_1574,3,1,https://reddit.com/r/MakeupAddiction/comments/1nem5yo/need_tips_for_building_a_makeup_routine/,1757628652
2025-09-11,be the skin,be the skin,MakeupAddiction,1neh54i,post birth control acne cover up help,Quick_Respond_9478,4,7,https://reddit.com/r/MakeupAddiction/comments/1neh54i/post_birth_control_acne_cover_up_help/,1757616672
2025-09-11,be the skin,be the skin,MakeupAddiction,1neh4ww,post birth control acne cover up help,Quick_Respond_9478,0,1,https://reddit.com/r/MakeupAddiction/comments/1neh4ww/post_birth_control_acne_cover_up_help/,1757616660
2025-09-11,be the skin,be the skin,MakeupAddiction,1necx6c,I’m doing my own hair and make up for my wedding. Any tips?,15hrbandit,1,1,https://reddit.com/r/MakeupAddiction/comments/1necx6c/im_doing_my_own_hair_and_make_up_for_my_wedding/,1757607067
2025-09-11,be the skin,be the skin,MakeupAddiction,1ne1d8m,Considering the switch from foundation to tint!,alesani,2,1,https://reddit.com/r/MakeupAddiction/comments/1ne1d8m/considering_the_switch_from_foundation_to_tint/,1757571515
2025-09-10,be the skin,be the skin,MakeupAddiction,1ndsuyd,Wedding Makeup -- Advice welcome!,MaesterSherlock,24,18,https://reddit.com/r/MakeupAddiction/comments/1ndsuyd/wedding_makeup_advice_welcome/,1757544921
2025-09-10,be the skin,be the skin,MakeupAddiction,1ndnrhx,"Good primer, setting powder, & concealer to pair with IT Cosmetics CC cream or in general?",Substantial-Limit-99,3,2,https://reddit.com/r/MakeupAddiction/comments/1ndnrhx/good_primer_setting_powder_concealer_to_pair_with/,1757532265
2025-09-10,be the skin,be the skin,MakeupAddiction,1ndkajt,Help - Brand/Shade Match for discontinued Milk Flex Concealer in Medium Tan,mllelefroid,1,5,https://reddit.com/r/MakeupAddiction/comments/1ndkajt/help_brandshade_match_for_discontinued_milk_flex/,1757524539
2025-09-10,be the skin,be the skin,MakeupAddiction,1ndk5q1,HELP! Makeup looks crusty,juslsjakld,1,6,https://reddit.com/r/MakeupAddiction/comments/1ndk5q1/help_makeup_looks_crusty/,1757524245
2025-09-10,be the skin,be the skin,MakeupAddiction,1ndjudo,Lipstick help!,throwaway4828273,2,6,https://reddit.com/r/MakeupAddiction/comments/1ndjudo/lipstick_help/,1757523567
2025-09-10,be the skin,be the skin,MakeupAddiction,1ndiwef,Help me find a replacement for NYX #NOFILTER Finishing Powder,4jays4,1,3,https://reddit.com/r/MakeupAddiction/comments/1ndiwef/help_me_find_a_replacement_for_nyx_nofilter/,1757521512
2025-09-10,be the skin,be the skin,MakeupAddiction,1ndet70,Looking for a similar product to Maybelline Pink Wink lip liner,sn00pycat,1,1,https://reddit.com/r/MakeupAddiction/comments/1ndet70/looking_for_a_similar_product_to_maybelline_pink/,1757512357
2025-09-10,be the skin,be the skin,MakeupAddiction,1ndd5gm,"""Deep"" skintone in Thai Ad",Reasonable-Aerie-715,2408,85,https://reddit.com/r/MakeupAddiction/comments/1ndd5gm/deep_skintone_in_thai_ad/,1757508179
2025-09-10,be the skin,be the skin,MakeupAddiction,1nd435y,advice pls,Individual-Mail2869,1,1,https://reddit.com/r/MakeupAddiction/comments/1nd435y/advice_pls/,1757476267
2025-09-10,be the skin,be the skin,MakeupAddiction,1nd2dsl,Wedding Makeup Help,L0wer-Biscotti,1,2,https://reddit.com/r/MakeupAddiction/comments/1nd2dsl/wedding_makeup_help/,1757471140
2025-09-09,be the skin,be the skin,MakeupAddiction,1ncpkk7,Eloping- help!,CText-9008,0,2,https://reddit.com/r/MakeupAddiction/comments/1ncpkk7/eloping_help/,1757439681
2025-09-09,be the skin,be the skin,MakeupAddiction,1ncjtmu,Help for Shade Match: Natasha Denona Hy-Glam,SadBaddieGirl,1,5,https://reddit.com/r/MakeupAddiction/comments/1ncjtmu/help_for_shade_match_natasha_denona_hyglam/,1757426657
2025-09-09,be the skin,be the skin,MakeupAddiction,1ncizp1,"How to do a natural, skin-focused makeup look, if I’m embarrassed by my skin?",Pickles_The_Cat_1234,5,6,https://reddit.com/r/MakeupAddiction/comments/1ncizp1/how_to_do_a_natural_skinfocused_makeup_look_if_im/,1757424644
2025-09-09,be the skin,be the skin,MakeupAddiction,1nc4jp4,"Please Help - ""No Makeup"" Makeup Routine for Oily Skin",NapTimeIs_AllTheTime,2,3,https://reddit.com/r/MakeupAddiction/comments/1nc4jp4/please_help_no_makeup_makeup_routine_for_oily_skin/,1757377342
2025-09-15,be the skin,be the skin,DIYHEAVEN,1nhccuq,"If PN or PDRN is on the box, what does it mean about the product inside?  Why are these two ingredients so popular and which is better for a specific outcome?",Alert_Ad7433,17,1,https://reddit.com/r/DIYHEAVEN/comments/1nhccuq/if_pn_or_pdrn_is_on_the_box_what_does_it_mean/,1757910385
2025-09-11,be the skin,be the skin,DIYHEAVEN,1ndxk1w,"What actually is hyaluronic acid (and cross-linked hyaluronic acid) and why is it found in so many of the products we rely on? Which HA products are your favorite fillers, skin boosters, etc?",Alert_Ad7433,8,2,https://reddit.com/r/DIYHEAVEN/comments/1ndxk1w/what_actually_is_hyaluronic_acid_and_crosslinked/,1757558557
2025-09-09,be the skin,be the skin,DIYHEAVEN,1ncow4j,Lets talk skin booster for eyes HA+PN,Specialist-Track-662,12,11,https://reddit.com/r/DIYHEAVEN/comments/1ncow4j/lets_talk_skin_booster_for_eyes_hapn/,1757438171
2025-09-15,be the skin,be the skin,Skincare_Addiction,1nhger5,help with managing oily skin,gvisii,2,2,https://reddit.com/r/Skincare_Addiction/comments/1nhger5/help_with_managing_oily_skin/,1757925499
2025-09-14,be the skin,be the skin,Skincare_Addiction,1ngxci7,Byoma Products,Pitiful_Sky_3161,6,6,https://reddit.com/r/Skincare_Addiction/comments/1ngxci7/byoma_products/,1757870988
2025-09-14,be the skin,be the skin,Skincare_Addiction,1ngx0ta,Moisturiser pilling with nothing underneath,Intelligent-Comb-843,1,15,https://reddit.com/r/Skincare_Addiction/comments/1ngx0ta/moisturiser_pilling_with_nothing_underneath/,1757870245
2025-09-14,be the skin,be the skin,Skincare_Addiction,1ngtrg1,My skin's love triangle,hevenger,0,3,https://reddit.com/r/Skincare_Addiction/comments/1ngtrg1/my_skins_love_triangle/,1757862680
2025-09-14,be the skin,be the skin,Skincare_Addiction,1ngrt3z,I hate my legs and an allergy has left some pigmentations on my ankles. Please help,4kUltraADHD,10,6,https://reddit.com/r/Skincare_Addiction/comments/1ngrt3z/i_hate_my_legs_and_an_allergy_has_left_some/,1757857786
2025-09-14,be the skin,be the skin,Skincare_Addiction,1ngrend,"Is it possible to use a creamy, gel or balm cleanser on it's own ? and can they be used to remove makeup",ghostly_illusion,3,17,https://reddit.com/r/Skincare_Addiction/comments/1ngrend/is_it_possible_to_use_a_creamy_gel_or_balm/,1757856727
2025-09-13,be the skin,be the skin,Skincare_Addiction,1nfosea,Gentle exfoliation products for texture,wynfocus,2,4,https://reddit.com/r/Skincare_Addiction/comments/1nfosea/gentle_exfoliation_products_for_texture/,1757739573
2025-09-12,be the skin,be the skin,Skincare_Addiction,1neqd89,suggestions?,Additional_Aspect_85,2,5,https://reddit.com/r/Skincare_Addiction/comments/1neqd89/suggestions/,1757640443
2025-09-10,be the skin,be the skin,Skincare_Addiction,1ndanwx,Does self tanner really even out your skin or is it just hype?,Glittering_Alps4346,3,20,https://reddit.com/r/Skincare_Addiction/comments/1ndanwx/does_self_tanner_really_even_out_your_skin_or_is/,1757500660
2025-09-10,be the skin,be the skin,Skincare_Addiction,1nd9x6y,Skin still red 3 weeks after sunburn,Shahetoofan,1,1,https://reddit.com/r/Skincare_Addiction/comments/1nd9x6y/skin_still_red_3_weeks_after_sunburn/,1757498069
2025-09-09,be the skin,be the skin,Skincare_Addiction,1ncp9dh,Why is this moisturizer drying out my skin?,free_birdiee,0,8,https://reddit.com/r/Skincare_Addiction/comments/1ncp9dh/why_is_this_moisturizer_drying_out_my_skin/,1757438992
2025-09-09,be the skin,be the skin,Skincare_Addiction,1ncotot,"New to skincare: I have all the products I want to use, how do I begin?",AfraidBlackberry532,3,6,https://reddit.com/r/Skincare_Addiction/comments/1ncotot/new_to_skincare_i_have_all_the_products_i_want_to/,1757438019
2025-09-15,be the skin,be the skin,SkincareAddicts,1nhyuof,"IPL- Major disappointment, $650 for a single session no results",DazzlingChallenge470,1,0,https://reddit.com/r/SkincareAddicts/comments/1nhyuof/ipl_major_disappointment_650_for_a_single_session/,1757972016
2025-09-15,be the skin,be the skin,SkincareAddicts,1nhy8s6,Post inflammatory hyperpigmentation,saltycatss,1,0,https://reddit.com/r/SkincareAddicts/comments/1nhy8s6/post_inflammatory_hyperpigmentation/,1757970507
2025-09-15,be the skin,be the skin,SkincareAddicts,1nhupcd,Chemical peel prep?,TraditionalEconomy88,1,1,https://reddit.com/r/SkincareAddicts/comments/1nhupcd/chemical_peel_prep/,1757962693
2025-09-15,be the skin,be the skin,SkincareAddicts,1nhuct5,"Dryness, irritation and burning sensation on cheeks",Sufficient-Tea-1625,0,2,https://reddit.com/r/SkincareAddicts/comments/1nhuct5/dryness_irritation_and_burning_sensation_on_cheeks/,1757961922
2025-09-15,be the skin,be the skin,SkincareAddicts,1nhsfjh,[acne] Mild acne treatment,BusyImpression89,1,0,https://reddit.com/r/SkincareAddicts/comments/1nhsfjh/acne_mild_acne_treatment/,1757957698
2025-09-15,be the skin,be the skin,SkincareAddicts,1nhi42s,Recently started Testosterone HRT - skincare advice?,Longjumping_Bet6624,2,0,https://reddit.com/r/SkincareAddicts/comments/1nhi42s/recently_started_testosterone_hrt_skincare_advice/,1757931927
2025-09-15,be the skin,be the skin,SkincareAddicts,1nhgf1s,how to manage oily skin??,gvisii,2,0,https://reddit.com/r/SkincareAddicts/comments/1nhgf1s/how_to_manage_oily_skin/,1757925531
2025-09-15,be the skin,be the skin,SkincareAddicts,1nhemhp,Sunscreen help!,itsravennn127,1,2,https://reddit.com/r/SkincareAddicts/comments/1nhemhp/sunscreen_help/,1757918444
2025-09-14,be the skin,be the skin,SkincareAddicts,1nh3cvm,Routine help pls!!,mbrlc27,1,0,https://reddit.com/r/SkincareAddicts/comments/1nh3cvm/routine_help_pls/,1757885039
2025-09-14,be the skin,be the skin,SkincareAddicts,1ngzo0w,White dots on nose+forehead ??,crackerballs89,59,42,https://reddit.com/r/SkincareAddicts/comments/1ngzo0w/white_dots_on_noseforehead/,1757876377
2025-09-14,be the skin,be the skin,SkincareAddicts,1ngzl48,White dots on nose+forehead ??,crackerballs89,2,0,https://reddit.com/r/SkincareAddicts/comments/1ngzl48/white_dots_on_noseforehead/,1757876187
2025-09-14,be the skin,be the skin,SkincareAddicts,1ngcsks,What’s worked for you for blackheads/clogged pores? Here’s my night routine,Ok-Information249,1,1,https://reddit.com/r/SkincareAddicts/comments/1ngcsks/whats_worked_for_you_for_blackheadsclogged_pores/,1757808415
2025-09-12,be the skin,be the skin,SkincareAddicts,1nfbjjx,Recommendations on how to treat these red cystic bumps,Ashamed-Ad738,1,1,https://reddit.com/r/SkincareAddicts/comments/1nfbjjx/recommendations_on_how_to_treat_these_red_cystic/,1757703289
2025-09-12,be the skin,be the skin,SkincareAddicts,1nf64op,Adult acne and PD?,SeaAd999,1,2,https://reddit.com/r/SkincareAddicts/comments/1nf64op/adult_acne_and_pd/,1757690607
2025-09-12,be the skin,be the skin,SkincareAddicts,1ney5hr,How Often Can I Safely Use a Face Scrub on Combination Skin?,Equal_World_5120,1,0,https://reddit.com/r/SkincareAddicts/comments/1ney5hr/how_often_can_i_safely_use_a_face_scrub_on/,1757667586
2025-09-12,be the skin,be the skin,SkincareAddicts,1neq542,Why Hydration Is About Drinking Water AND So Much More,Ulike_Official,0,1,https://reddit.com/r/SkincareAddicts/comments/1neq542/why_hydration_is_about_drinking_water_and_so_much/,1757639782
2025-09-10,be the skin,be the skin,SkincareAddicts,1ndrhja,No improvement despite of years of trying,Unlikely-here02,25,19,https://reddit.com/r/SkincareAddicts/comments/1ndrhja/no_improvement_despite_of_years_of_trying/,1757541351
2025-09-10,be the skin,be the skin,SkincareAddicts,1ndnm92,[Acne] Nothing has fully worked,bloodynose333,1,4,https://reddit.com/r/SkincareAddicts/comments/1ndnm92/acne_nothing_has_fully_worked/,1757531933
2025-09-09,be the skin,be the skin,SkincareAddicts,1ncsp9s,Musely Products Beware,Curious75-janvills,1,0,https://reddit.com/r/SkincareAddicts/comments/1ncsp9s/musely_products_beware/,1757446524
2025-09-09,be the skin,be the skin,SkincareAddicts,1ncmj0r,i’ve suddenly started struggling with acne and have no idea where to start,Odd-Gold162,10,15,https://reddit.com/r/SkincareAddicts/comments/1ncmj0r/ive_suddenly_started_struggling_with_acne_and/,1757432881
2025-09-09,be the skin,be the skin,SkincareAddicts,1nckebs,Guysss please please help me,dostoevsky_moriarty,0,5,https://reddit.com/r/SkincareAddicts/comments/1nckebs/guysss_please_please_help_me/,1757428005
2025-09-09,be the skin,be the skin,SkincareAddicts,1nce8fa,[Help] why does my skin always have dry spots?,Occo133,1,2,https://reddit.com/r/SkincareAddicts/comments/1nce8fa/help_why_does_my_skin_always_have_dry_spots/,1757410033
2025-09-09,be the skin,be the skin,SkincareAddicts,1ncb2da,Trying to create a routine for myself. What should I be looking for?,MythikMoose,2,2,https://reddit.com/r/SkincareAddicts/comments/1ncb2da/trying_to_create_a_routine_for_myself_what_should/,1757397451
2025-09-15,be the skin,be the skin,KoreaSeoulBeauty,1nhc3q8,"Some tips for ""factory clinics""",Advanced-Ant7565,35,23,https://reddit.com/r/KoreaSeoulBeauty/comments/1nhc3q8/some_tips_for_factory_clinics/,1757909558
2025-09-13,be the skin,be the skin,KoreaSeoulBeauty,1nflghd,Planning cheekbone and jaw reduction concerned about sagging skin,awesome_love,3,8,https://reddit.com/r/KoreaSeoulBeauty/comments/1nflghd/planning_cheekbone_and_jaw_reduction_concerned/,1757728894
2025-09-11,be the skin,be the skin,KoreaSeoulBeauty,1ne15iy,Ultherapy or Ultherapy Prime?,Advanced-Ant7565,29,21,https://reddit.com/r/KoreaSeoulBeauty/comments/1ne15iy/ultherapy_or_ultherapy_prime/,1757570711
2025-09-10,be the skin,be the skin,KoreaSeoulBeauty,1ndef0o,Clinics near Hongdae please as I will be going there in a few days...,Kitchen_Bobcat9143,10,15,https://reddit.com/r/KoreaSeoulBeauty/comments/1ndef0o/clinics_near_hongdae_please_as_i_will_be_going/,1757511403
2025-09-10,be the skin,be the skin,KoreaSeoulBeauty,1nd51z3,Best birthday gift from my hubby! (ft my plastic surgery journey),JudgmentPleasant6703,115,68,https://reddit.com/r/KoreaSeoulBeauty/comments/1nd51z3/best_birthday_gift_from_my_hubby_ft_my_plastic/,1757479435
2025-09-09,be the skin,be the skin,KoreaSeoulBeauty,1nc9mbd,"Pay $70 for inmode, not $7!",Advanced-Ant7565,34,31,https://reddit.com/r/KoreaSeoulBeauty/comments/1nc9mbd/pay_70_for_inmode_not_7/,1757392309
2025-09-15,be the skin,be the skin,beautytalkph,1nhkww0,Non-invasive loose skin-tightening procedures (from weight loss) what procedures would you recommend?,Meowww_1698,2,3,https://reddit.com/r/beautytalkph/comments/1nhkww0/noninvasive_loose_skintightening_procedures_from/,1757940517
2025-09-13,be the skin,be the skin,beautytalkph,1nfyb13,swatches of my lippies,tonkatsudo_on,64,7,https://reddit.com/r/beautytalkph/comments/1nfyb13/swatches_of_my_lippies/,1757772225
2025-09-13,be the skin,be the skin,SkincareAddictionLux,1nftye4,Product suggestions – how do I upgrade my routine’s potency to see real visible results?,Suspicious-Smoke-102,5,10,https://reddit.com/r/SkincareAddictionLux/comments/1nftye4/product_suggestions_how_do_i_upgrade_my_routines/,1757758732
2025-09-13,be the skin,be the skin,SkincareAddictionLux,1nfrb84,Booster pro age,Dismal_Love8039,0,2,https://reddit.com/r/SkincareAddictionLux/comments/1nfrb84/booster_pro_age/,1757748580
2025-09-12,be the skin,be the skin,SkincareAddictionLux,1nfd6nz,Replace my SkinBetter Science routine,smoreo11,24,51,https://reddit.com/r/SkincareAddictionLux/comments/1nfd6nz/replace_my_skinbetter_science_routine/,1757707182
2025-09-12,be the skin,be the skin,SkincareAddictionLux,1nerrxh,Tazarotene not doing much,firmmangoseed,3,8,https://reddit.com/r/SkincareAddictionLux/comments/1nerrxh/tazarotene_not_doing_much/,1757644650
2025-09-11,be the skin,be the skin,SkincareAddictionLux,1nejtmm,How to know if it is good or bad?,browsing_nomad,2,7,https://reddit.com/r/SkincareAddictionLux/comments/1nejtmm/how_to_know_if_it_is_good_or_bad/,1757622883
2025-09-11,be the skin,be the skin,SkincareAddictionLux,1neg1s4,Masks For Age 45+? How Do We Glow Up? Tangent Post,IndependentWinter952,6,6,https://reddit.com/r/SkincareAddictionLux/comments/1neg1s4/masks_for_age_45_how_do_we_glow_up_tangent_post/,1757614163
2025-09-10,be the skin,be the skin,SkincareAddictionLux,1ndmlmr,Marie Veronique - new product dropping this month,ImAtUrDoor,7,1,https://reddit.com/r/SkincareAddictionLux/comments/1ndmlmr/marie_veronique_new_product_dropping_this_month/,1757529649
2025-09-10,be the skin,be the skin,SkincareAddictionLux,1ndlvyd,AB the rich cream and milia?,Unlikely-Cheetah-629,3,12,https://reddit.com/r/SkincareAddictionLux/comments/1ndlvyd/ab_the_rich_cream_and_milia/,1757528030
2025-09-10,be the skin,be the skin,SkincareAddictionLux,1ndduin,Routine critique needed. I’m stuck in a rut!!,CantaloupeLittle,3,8,https://reddit.com/r/SkincareAddictionLux/comments/1ndduin/routine_critique_needed_im_stuck_in_a_rut/,1757509947
2025-09-09,be the skin,be the skin,SkincareAddictionLux,1ncm0rq,My current “skin-saved” routine!,brianb97,41,7,https://reddit.com/r/SkincareAddictionLux/comments/1ncm0rq/my_current_skinsaved_routine/,1757431730
2025-09-13,round lab,round lab,AsianBeauty,1ng83hq,TJMAXX Haul/Review,blueaqua_12,329,30,https://reddit.com/r/AsianBeauty/comments/1ng83hq/tjmaxx_haulreview/,1757795830
2025-09-09,round lab,round lab,AsianBeauty,1nc758q,[News] Notable New Olive Young Online Launches & Brand Updates (July - 1st week of September),dataa_specialist,36,10,https://reddit.com/r/AsianBeauty/comments/1nc758q/news_notable_new_olive_young_online_launches/,1757384677
2025-09-15,round lab,round lab,koreanskincare,1nhv2uv,Thoughts on Round Lab Dokdo Cream,Humble-Ad7235,2,0,https://reddit.com/r/koreanskincare/comments/1nhv2uv/thoughts_on_round_lab_dokdo_cream/,1757963499
2025-09-15,round lab,round lab,koreanskincare,1nhelg2,Can anyone recommend a good cleanser for oily T zone combo skin? Current routine listed below,Witty-Pepper7836,2,12,https://reddit.com/r/koreanskincare/comments/1nhelg2/can_anyone_recommend_a_good_cleanser_for_oily_t/,1757918333
2025-09-13,round lab,round lab,koreanskincare,1ngc246,[sunscreen]Is my Round Lab Birch Juice sunscreen a fake?,My_secret_020,9,5,https://reddit.com/r/koreanskincare/comments/1ngc246/sunscreenis_my_round_lab_birch_juice_sunscreen_a/,1757806335
2025-09-13,round lab,round lab,koreanskincare,1nfm5h8,What else should I add?,Vast_Drawing_7613,25,14,https://reddit.com/r/koreanskincare/comments/1nfm5h8/what_else_should_i_add/,1757731014
2025-09-12,round lab,round lab,koreanskincare,1nfe18c,"Newbie at Korean skincare, need suggestions",Bleeding_Star,4,5,https://reddit.com/r/koreanskincare/comments/1nfe18c/newbie_at_korean_skincare_need_suggestions/,1757709180
2025-09-11,round lab,round lab,koreanskincare,1neocsc,Judge my skincare!,accs19,25,10,https://reddit.com/r/koreanskincare/comments/1neocsc/judge_my_skincare/,1757634619
2025-09-11,round lab,round lab,koreanskincare,1ned9du,serums with peptides & ceramides!,cupkiyomi,1,0,https://reddit.com/r/koreanskincare/comments/1ned9du/serums_with_peptides_ceramides/,1757607852
2025-09-15,round lab,round lab,KoreanBeauty,1nhq9c3,Seoul Olive Young Eczema,Delicious-salad29,1,4,https://reddit.com/r/KoreanBeauty/comments/1nhq9c3/seoul_olive_young_eczema/,1757952922
2025-09-14,round lab,round lab,KoreanBeauty,1ngco9x,"Would like product help for sensitive, reactive skin",evoneselse,1,16,https://reddit.com/r/KoreanBeauty/comments/1ngco9x/would_like_product_help_for_sensitive_reactive/,1757808078
2025-09-13,round lab,round lab,KoreanBeauty,1ng7idt,Fake Round Lab Cleanser?,Guilty_Cup9607,0,5,https://reddit.com/r/KoreanBeauty/comments/1ng7idt/fake_round_lab_cleanser/,1757794356
2025-09-12,round lab,round lab,KoreanBeauty,1nfe97y,"Newbie at Korean skincare, need suggestions",Bleeding_Star,1,3,https://reddit.com/r/KoreanBeauty/comments/1nfe97y/newbie_at_korean_skincare_need_suggestions/,1757709716
2025-09-12,round lab,round lab,KoreanBeauty,1nf7g85,Is this Round Lab 1025 Dokdo cleanser how it should be?,somanyquacktions,5,6,https://reddit.com/r/KoreanBeauty/comments/1nf7g85/is_this_round_lab_1025_dokdo_cleanser_how_it/,1757693663
2025-09-11,round lab,round lab,KoreanBeauty,1nea3i9,serums with both peptides & ceramides,cupkiyomi,6,12,https://reddit.com/r/KoreanBeauty/comments/1nea3i9/serums_with_both_peptides_ceramides/,1757600467
2025-09-10,round lab,round lab,KoreanBeauty,1nd54c8,Round lab birch soothing gel or mugwort soothing gel?,ladideeeladedaaa,4,3,https://reddit.com/r/KoreanBeauty/comments/1nd54c8/round_lab_birch_soothing_gel_or_mugwort_soothing/,1757479653
2025-09-13,round lab,roundlab,KoreanBeauty,1ng032v,Toner & Serum Recommendations?,koikate,1,3,https://reddit.com/r/KoreanBeauty/comments/1ng032v/toner_serum_recommendations/,1757776623
2025-09-15,round lab,round lab,SkincareAddiction,1ni1gb2,[routine help] Product recommendations?,Embarrassed_Driver22,1,2,https://reddit.com/r/SkincareAddiction/comments/1ni1gb2/routine_help_product_recommendations/,1757978420
2025-09-15,round lab,round lab,SkincareAddiction,1nhlja0,Acne between eyebrows won't go away [Acne],Loud-Needleworker215,1,3,https://reddit.com/r/SkincareAddiction/comments/1nhlja0/acne_between_eyebrows_wont_go_away_acne/,1757942096
2025-09-15,round lab,round lab,SkincareAddiction,1nheh4k,Stubborn hyperpigmentation after Accutane (Fitzpatrick V) – nothing seems to work [Acne],Appropriate-Aide2076,2,4,https://reddit.com/r/SkincareAddiction/comments/1nheh4k/stubborn_hyperpigmentation_after_accutane/,1757917872
2025-09-14,round lab,round lab,SkincareAddiction,1ngk427,[Routine Help] Skincare Order,Cerisevanille,2,2,https://reddit.com/r/SkincareAddiction/comments/1ngk427/routine_help_skincare_order/,1757832210
2025-09-14,round lab,round lab,SkincareAddiction,1nghnbl,[Product Request] Korean Mineral Sunscreen Recommendation that similar to LRP (tint),koichi20,1,1,https://reddit.com/r/SkincareAddiction/comments/1nghnbl/product_request_korean_mineral_sunscreen/,1757823453
2025-09-13,round lab,round lab,SkincareAddiction,1ng1igo,[routine help] Nothing is working (long post),mrowwoof,9,8,https://reddit.com/r/SkincareAddiction/comments/1ng1igo/routine_help_nothing_is_working_long_post/,1757780030
2025-09-12,round lab,round lab,SkincareAddiction,1nexiyu,"[Review] Sunscreens for oily/combo skin - Age 20's, Beauty of Joseon, Round Lab",Weary_Training_5462,1,1,https://reddit.com/r/SkincareAddiction/comments/1nexiyu/review_sunscreens_for_oilycombo_skin_age_20s/,1757665067
2025-09-12,round lab,round lab,SkincareAddiction,1newk1v,[Routine Help] Desperately seeking answers!,Spirited-Goat95,2,1,https://reddit.com/r/SkincareAddiction/comments/1newk1v/routine_help_desperately_seeking_answers/,1757661180
2025-09-12,round lab,round lab,SkincareAddiction,1neq1nm,"[routine help] Redness, texture, pigmentation (28F)",porkdumpling_,2,2,https://reddit.com/r/SkincareAddiction/comments/1neq1nm/routine_help_redness_texture_pigmentation_28f/,1757639499
2025-09-09,round lab,round lab,SkincareAddiction,1ncx80t,[Routine Help] Do you believe fatty alcohols to be the enemy in skincare? Cough cough CeraVe Moisturiser,Thick_Profit_8908,0,11,https://reddit.com/r/SkincareAddiction/comments/1ncx80t/routine_help_do_you_believe_fatty_alcohols_to_be/,1757457043
2025-09-13,round lab,round lab,IndianBeautyDeclutter,1ng1i7c,Declutterring New/unused/sealed items,snoopy-pilot,1,3,https://reddit.com/r/IndianBeautyDeclutter/comments/1ng1i7c/declutterring_newunusedsealed_items/,1757780014
2025-09-15,round lab,round lab,30PlusSkinCare,1ni03y5,Fungal?,0q0q0q,1,1,https://reddit.com/r/30PlusSkinCare/comments/1ni03y5/fungal/,1757975014
2025-09-13,round lab,round lab,referralcodes,1nfj5t1,Yesstyle freebies + sale + reward code 3R3693,caliidreaming,1,1,https://reddit.com/r/referralcodes/comments/1nfj5t1/yesstyle_freebies_sale_reward_code_3r3693/,1757722171
2025-09-12,round lab,round lab,indianbeautyhauls,1neztnw,Switching up my skincare plus a whole new set of brushes (haul part 1),UsefulMuscle9123,31,22,https://reddit.com/r/indianbeautyhauls/comments/1neztnw/switching_up_my_skincare_plus_a_whole_new_set_of/,1757673779
2025-09-13,round lab,round lab,tretinoin,1nfnjds,3 months of Tazarotene + consistency,Economy_Permission36,60,8,https://reddit.com/r/tretinoin/comments/1nfnjds/3_months_of_tazarotene_consistency/,1757735387
2025-09-09,round lab,round lab,PanPorn,1nc4l1f,July/August empties!,pinklattess,63,7,https://reddit.com/r/PanPorn/comments/1nc4l1f/julyaugust_empties/,1757377445
2025-09-09,round lab,round lab,IndianBeautyTalks,1ncp9fd,Do you guys don't like this brand !!,Over_Comfortable_358,1,8,https://reddit.com/r/IndianBeautyTalks/comments/1ncp9fd/do_you_guys_dont_like_this_brand/,1757438995
2025-09-13,round lab,round lab,YesstyleCodesSharing,1nfj5ps,Yesstyle freebies + sale + reward code 3R3693,caliidreaming,1,2,https://reddit.com/r/YesstyleCodesSharing/comments/1nfj5ps/yesstyle_freebies_sale_reward_code_3r3693/,1757722163
2025-09-15,round lab,round lab,SkincareAddicts,1nhxt2w,Help 😅,devman_33,1,3,https://reddit.com/r/SkincareAddicts/comments/1nhxt2w/help/,1757969531
2025-09-15,round lab,roundlab,SkincareAddicts,1nhi42s,Recently started Testosterone HRT - skincare advice?,Longjumping_Bet6624,2,0,https://reddit.com/r/SkincareAddicts/comments/1nhi42s/recently_started_testosterone_hrt_skincare_advice/,1757931927
2025-09-13,skin1004,skin1004,AsianBeauty,1ng83hq,TJMAXX Haul/Review,blueaqua_12,330,30,https://reddit.com/r/AsianBeauty/comments/1ng83hq/tjmaxx_haulreview/,1757795830
2025-09-11,skin1004,skin1004,AsianBeauty,1ne0tml,Jung Saem Mool Essential Skin Nuder Cushion Foundation Review,iamlostpleasehelp_,33,21,https://reddit.com/r/AsianBeauty/comments/1ne0tml/jung_saem_mool_essential_skin_nuder_cushion/,1757569481
2025-09-15,skin1004,skin1004,koreanskincare,1nhwna0,Help with new products,ugly-naked-guy18,9,3,https://reddit.com/r/koreanskincare/comments/1nhwna0/help_with_new_products/,1757966952
2025-09-15,skin1004,skin1004,koreanskincare,1nhn9ie,Found a tiny bug in my brand new skin1004 ampoule. Do i have to throw the whole bottle away now? 😭,I_like_fruit_pies,10,18,https://reddit.com/r/koreanskincare/comments/1nhn9ie/found_a_tiny_bug_in_my_brand_new_skin1004_ampoule/,1757946232
2025-09-15,skin1004,skin1004,koreanskincare,1nhlwqp,Double cleaning After Sunscreen is a Lie (atleast for me),OptionSimilar3851,0,31,https://reddit.com/r/koreanskincare/comments/1nhlwqp/double_cleaning_after_sunscreen_is_a_lie_atleast/,1757943029
2025-09-11,skin1004,skin1004,koreanskincare,1ne24er,Influence or Deinfluence my k-beauty wishlist,chloverelle,1,6,https://reddit.com/r/koreanskincare/comments/1ne24er/influence_or_deinfluence_my_kbeauty_wishlist/,1757574445
2025-09-10,skin1004,skin1004,koreanskincare,1nd9xxx,New to Korean skincare and needing routine advice,FormalIndependent928,2,5,https://reddit.com/r/koreanskincare/comments/1nd9xxx/new_to_korean_skincare_and_needing_routine_advice/,1757498145
2025-09-10,skin1004,skin1004,koreanskincare,1nd4srm,Am I using too much niacinamide?,kyunyudeobi,1,5,https://reddit.com/r/koreanskincare/comments/1nd4srm/am_i_using_too_much_niacinamide/,1757478573
2025-09-10,skin1004,skin1004,koreanskincare,1nd1hl7,Routine?,yayahoeshutup,5,0,https://reddit.com/r/koreanskincare/comments/1nd1hl7/routine/,1757468569
2025-09-09,skin1004,skin1004,koreanskincare,1ncexyf,"Confused about which K-beauty brands are truly popular in Korea + routine/product advice (27M, UK)",kamilo998,6,17,https://reddit.com/r/koreanskincare/comments/1ncexyf/confused_about_which_kbeauty_brands_are_truly/,1757412728
2025-09-15,skin1004,skin1004,KoreanBeauty,1nhq9c3,Seoul Olive Young Eczema,Delicious-salad29,1,4,https://reddit.com/r/KoreanBeauty/comments/1nhq9c3/seoul_olive_young_eczema/,1757952922
2025-09-14,skin1004,skin1004,KoreanBeauty,1ngsnv0,Products checking,Key-Check-2182,0,2,https://reddit.com/r/KoreanBeauty/comments/1ngsnv0/products_checking/,1757859968
2025-09-14,skin1004,skin1004,KoreanBeauty,1ngofox,Korean skincare,Key-Check-2182,4,23,https://reddit.com/r/KoreanBeauty/comments/1ngofox/korean_skincare/,1757847877
2025-09-14,skin1004,skin1004,KoreanBeauty,1ngco9x,"Would like product help for sensitive, reactive skin",evoneselse,1,16,https://reddit.com/r/KoreanBeauty/comments/1ngco9x/would_like_product_help_for_sensitive_reactive/,1757808078
2025-09-13,skin1004,skin1004,KoreanBeauty,1ng4wcw,Which one is correct?,gradyschmeck,5,5,https://reddit.com/r/KoreanBeauty/comments/1ng4wcw/which_one_is_correct/,1757787977
2025-09-15,skin1004,skin1004,SkincareAddiction,1nha9ck,[Product Request] moisturizer with spf recommendations?,xxdaftcowxx,5,3,https://reddit.com/r/SkincareAddiction/comments/1nha9ck/product_request_moisturizer_with_spf/,1757903936
2025-09-14,skin1004,skin1004,SkincareAddiction,1ngz3ee,[Product Question] What are your honest thoughts on these viral Korean skincare products?,Agreeable_Lion_5237,26,92,https://reddit.com/r/SkincareAddiction/comments/1ngz3ee/product_question_what_are_your_honest_thoughts_on/,1757875033
2025-09-14,skin1004,skin1004,SkincareAddiction,1ngphyw,[Routine Help] i started to notice tiny bumps all over my face,Choice-Company502,1,1,https://reddit.com/r/SkincareAddiction/comments/1ngphyw/routine_help_i_started_to_notice_tiny_bumps_all/,1757851296
2025-09-14,skin1004,skin1004,SkincareAddiction,1ngk427,[Routine Help] Skincare Order,Cerisevanille,2,2,https://reddit.com/r/SkincareAddiction/comments/1ngk427/routine_help_skincare_order/,1757832210
2025-09-12,skin1004,skin1004,SkincareAddiction,1nf7j6r,Help me with clogged pores! [acne],Choice-Low1859,2,3,https://reddit.com/r/SkincareAddiction/comments/1nf7j6r/help_me_with_clogged_pores_acne/,1757693856
2025-09-12,skin1004,skin1004,SkincareAddiction,1newk1v,[Routine Help] Desperately seeking answers!,Spirited-Goat95,2,1,https://reddit.com/r/SkincareAddiction/comments/1newk1v/routine_help_desperately_seeking_answers/,1757661180
2025-09-11,skin1004,skin1004,SkincareAddiction,1ne9n71,[Routine Help] Wdyt about my new routine?,danplingx,0,3,https://reddit.com/r/SkincareAddiction/comments/1ne9n71/routine_help_wdyt_about_my_new_routine/,1757599353
2025-09-11,skin1004,skin1004,SkincareAddiction,1ndum8g,[Routine help] how do I fix this?,brickchick0,1,4,https://reddit.com/r/SkincareAddiction/comments/1ndum8g/routine_help_how_do_i_fix_this/,1757549808
2025-09-09,skin1004,skin1004,SkincareAddiction,1ncozkb,[PRODUCT QUESTION] Has anyone tried Centella with tazarotene?,dRisem,0,3,https://reddit.com/r/SkincareAddiction/comments/1ncozkb/product_question_has_anyone_tried_centella_with/,1757438386
2025-09-09,skin1004,skin1004,SkincareAddiction,1nck9uv,[Routine Help],Status-Doubt-6571,1,1,https://reddit.com/r/SkincareAddiction/comments/1nck9uv/routine_help/,1757427717
2025-09-09,skin1004,skin1004,SkincareAddiction,1nccc5b,Serum or milky toner for extra hydration [routine help],luefswc,1,3,https://reddit.com/r/SkincareAddiction/comments/1nccc5b/serum_or_milky_toner_for_extra_hydration_routine/,1757402357
2025-09-09,skin1004,skin1004,SkincareAddiction,1nc4azv,[Routine Help] Need help with my pores,MoonFlower816,1,1,https://reddit.com/r/SkincareAddiction/comments/1nc4azv/routine_help_need_help_with_my_pores/,1757376688
2025-09-13,skin1004,skin1004,IndianBeautyDeclutter,1ng40lc,Decluttering..,Glowingzz,3,3,https://reddit.com/r/IndianBeautyDeclutter/comments/1ng40lc/decluttering/,1757785941
2025-09-10,skin1004,skin1004,IndianBeautyDeclutter,1nd2mee,ISO kbeauty products,throwaway370521,0,6,https://reddit.com/r/IndianBeautyDeclutter/comments/1nd2mee/iso_kbeauty_products/,1757471843
2025-09-12,skin1004,skin1004,30PlusSkinCare,1nfcxmz,La Roche Posay UVMune 400 Irritation Cause?,veronica09834,1,13,https://reddit.com/r/30PlusSkinCare/comments/1nfcxmz/la_roche_posay_uvmune_400_irritation_cause/,1757706577
2025-09-09,skin1004,skin1004,30PlusSkinCare,1ncksq6,[Routine Help],Status-Doubt-6571,5,10,https://reddit.com/r/30PlusSkinCare/comments/1ncksq6/routine_help/,1757428928
2025-09-14,skin1004,skin1004,referralcodes,1nh3clf,"iHerb code for 10% off first order, 5% off for returning customers: CYX8984",caliidreaming,1,0,https://reddit.com/r/referralcodes/comments/1nh3clf/iherb_code_for_10_off_first_order_5_off_for/,1757885021
2025-09-09,skin1004,skin1004,referralcodes,1nc4l60,"iHerb code for 10% off first order, 5% off for returning customers: CYX8984",caliidreaming,1,0,https://reddit.com/r/referralcodes/comments/1nc4l60/iherb_code_for_10_off_first_order_5_off_for/,1757377454
2025-09-14,skin1004,skin1004,kbeauty,1ngqwxa,marketing to the US and finding korean influencers,minimariachi,3,2,https://reddit.com/r/kbeauty/comments/1ngqwxa/marketing_to_the_us_and_finding_korean_influencers/,1757855414
2025-09-09,skin1004,skin1004,kbeauty,1ncezmo,Confused which K-beauty brands are popular in Korea+routine/product advice,kamilo998,0,6,https://reddit.com/r/kbeauty/comments/1ncezmo/confused_which_kbeauty_brands_are_popular_in/,1757412897
2025-09-12,skin1004,skin1004,indianbeautyhauls,1neztnw,Switching up my skincare plus a whole new set of brushes (haul part 1),UsefulMuscle9123,31,22,https://reddit.com/r/indianbeautyhauls/comments/1neztnw/switching_up_my_skincare_plus_a_whole_new_set_of/,1757673779
2025-09-15,skin1004,skin1004,tretinoin,1nhiso7,my skin is so oily after starting tretinoin!,kyokers,4,10,https://reddit.com/r/tretinoin/comments/1nhiso7/my_skin_is_so_oily_after_starting_tretinoin/,1757934260
2025-09-12,skin1004,skin1004,tretinoin,1nf83qm,Itchy from taz?,Dez2011,1,1,https://reddit.com/r/tretinoin/comments/1nf83qm/itchy_from_taz/,1757695196
2025-09-10,skin1004,skin1004,tretinoin,1nd62m2,SHOULD I START TRET,lexetiustitia,2,16,https://reddit.com/r/tretinoin/comments/1nd62m2/should_i_start_tret/,1757483062
2025-09-09,skin1004,skin1004,tretinoin,1ncuw0c,Whats going on with my skin?,Hot_Doctor6011,4,20,https://reddit.com/r/tretinoin/comments/1ncuw0c/whats_going_on_with_my_skin/,1757451369
2025-09-09,skin1004,skin1004,tretinoin,1nck2an,Burning sensation around nose/chin on Taz,Zitaora,2,21,https://reddit.com/r/tretinoin/comments/1nck2an/burning_sensation_around_nosechin_on_taz/,1757427226
2025-09-09,skin1004,skin1004,PanPorn,1nc4l1f,July/August empties!,pinklattess,63,7,https://reddit.com/r/PanPorn/comments/1nc4l1f/julyaugust_empties/,1757377445
2025-09-11,skin1004,skin1004,MakeupAddiction,1nej6kj,Wedding Makeup!,DaisesAndEarlGrey,199,14,https://reddit.com/r/MakeupAddiction/comments/1nej6kj/wedding_makeup/,1757621409
2025-09-09,skin1004,skin1004,Skincare_Addiction,1ncq7xx,Bumps on my forehead,Neptunes_toystore,1,3,https://reddit.com/r/Skincare_Addiction/comments/1ncq7xx/bumps_on_my_forehead/,1757441100
2025-09-11,skin1004,skin1004,SkincareAddicts,1ne1law,Sunscreen recommendations for acne prone skin,holycowawa,1,0,https://reddit.com/r/SkincareAddicts/comments/1ne1law/sunscreen_recommendations_for_acne_prone_skin/,1757572362
2025-09-13,torriden,torriden,AsianBeauty,1ng83hq,TJMAXX Haul/Review,blueaqua_12,329,30,https://reddit.com/r/AsianBeauty/comments/1ng83hq/tjmaxx_haulreview/,1757795830
2025-09-15,torriden,torriden,koreanskincare,1nhpqvz,rank them for combo/sensitive/acneprone skin,Familiar-Treat-9452,14,21,https://reddit.com/r/koreanskincare/comments/1nhpqvz/rank_them_for_combosensitiveacneprone_skin/,1757951793
2025-09-14,torriden,torriden,koreanskincare,1nh4dei,I snatched these off the TJ Maxx shelf so fast!,the_sweetest_peach,141,36,https://reddit.com/r/koreanskincare/comments/1nh4dei/i_snatched_these_off_the_tj_maxx_shelf_so_fast/,1757887527
2025-09-11,torriden,torriden,koreanskincare,1ne00yx,"Need Help Building a Hydrating, Fungal-Acne Safe Routine.",PatientlyAmbrosia,8,3,https://reddit.com/r/koreanskincare/comments/1ne00yx/need_help_building_a_hydrating_fungalacne_safe/,1757566586
2025-09-09,torriden,torriden,koreanskincare,1ncs2b9,Has anyone tried the torriden solid in essence,Equal-Ad-3950,9,3,https://reddit.com/r/koreanskincare/comments/1ncs2b9/has_anyone_tried_the_torriden_solid_in_essence/,1757445130
2025-09-14,torriden,torriden,KoreanBeauty,1ngco9x,"Would like product help for sensitive, reactive skin",evoneselse,1,16,https://reddit.com/r/KoreanBeauty/comments/1ngco9x/would_like_product_help_for_sensitive_reactive/,1757808078
2025-09-11,torriden,torriden,KoreanBeauty,1ne3v5o,What are your favorite Korean moisturizers that aren’t greasy/sticky/oily?,Old_Celebration5871,7,17,https://reddit.com/r/KoreanBeauty/comments/1ne3v5o/what_are_your_favorite_korean_moisturizers_that/,1757581388
2025-09-13,torriden,torriden,Skincare_Addiction,1nfxfe6,Need advice! Pico laser and SK-ii,aidanida,3,4,https://reddit.com/r/Skincare_Addiction/comments/1nfxfe6/need_advice_pico_laser_and_skii/,1757769862
2025-09-14,torriden,torriden,SkincareAddicts,1ngcsks,What’s worked for you for blackheads/clogged pores? Here’s my night routine,Ok-Information249,1,1,https://reddit.com/r/SkincareAddicts/comments/1ngcsks/whats_worked_for_you_for_blackheadsclogged_pores/,1757808415
2025-09-13,torriden,torriden,SkincareAddicts,1nfxaha,Need advice! Pico laser and SK-ii,aidanida,1,0,https://reddit.com/r/SkincareAddicts/comments/1nfxaha/need_advice_pico_laser_and_skii/,1757769475
2025-09-15,tirtir,tirtir,koreanskincare,1nhowep,Pha 15% serum from Tirtir is good?,LokiestBitchOfLoki,2,0,https://reddit.com/r/koreanskincare/comments/1nhowep/pha_15_serum_from_tirtir_is_good/,1757949923
2025-09-13,tirtir,tirtir,koreanskincare,1ngb8n1,"Anti-aging, serum+moisturiser +primer+spf50 - does it exist???",Temporary-Quality28,0,2,https://reddit.com/r/koreanskincare/comments/1ngb8n1/antiaging_serummoisturiser_primerspf50_does_it/,1757804089
2025-09-14,tirtir,tirtir,KoreanBeauty,1ngrkq1,K Beauty finally being more inclusive,Large-Damage-925,12,4,https://reddit.com/r/KoreanBeauty/comments/1ngrkq1/k_beauty_finally_being_more_inclusive/,1757857180
2025-09-13,tirtir,tirtir,KoreanBeauty,1ng032v,Toner & Serum Recommendations?,koikate,1,3,https://reddit.com/r/KoreanBeauty/comments/1ng032v/toner_serum_recommendations/,1757776623
2025-09-09,tirtir,tirtir,KoreanBeauty,1nchjv6,Can someone help me make a routine out of these products?,Brilliant-Assist3798,1,1,https://reddit.com/r/KoreanBeauty/comments/1nchjv6/can_someone_help_me_make_a_routine_out_of_these/,1757420941
2025-09-14,tirtir,tirtir,SkincareAddiction,1ngk427,[Routine Help] Skincare Order,Cerisevanille,2,2,https://reddit.com/r/SkincareAddiction/comments/1ngk427/routine_help_skincare_order/,1757832210
2025-09-09,tirtir,tirtir,SkincareAddiction,1nchfi1,[Routine Help] I need help creating a korean skincare routine,Brilliant-Assist3798,0,1,https://reddit.com/r/SkincareAddiction/comments/1nchfi1/routine_help_i_need_help_creating_a_korean/,1757420609
2025-09-13,tirtir,tirtir,IndianBeautyDeclutter,1nfpkjh,Decluttering,axzlo,4,10,https://reddit.com/r/IndianBeautyDeclutter/comments/1nfpkjh/decluttering/,1757742317
2025-09-09,tirtir,tirtir,IndianBeautyDeclutter,1ncp0gr,"Etude, peri pera , tirtir glossy tints 🫦💄",AiMasakali,6,14,https://reddit.com/r/IndianBeautyDeclutter/comments/1ncp0gr/etude_peri_pera_tirtir_glossy_tints/,1757438441
2025-09-13,tirtir,tirtir,referralcodes,1nfj5t1,Yesstyle freebies + sale + reward code 3R3693,caliidreaming,1,1,https://reddit.com/r/referralcodes/comments/1nfj5t1/yesstyle_freebies_sale_reward_code_3r3693/,1757722171
2025-09-11,tirtir,tirtir,referralcodes,1ndv6cd,Yesstyle freebies + sale + reward code 3R3693,caliidreaming,1,1,https://reddit.com/r/referralcodes/comments/1ndv6cd/yesstyle_freebies_sale_reward_code_3r3693/,1757551455
2025-09-09,tirtir,tirtir,referralcodes,1nc4916,Yesstyle freebies + sale + reward code 3R3693,caliidreaming,1,1,https://reddit.com/r/referralcodes/comments/1nc4916/yesstyle_freebies_sale_reward_code_3r3693/,1757376551
2025-09-15,tirtir,tirtir,kbeauty,1nhgb9y,Similar shades to tirtir 13c,ReachedEnlightenment,2,0,https://reddit.com/r/kbeauty/comments/1nhgb9y/similar_shades_to_tirtir_13c/,1757925095
2025-09-11,tirtir,tirtir,kbeauty,1negnjt,tirtir waterism glow lip balm,silliest_shork,1,1,https://reddit.com/r/kbeauty/comments/1negnjt/tirtir_waterism_glow_lip_balm/,1757615547
2025-09-11,tirtir,tirtir,indianbeautyhauls,1ne3mnk,Tirtir water tint 🎃,UsefulMuscle9123,14,9,https://reddit.com/r/indianbeautyhauls/comments/1ne3mnk/tirtir_water_tint/,1757580460
2025-09-10,tirtir,tirtir,indianbeautyhauls,1ndctcg,Finally bought the full size laneige cream skin and mist pump,Jelly2027,41,15,https://reddit.com/r/indianbeautyhauls/comments/1ndctcg/finally_bought_the_full_size_laneige_cream_skin/,1757507255
2025-09-15,tirtir,tirtir,IndianBeautyTalks,1nhcu2w,Should I get this ?,Electrical-Season911,16,3,https://reddit.com/r/IndianBeautyTalks/comments/1nhcu2w/should_i_get_this/,1757912013
2025-09-14,tirtir,tirtir,IndianBeautyTalks,1nglin7,pls recommend the best tirtir foundation for normal skin type or in general too!🎀,Glittering-Idea142,2,0,https://reddit.com/r/IndianBeautyTalks/comments/1nglin7/pls_recommend_the_best_tirtir_foundation_for/,1757837259
2025-09-11,tirtir,tirtir,IndianBeautyTalks,1ne267j,Seeking for reviews for oily skin - Looking for hydration,mini_luxe_fragrance,3,1,https://reddit.com/r/IndianBeautyTalks/comments/1ne267j/seeking_for_reviews_for_oily_skin_looking_for/,1757574638
2025-09-15,tirtir,tirtir,MakeupAddiction,1nhmuhd,Balm Stain reco,ThinMusician9170,1,1,https://reddit.com/r/MakeupAddiction/comments/1nhmuhd/balm_stain_reco/,1757945264
2025-09-11,tirtir,tirtir,MakeupAddiction,1nef9au,TIRTIR KMAKEUP,CharlieBrownClone,1,1,https://reddit.com/r/MakeupAddiction/comments/1nef9au/tirtir_kmakeup/,1757612376
2025-09-09,tirtir,tirtir,Skincare_Addiction,1nchgn9,I need help creating a routine with these products,Brilliant-Assist3798,12,17,https://reddit.com/r/Skincare_Addiction/comments/1nchgn9/i_need_help_creating_a_routine_with_these_products/,1757420691
2025-09-13,tirtir,tirtir,YesstyleCodesSharing,1nfj5ps,Yesstyle freebies + sale + reward code 3R3693,caliidreaming,1,2,https://reddit.com/r/YesstyleCodesSharing/comments/1nfj5ps/yesstyle_freebies_sale_reward_code_3r3693/,1757722163
2025-09-11,tirtir,tirtir,YesstyleCodesSharing,1ndv6a6,Yesstyle freebies + sale + reward code 3R3693,caliidreaming,2,2,https://reddit.com/r/YesstyleCodesSharing/comments/1ndv6a6/yesstyle_freebies_sale_reward_code_3r3693/,1757551450
2025-09-09,tirtir,tirtir,YesstyleCodesSharing,1nc4cuu,Yesstyle freebies + sale + reward code 3R3693,caliidreaming,1,1,https://reddit.com/r/YesstyleCodesSharing/comments/1nc4cuu/yesstyle_freebies_sale_reward_code_3r3693/,1757376830
2025-09-15,tirtir,tirtir,SkincareAddicts,1nhmttm,Lip Balm Stain Reco,ThinMusician9170,1,0,https://reddit.com/r/SkincareAddicts/comments/1nhmttm/lip_balm_stain_reco/,1757945225
