date,keyword,alias,mentions
2025-03-11,a'pieu,a'pieu,0
2025-03-11,a'pieu,a-pieu,0
2025-03-11,a'pieu,a.pieu,0
2025-03-11,a'pieu,a_pieu,0
2025-03-11,a'pieu,ap,1
2025-03-11,a'pieu,apieu,0
2025-03-11,acropass,acropass,0
2025-03-11,age-r,age-r,1
2025-03-11,age-r,age.r,0
2025-03-11,age-r,age_r,0
2025-03-11,age-r,ager,0
2025-03-11,anua,anua,2
2025-03-11,atopalm,atopalm,0
2025-03-11,bbia,bbia,0
2025-03-11,be the skin,be the skin,5
2025-03-11,be the skin,be-the-skin,0
2025-03-11,be the skin,be.the.skin,0
2025-03-11,be the skin,be_the_skin,0
2025-03-11,be the skin,betheskin,0
2025-03-11,beauty of joseon,beauty of joseon,2
2025-03-11,beauty of joseon,beauty-of-joseon,0
2025-03-11,beauty of joseon,beauty.of.joseon,0
2025-03-11,beauty of joseon,beauty_of_joseon,0
2025-03-11,beauty of joseon,beautyofjoseon,0
2025-03-11,belif,belif,0
2025-03-11,biodance,biodance,2
2025-03-11,boncept,boncept,0
2025-03-11,booster pro,booster pro,2
2025-03-11,booster pro,booster-pro,0
2025-03-11,booster pro,booster.pro,0
2025-03-11,booster pro,booster_pro,0
2025-03-11,booster pro,boosterpro,0
2025-03-11,botulax,botulax,0
2025-03-11,cell fusion c,cell fusion c,0
2025-03-11,cell fusion c,cell-fusion-c,0
2025-03-11,cell fusion c,cell.fusion.c,0
2025-03-11,cell fusion c,cell_fusion_c,0
2025-03-11,cell fusion c,cellfusionc,0
2025-03-11,centellian,centellian,0
2025-03-11,coolfase,coolfase,0
2025-03-11,cosrx,cosrx,5
2025-03-11,dalba,dalba,0
2025-03-11,goodal,goodal,0
2025-03-11,hi focus shot,hi focus shot,2
2025-03-11,hi focus shot,hi-focus-shot,0
2025-03-11,hi focus shot,hi.focus.shot,0
2025-03-11,hi focus shot,hi_focus_shot,0
2025-03-11,hi focus shot,hifocusshot,0
2025-03-11,history of whoo,history of whoo,0
2025-03-11,history of whoo,history-of-whoo,0
2025-03-11,history of whoo,history.of.whoo,0
2025-03-11,history of whoo,history_of_whoo,0
2025-03-11,history of whoo,historyofwhoo,0
2025-03-11,hwahae,hwahae,0
2025-03-11,innisfree,innisfree,3
2025-03-11,innotox,innotox,0
2025-03-11,iope,iope,0
2025-03-11,jeuveau,jeuveau,0
2025-03-11,jevegel,jevegel,0
2025-03-11,jolse,jolse,0
2025-03-11,juvelook,juvelook,0
2025-03-11,laneige,laneige,1
2025-03-11,letybo,letybo,0
2025-03-11,madeca,madeca,0
2025-03-11,mamonde,mamonde,0
2025-03-11,manyo,manyo,1
2025-03-11,medicube,medicube,4
2025-03-11,merzy,merzy,0
2025-03-11,mighty patch,mighty patch,0
2025-03-11,mighty patch,mighty-patch,0
2025-03-11,mighty patch,mighty.patch,0
2025-03-11,mighty patch,mighty_patch,0
2025-03-11,mighty patch,mightypatch,0
2025-03-11,missha,missha,2
2025-03-11,mixoon,mixoon,0
2025-03-11,nabota,nabota,0
2025-03-11,newlux,newlux,0
2025-03-11,numbuzin,numbuzin,3
2025-03-11,ohui,ohui,0
2025-03-11,oligio,oligio,0
2025-03-11,olive young,olive young,0
2025-03-11,olive young,olive-young,0
2025-03-11,olive young,olive.young,0
2025-03-11,olive young,olive_young,0
2025-03-11,olive young,oliveyoung,0
2025-03-11,peripera,peripera,0
2025-03-11,potenza,potenza,1
2025-03-11,real barrier,real barrier,1
2025-03-11,real barrier,real-barrier,0
2025-03-11,real barrier,real.barrier,0
2025-03-11,real barrier,real_barrier,0
2025-03-11,real barrier,realbarrier,0
2025-03-11,reedle shot,reedle shot,0
2025-03-11,reedle shot,reedle-shot,0
2025-03-11,reedle shot,reedle.shot,0
2025-03-11,reedle shot,reedle_shot,0
2025-03-11,reedle shot,reedleshot,0
2025-03-11,rejuran,rejuran,0
2025-03-11,rentox,rentox,0
2025-03-11,rom&nd,rom&nd,2
2025-03-11,rom&nd,romnd,0
2025-03-11,round lab,round lab,1
2025-03-11,round lab,round-lab,0
2025-03-11,round lab,round.lab,0
2025-03-11,round lab,round_lab,0
2025-03-11,round lab,roundlab,0
2025-03-11,shurink,shurink,0
2025-03-11,skin1004,skin1004,5
2025-03-11,stylekorean,stylekorean,1
2025-03-11,stylevana,stylevana,0
2025-03-11,sulwhasoo,sulwhasoo,1
2025-03-11,sylfirm,sylfirm,0
2025-03-11,the whoo,the whoo,0
2025-03-11,the whoo,the-whoo,0
2025-03-11,the whoo,the.whoo,0
2025-03-11,the whoo,the_whoo,0
2025-03-11,the whoo,thewhoo,0
2025-03-11,tirtir,tirtir,4
2025-03-11,tonymoly,tonymoly,0
2025-03-11,torriden,torriden,0
2025-03-11,ultraformer,ultraformer,0
2025-03-11,volnewmer,volnewmer,0
2025-03-11,wellage,wellage,0
2025-03-11,yesstyle,yesstyle,3
2025-03-12,a'pieu,a'pieu,0
2025-03-12,a'pieu,a-pieu,0
2025-03-12,a'pieu,a.pieu,0
2025-03-12,a'pieu,a_pieu,0
2025-03-12,a'pieu,ap,0
2025-03-12,a'pieu,apieu,0
2025-03-12,acropass,acropass,0
2025-03-12,age-r,age-r,3
2025-03-12,age-r,age.r,0
2025-03-12,age-r,age_r,0
2025-03-12,age-r,ager,0
2025-03-12,anua,anua,3
2025-03-12,atopalm,atopalm,0
2025-03-12,bbia,bbia,0
2025-03-12,be the skin,be the skin,7
2025-03-12,be the skin,be-the-skin,0
2025-03-12,be the skin,be.the.skin,0
2025-03-12,be the skin,be_the_skin,0
2025-03-12,be the skin,betheskin,0
2025-03-12,beauty of joseon,beauty of joseon,2
2025-03-12,beauty of joseon,beauty-of-joseon,0
2025-03-12,beauty of joseon,beauty.of.joseon,0
2025-03-12,beauty of joseon,beauty_of_joseon,0
2025-03-12,beauty of joseon,beautyofjoseon,0
2025-03-12,belif,belif,1
2025-03-12,biodance,biodance,1
2025-03-12,boncept,boncept,0
2025-03-12,booster pro,booster pro,0
2025-03-12,booster pro,booster-pro,0
2025-03-12,booster pro,booster.pro,0
2025-03-12,booster pro,booster_pro,0
2025-03-12,booster pro,boosterpro,0
2025-03-12,botulax,botulax,0
2025-03-12,cell fusion c,cell fusion c,1
2025-03-12,cell fusion c,cell-fusion-c,0
2025-03-12,cell fusion c,cell.fusion.c,0
2025-03-12,cell fusion c,cell_fusion_c,0
2025-03-12,cell fusion c,cellfusionc,0
2025-03-12,centellian,centellian,0
2025-03-12,coolfase,coolfase,0
2025-03-12,cosrx,cosrx,10
2025-03-12,dalba,dalba,0
2025-03-12,goodal,goodal,2
2025-03-12,hi focus shot,hi focus shot,0
2025-03-12,hi focus shot,hi-focus-shot,0
2025-03-12,hi focus shot,hi.focus.shot,0
2025-03-12,hi focus shot,hi_focus_shot,0
2025-03-12,hi focus shot,hifocusshot,0
2025-03-12,history of whoo,history of whoo,0
2025-03-12,history of whoo,history-of-whoo,0
2025-03-12,history of whoo,history.of.whoo,0
2025-03-12,history of whoo,history_of_whoo,0
2025-03-12,history of whoo,historyofwhoo,0
2025-03-12,hwahae,hwahae,0
2025-03-12,innisfree,innisfree,2
2025-03-12,innotox,innotox,0
2025-03-12,iope,iope,0
2025-03-12,jeuveau,jeuveau,0
2025-03-12,jevegel,jevegel,0
2025-03-12,jolse,jolse,0
2025-03-12,juvelook,juvelook,1
2025-03-12,laneige,laneige,1
2025-03-12,letybo,letybo,0
2025-03-12,madeca,madeca,0
2025-03-12,mamonde,mamonde,0
2025-03-12,manyo,manyo,0
2025-03-12,medicube,medicube,2
2025-03-12,merzy,merzy,0
2025-03-12,mighty patch,mighty patch,1
2025-03-12,mighty patch,mighty-patch,0
2025-03-12,mighty patch,mighty.patch,0
2025-03-12,mighty patch,mighty_patch,0
2025-03-12,mighty patch,mightypatch,0
2025-03-12,missha,missha,0
2025-03-12,mixoon,mixoon,0
2025-03-12,nabota,nabota,0
2025-03-12,newlux,newlux,0
2025-03-12,numbuzin,numbuzin,2
2025-03-12,ohui,ohui,0
2025-03-12,oligio,oligio,0
2025-03-12,olive young,olive young,3
2025-03-12,olive young,olive-young,0
2025-03-12,olive young,olive.young,0
2025-03-12,olive young,olive_young,0
2025-03-12,olive young,oliveyoung,0
2025-03-12,peripera,peripera,5
2025-03-12,potenza,potenza,1
2025-03-12,real barrier,real barrier,0
2025-03-12,real barrier,real-barrier,0
2025-03-12,real barrier,real.barrier,0
2025-03-12,real barrier,real_barrier,0
2025-03-12,real barrier,realbarrier,0
2025-03-12,reedle shot,reedle shot,0
2025-03-12,reedle shot,reedle-shot,0
2025-03-12,reedle shot,reedle.shot,0
2025-03-12,reedle shot,reedle_shot,0
2025-03-12,reedle shot,reedleshot,0
2025-03-12,rejuran,rejuran,1
2025-03-12,rentox,rentox,0
2025-03-12,rom&nd,rom&nd,5
2025-03-12,rom&nd,romnd,0
2025-03-12,round lab,round lab,5
2025-03-12,round lab,round-lab,0
2025-03-12,round lab,round.lab,0
2025-03-12,round lab,round_lab,0
2025-03-12,round lab,roundlab,1
2025-03-12,shurink,shurink,0
2025-03-12,skin1004,skin1004,4
2025-03-12,stylekorean,stylekorean,0
2025-03-12,stylevana,stylevana,2
2025-03-12,sulwhasoo,sulwhasoo,0
2025-03-12,sylfirm,sylfirm,0
2025-03-12,the whoo,the whoo,0
2025-03-12,the whoo,the-whoo,0
2025-03-12,the whoo,the.whoo,0
2025-03-12,the whoo,the_whoo,0
2025-03-12,the whoo,thewhoo,0
2025-03-12,tirtir,tirtir,0
2025-03-12,tonymoly,tonymoly,0
2025-03-12,torriden,torriden,4
2025-03-12,ultraformer,ultraformer,0
2025-03-12,volnewmer,volnewmer,0
2025-03-12,wellage,wellage,0
2025-03-12,yesstyle,yesstyle,5
2025-03-13,a'pieu,a'pieu,0
2025-03-13,a'pieu,a-pieu,0
2025-03-13,a'pieu,a.pieu,0
2025-03-13,a'pieu,a_pieu,0
2025-03-13,a'pieu,ap,1
2025-03-13,a'pieu,apieu,0
2025-03-13,acropass,acropass,0
2025-03-13,age-r,age-r,0
2025-03-13,age-r,age.r,0
2025-03-13,age-r,age_r,0
2025-03-13,age-r,ager,0
2025-03-13,anua,anua,0
2025-03-13,atopalm,atopalm,0
2025-03-13,bbia,bbia,0
2025-03-13,be the skin,be the skin,5
2025-03-13,be the skin,be-the-skin,0
2025-03-13,be the skin,be.the.skin,0
2025-03-13,be the skin,be_the_skin,0
2025-03-13,be the skin,betheskin,0
2025-03-13,beauty of joseon,beauty of joseon,3
2025-03-13,beauty of joseon,beauty-of-joseon,0
2025-03-13,beauty of joseon,beauty.of.joseon,0
2025-03-13,beauty of joseon,beauty_of_joseon,0
2025-03-13,beauty of joseon,beautyofjoseon,0
2025-03-13,belif,belif,0
2025-03-13,biodance,biodance,1
2025-03-13,boncept,boncept,0
2025-03-13,booster pro,booster pro,0
2025-03-13,booster pro,booster-pro,0
2025-03-13,booster pro,booster.pro,0
2025-03-13,booster pro,booster_pro,0
2025-03-13,booster pro,boosterpro,0
2025-03-13,botulax,botulax,0
2025-03-13,cell fusion c,cell fusion c,1
2025-03-13,cell fusion c,cell-fusion-c,0
2025-03-13,cell fusion c,cell.fusion.c,0
2025-03-13,cell fusion c,cell_fusion_c,0
2025-03-13,cell fusion c,cellfusionc,0
2025-03-13,centellian,centellian,0
2025-03-13,coolfase,coolfase,0
2025-03-13,cosrx,cosrx,10
2025-03-13,dalba,dalba,0
2025-03-13,goodal,goodal,0
2025-03-13,hi focus shot,hi focus shot,1
2025-03-13,hi focus shot,hi-focus-shot,0
2025-03-13,hi focus shot,hi.focus.shot,0
2025-03-13,hi focus shot,hi_focus_shot,0
2025-03-13,hi focus shot,hifocusshot,0
2025-03-13,history of whoo,history of whoo,0
2025-03-13,history of whoo,history-of-whoo,0
2025-03-13,history of whoo,history.of.whoo,0
2025-03-13,history of whoo,history_of_whoo,0
2025-03-13,history of whoo,historyofwhoo,0
2025-03-13,hwahae,hwahae,0
2025-03-13,innisfree,innisfree,5
2025-03-13,innotox,innotox,2
2025-03-13,iope,iope,0
2025-03-13,jeuveau,jeuveau,0
2025-03-13,jevegel,jevegel,0
2025-03-13,jolse,jolse,0
2025-03-13,juvelook,juvelook,0
2025-03-13,laneige,laneige,7
2025-03-13,letybo,letybo,0
2025-03-13,madeca,madeca,0
2025-03-13,mamonde,mamonde,0
2025-03-13,manyo,manyo,0
2025-03-13,medicube,medicube,3
2025-03-13,merzy,merzy,0
2025-03-13,mighty patch,mighty patch,0
2025-03-13,mighty patch,mighty-patch,0
2025-03-13,mighty patch,mighty.patch,0
2025-03-13,mighty patch,mighty_patch,0
2025-03-13,mighty patch,mightypatch,0
2025-03-13,missha,missha,0
2025-03-13,mixoon,mixoon,0
2025-03-13,nabota,nabota,1
2025-03-13,newlux,newlux,0
2025-03-13,numbuzin,numbuzin,0
2025-03-13,ohui,ohui,0
2025-03-13,oligio,oligio,0
2025-03-13,olive young,olive young,4
2025-03-13,olive young,olive-young,0
2025-03-13,olive young,olive.young,0
2025-03-13,olive young,olive_young,0
2025-03-13,olive young,oliveyoung,0
2025-03-13,peripera,peripera,4
2025-03-13,potenza,potenza,0
2025-03-13,real barrier,real barrier,0
2025-03-13,real barrier,real-barrier,0
2025-03-13,real barrier,real.barrier,0
2025-03-13,real barrier,real_barrier,0
2025-03-13,real barrier,realbarrier,0
2025-03-13,reedle shot,reedle shot,1
2025-03-13,reedle shot,reedle-shot,0
2025-03-13,reedle shot,reedle.shot,0
2025-03-13,reedle shot,reedle_shot,0
2025-03-13,reedle shot,reedleshot,0
2025-03-13,rejuran,rejuran,0
2025-03-13,rentox,rentox,0
2025-03-13,rom&nd,rom&nd,2
2025-03-13,rom&nd,romnd,0
2025-03-13,round lab,round lab,1
2025-03-13,round lab,round-lab,0
2025-03-13,round lab,round.lab,0
2025-03-13,round lab,round_lab,0
2025-03-13,round lab,roundlab,1
2025-03-13,shurink,shurink,0
2025-03-13,skin1004,skin1004,2
2025-03-13,stylekorean,stylekorean,0
2025-03-13,stylevana,stylevana,0
2025-03-13,sulwhasoo,sulwhasoo,0
2025-03-13,sylfirm,sylfirm,0
2025-03-13,the whoo,the whoo,0
2025-03-13,the whoo,the-whoo,0
2025-03-13,the whoo,the.whoo,0
2025-03-13,the whoo,the_whoo,0
2025-03-13,the whoo,thewhoo,0
2025-03-13,tirtir,tirtir,0
2025-03-13,tonymoly,tonymoly,2
2025-03-13,torriden,torriden,1
2025-03-13,ultraformer,ultraformer,0
2025-03-13,volnewmer,volnewmer,0
2025-03-13,wellage,wellage,0
2025-03-13,yesstyle,yesstyle,2
2025-03-14,a'pieu,a'pieu,0
2025-03-14,a'pieu,a-pieu,0
2025-03-14,a'pieu,a.pieu,0
2025-03-14,a'pieu,a_pieu,0
2025-03-14,a'pieu,ap,1
2025-03-14,a'pieu,apieu,0
2025-03-14,acropass,acropass,0
2025-03-14,age-r,age-r,0
2025-03-14,age-r,age.r,0
2025-03-14,age-r,age_r,0
2025-03-14,age-r,ager,0
2025-03-14,anua,anua,1
2025-03-14,atopalm,atopalm,0
2025-03-14,bbia,bbia,0
2025-03-14,be the skin,be the skin,1
2025-03-14,be the skin,be-the-skin,0
2025-03-14,be the skin,be.the.skin,0
2025-03-14,be the skin,be_the_skin,0
2025-03-14,be the skin,betheskin,0
2025-03-14,beauty of joseon,beauty of joseon,4
2025-03-14,beauty of joseon,beauty-of-joseon,0
2025-03-14,beauty of joseon,beauty.of.joseon,0
2025-03-14,beauty of joseon,beauty_of_joseon,0
2025-03-14,beauty of joseon,beautyofjoseon,0
2025-03-14,belif,belif,0
2025-03-14,biodance,biodance,1
2025-03-14,boncept,boncept,0
2025-03-14,booster pro,booster pro,1
2025-03-14,booster pro,booster-pro,0
2025-03-14,booster pro,booster.pro,0
2025-03-14,booster pro,booster_pro,0
2025-03-14,booster pro,boosterpro,0
2025-03-14,botulax,botulax,0
2025-03-14,cell fusion c,cell fusion c,1
2025-03-14,cell fusion c,cell-fusion-c,0
2025-03-14,cell fusion c,cell.fusion.c,0
2025-03-14,cell fusion c,cell_fusion_c,0
2025-03-14,cell fusion c,cellfusionc,0
2025-03-14,centellian,centellian,0
2025-03-14,coolfase,coolfase,0
2025-03-14,cosrx,cosrx,4
2025-03-14,dalba,dalba,1
2025-03-14,goodal,goodal,1
2025-03-14,hi focus shot,hi focus shot,0
2025-03-14,hi focus shot,hi-focus-shot,0
2025-03-14,hi focus shot,hi.focus.shot,0
2025-03-14,hi focus shot,hi_focus_shot,0
2025-03-14,hi focus shot,hifocusshot,0
2025-03-14,history of whoo,history of whoo,0
2025-03-14,history of whoo,history-of-whoo,0
2025-03-14,history of whoo,history.of.whoo,0
2025-03-14,history of whoo,history_of_whoo,0
2025-03-14,history of whoo,historyofwhoo,0
2025-03-14,hwahae,hwahae,0
2025-03-14,innisfree,innisfree,3
2025-03-14,innotox,innotox,0
2025-03-14,iope,iope,0
2025-03-14,jeuveau,jeuveau,0
2025-03-14,jevegel,jevegel,0
2025-03-14,jolse,jolse,0
2025-03-14,juvelook,juvelook,0
2025-03-14,laneige,laneige,4
2025-03-14,letybo,letybo,0
2025-03-14,madeca,madeca,0
2025-03-14,mamonde,mamonde,0
2025-03-14,manyo,manyo,0
2025-03-14,medicube,medicube,2
2025-03-14,merzy,merzy,0
2025-03-14,mighty patch,mighty patch,3
2025-03-14,mighty patch,mighty-patch,0
2025-03-14,mighty patch,mighty.patch,0
2025-03-14,mighty patch,mighty_patch,0
2025-03-14,mighty patch,mightypatch,0
2025-03-14,missha,missha,3
2025-03-14,mixoon,mixoon,1
2025-03-14,nabota,nabota,0
2025-03-14,newlux,newlux,0
2025-03-14,numbuzin,numbuzin,1
2025-03-14,ohui,ohui,0
2025-03-14,oligio,oligio,0
2025-03-14,olive young,olive young,2
2025-03-14,olive young,olive-young,0
2025-03-14,olive young,olive.young,0
2025-03-14,olive young,olive_young,0
2025-03-14,olive young,oliveyoung,0
2025-03-14,peripera,peripera,2
2025-03-14,potenza,potenza,0
2025-03-14,real barrier,real barrier,1
2025-03-14,real barrier,real-barrier,0
2025-03-14,real barrier,real.barrier,0
2025-03-14,real barrier,real_barrier,0
2025-03-14,real barrier,realbarrier,0
2025-03-14,reedle shot,reedle shot,4
2025-03-14,reedle shot,reedle-shot,0
2025-03-14,reedle shot,reedle.shot,0
2025-03-14,reedle shot,reedle_shot,0
2025-03-14,reedle shot,reedleshot,0
2025-03-14,rejuran,rejuran,0
2025-03-14,rentox,rentox,0
2025-03-14,rom&nd,rom&nd,1
2025-03-14,rom&nd,romnd,0
2025-03-14,round lab,round lab,2
2025-03-14,round lab,round-lab,0
2025-03-14,round lab,round.lab,0
2025-03-14,round lab,round_lab,0
2025-03-14,round lab,roundlab,0
2025-03-14,shurink,shurink,0
2025-03-14,skin1004,skin1004,2
2025-03-14,stylekorean,stylekorean,0
2025-03-14,stylevana,stylevana,1
2025-03-14,sulwhasoo,sulwhasoo,2
2025-03-14,sylfirm,sylfirm,0
2025-03-14,the whoo,the whoo,0
2025-03-14,the whoo,the-whoo,0
2025-03-14,the whoo,the.whoo,0
2025-03-14,the whoo,the_whoo,0
2025-03-14,the whoo,thewhoo,0
2025-03-14,tirtir,tirtir,1
2025-03-14,tonymoly,tonymoly,0
2025-03-14,torriden,torriden,1
2025-03-14,ultraformer,ultraformer,0
2025-03-14,volnewmer,volnewmer,0
2025-03-14,wellage,wellage,0
2025-03-14,yesstyle,yesstyle,3
2025-03-15,a'pieu,a'pieu,0
2025-03-15,a'pieu,a-pieu,0
2025-03-15,a'pieu,a.pieu,0
2025-03-15,a'pieu,a_pieu,0
2025-03-15,a'pieu,ap,2
2025-03-15,a'pieu,apieu,0
2025-03-15,acropass,acropass,0
2025-03-15,age-r,age-r,0
2025-03-15,age-r,age.r,0
2025-03-15,age-r,age_r,0
2025-03-15,age-r,ager,0
2025-03-15,anua,anua,2
2025-03-15,atopalm,atopalm,0
2025-03-15,bbia,bbia,0
2025-03-15,be the skin,be the skin,4
2025-03-15,be the skin,be-the-skin,0
2025-03-15,be the skin,be.the.skin,0
2025-03-15,be the skin,be_the_skin,0
2025-03-15,be the skin,betheskin,0
2025-03-15,beauty of joseon,beauty of joseon,3
2025-03-15,beauty of joseon,beauty-of-joseon,0
2025-03-15,beauty of joseon,beauty.of.joseon,0
2025-03-15,beauty of joseon,beauty_of_joseon,0
2025-03-15,beauty of joseon,beautyofjoseon,0
2025-03-15,belif,belif,0
2025-03-15,biodance,biodance,1
2025-03-15,boncept,boncept,0
2025-03-15,booster pro,booster pro,0
2025-03-15,booster pro,booster-pro,0
2025-03-15,booster pro,booster.pro,0
2025-03-15,booster pro,booster_pro,0
2025-03-15,booster pro,boosterpro,0
2025-03-15,botulax,botulax,0
2025-03-15,cell fusion c,cell fusion c,0
2025-03-15,cell fusion c,cell-fusion-c,0
2025-03-15,cell fusion c,cell.fusion.c,0
2025-03-15,cell fusion c,cell_fusion_c,0
2025-03-15,cell fusion c,cellfusionc,0
2025-03-15,centellian,centellian,0
2025-03-15,coolfase,coolfase,0
2025-03-15,cosrx,cosrx,8
2025-03-15,dalba,dalba,0
2025-03-15,goodal,goodal,1
2025-03-15,hi focus shot,hi focus shot,1
2025-03-15,hi focus shot,hi-focus-shot,0
2025-03-15,hi focus shot,hi.focus.shot,0
2025-03-15,hi focus shot,hi_focus_shot,0
2025-03-15,hi focus shot,hifocusshot,0
2025-03-15,history of whoo,history of whoo,0
2025-03-15,history of whoo,history-of-whoo,0
2025-03-15,history of whoo,history.of.whoo,0
2025-03-15,history of whoo,history_of_whoo,0
2025-03-15,history of whoo,historyofwhoo,0
2025-03-15,hwahae,hwahae,0
2025-03-15,innisfree,innisfree,3
2025-03-15,innotox,innotox,1
2025-03-15,iope,iope,0
2025-03-15,jeuveau,jeuveau,0
2025-03-15,jevegel,jevegel,0
2025-03-15,jolse,jolse,1
2025-03-15,juvelook,juvelook,0
2025-03-15,laneige,laneige,0
2025-03-15,letybo,letybo,0
2025-03-15,madeca,madeca,0
2025-03-15,mamonde,mamonde,0
2025-03-15,manyo,manyo,3
2025-03-15,medicube,medicube,0
2025-03-15,merzy,merzy,0
2025-03-15,mighty patch,mighty patch,0
2025-03-15,mighty patch,mighty-patch,0
2025-03-15,mighty patch,mighty.patch,0
2025-03-15,mighty patch,mighty_patch,0
2025-03-15,mighty patch,mightypatch,0
2025-03-15,missha,missha,2
2025-03-15,mixoon,mixoon,0
2025-03-15,nabota,nabota,1
2025-03-15,newlux,newlux,0
2025-03-15,numbuzin,numbuzin,3
2025-03-15,ohui,ohui,0
2025-03-15,oligio,oligio,0
2025-03-15,olive young,olive young,2
2025-03-15,olive young,olive-young,0
2025-03-15,olive young,olive.young,0
2025-03-15,olive young,olive_young,0
2025-03-15,olive young,oliveyoung,0
2025-03-15,peripera,peripera,2
2025-03-15,potenza,potenza,0
2025-03-15,real barrier,real barrier,0
2025-03-15,real barrier,real-barrier,0
2025-03-15,real barrier,real.barrier,0
2025-03-15,real barrier,real_barrier,0
2025-03-15,real barrier,realbarrier,0
2025-03-15,reedle shot,reedle shot,2
2025-03-15,reedle shot,reedle-shot,0
2025-03-15,reedle shot,reedle.shot,0
2025-03-15,reedle shot,reedle_shot,0
2025-03-15,reedle shot,reedleshot,0
2025-03-15,rejuran,rejuran,1
2025-03-15,rentox,rentox,0
2025-03-15,rom&nd,rom&nd,0
2025-03-15,rom&nd,romnd,0
2025-03-15,round lab,round lab,0
2025-03-15,round lab,round-lab,0
2025-03-15,round lab,round.lab,0
2025-03-15,round lab,round_lab,0
2025-03-15,round lab,roundlab,1
2025-03-15,shurink,shurink,0
2025-03-15,skin1004,skin1004,4
2025-03-15,stylekorean,stylekorean,0
2025-03-15,stylevana,stylevana,3
2025-03-15,sulwhasoo,sulwhasoo,0
2025-03-15,sylfirm,sylfirm,0
2025-03-15,the whoo,the whoo,0
2025-03-15,the whoo,the-whoo,0
2025-03-15,the whoo,the.whoo,0
2025-03-15,the whoo,the_whoo,0
2025-03-15,the whoo,thewhoo,0
2025-03-15,tirtir,tirtir,3
2025-03-15,tonymoly,tonymoly,0
2025-03-15,torriden,torriden,2
2025-03-15,ultraformer,ultraformer,0
2025-03-15,volnewmer,volnewmer,0
2025-03-15,wellage,wellage,0
2025-03-15,yesstyle,yesstyle,8
2025-03-16,a'pieu,a'pieu,0
2025-03-16,a'pieu,a-pieu,0
2025-03-16,a'pieu,a.pieu,0
2025-03-16,a'pieu,a_pieu,0
2025-03-16,a'pieu,ap,0
2025-03-16,a'pieu,apieu,0
2025-03-16,acropass,acropass,0
2025-03-16,age-r,age-r,0
2025-03-16,age-r,age.r,0
2025-03-16,age-r,age_r,0
2025-03-16,age-r,ager,0
2025-03-16,anua,anua,3
2025-03-16,atopalm,atopalm,0
2025-03-16,bbia,bbia,0
2025-03-16,be the skin,be the skin,2
2025-03-16,be the skin,be-the-skin,0
2025-03-16,be the skin,be.the.skin,0
2025-03-16,be the skin,be_the_skin,0
2025-03-16,be the skin,betheskin,0
2025-03-16,beauty of joseon,beauty of joseon,6
2025-03-16,beauty of joseon,beauty-of-joseon,0
2025-03-16,beauty of joseon,beauty.of.joseon,0
2025-03-16,beauty of joseon,beauty_of_joseon,0
2025-03-16,beauty of joseon,beautyofjoseon,0
2025-03-16,belif,belif,1
2025-03-16,biodance,biodance,2
2025-03-16,boncept,boncept,0
2025-03-16,booster pro,booster pro,1
2025-03-16,booster pro,booster-pro,0
2025-03-16,booster pro,booster.pro,0
2025-03-16,booster pro,booster_pro,0
2025-03-16,booster pro,boosterpro,0
2025-03-16,botulax,botulax,1
2025-03-16,cell fusion c,cell fusion c,3
2025-03-16,cell fusion c,cell-fusion-c,0
2025-03-16,cell fusion c,cell.fusion.c,0
2025-03-16,cell fusion c,cell_fusion_c,0
2025-03-16,cell fusion c,cellfusionc,0
2025-03-16,centellian,centellian,0
2025-03-16,coolfase,coolfase,0
2025-03-16,cosrx,cosrx,5
2025-03-16,dalba,dalba,0
2025-03-16,goodal,goodal,0
2025-03-16,hi focus shot,hi focus shot,0
2025-03-16,hi focus shot,hi-focus-shot,0
2025-03-16,hi focus shot,hi.focus.shot,0
2025-03-16,hi focus shot,hi_focus_shot,0
2025-03-16,hi focus shot,hifocusshot,0
2025-03-16,history of whoo,history of whoo,0
2025-03-16,history of whoo,history-of-whoo,0
2025-03-16,history of whoo,history.of.whoo,0
2025-03-16,history of whoo,history_of_whoo,0
2025-03-16,history of whoo,historyofwhoo,0
2025-03-16,hwahae,hwahae,0
2025-03-16,innisfree,innisfree,2
2025-03-16,innotox,innotox,0
2025-03-16,iope,iope,0
2025-03-16,jeuveau,jeuveau,0
2025-03-16,jevegel,jevegel,0
2025-03-16,jolse,jolse,0
2025-03-16,juvelook,juvelook,0
2025-03-16,laneige,laneige,6
2025-03-16,letybo,letybo,0
2025-03-16,madeca,madeca,0
2025-03-16,mamonde,mamonde,0
2025-03-16,manyo,manyo,0
2025-03-16,medicube,medicube,5
2025-03-16,merzy,merzy,0
2025-03-16,mighty patch,mighty patch,1
2025-03-16,mighty patch,mighty-patch,0
2025-03-16,mighty patch,mighty.patch,0
2025-03-16,mighty patch,mighty_patch,0
2025-03-16,mighty patch,mightypatch,0
2025-03-16,missha,missha,0
2025-03-16,mixoon,mixoon,0
2025-03-16,nabota,nabota,0
2025-03-16,newlux,newlux,0
2025-03-16,numbuzin,numbuzin,6
2025-03-16,ohui,ohui,0
2025-03-16,oligio,oligio,0
2025-03-16,olive young,olive young,0
2025-03-16,olive young,olive-young,0
2025-03-16,olive young,olive.young,0
2025-03-16,olive young,olive_young,0
2025-03-16,olive young,oliveyoung,0
2025-03-16,peripera,peripera,2
2025-03-16,potenza,potenza,0
2025-03-16,real barrier,real barrier,1
2025-03-16,real barrier,real-barrier,0
2025-03-16,real barrier,real.barrier,0
2025-03-16,real barrier,real_barrier,0
2025-03-16,real barrier,realbarrier,0
2025-03-16,reedle shot,reedle shot,1
2025-03-16,reedle shot,reedle-shot,0
2025-03-16,reedle shot,reedle.shot,0
2025-03-16,reedle shot,reedle_shot,0
2025-03-16,reedle shot,reedleshot,0
2025-03-16,rejuran,rejuran,2
2025-03-16,rentox,rentox,0
2025-03-16,rom&nd,rom&nd,1
2025-03-16,rom&nd,romnd,0
2025-03-16,round lab,round lab,3
2025-03-16,round lab,round-lab,0
2025-03-16,round lab,round.lab,0
2025-03-16,round lab,round_lab,0
2025-03-16,round lab,roundlab,3
2025-03-16,shurink,shurink,0
2025-03-16,skin1004,skin1004,4
2025-03-16,stylekorean,stylekorean,0
2025-03-16,stylevana,stylevana,2
2025-03-16,sulwhasoo,sulwhasoo,0
2025-03-16,sylfirm,sylfirm,0
2025-03-16,the whoo,the whoo,0
2025-03-16,the whoo,the-whoo,0
2025-03-16,the whoo,the.whoo,0
2025-03-16,the whoo,the_whoo,0
2025-03-16,the whoo,thewhoo,0
2025-03-16,tirtir,tirtir,0
2025-03-16,tonymoly,tonymoly,0
2025-03-16,torriden,torriden,4
2025-03-16,ultraformer,ultraformer,0
2025-03-16,volnewmer,volnewmer,0
2025-03-16,wellage,wellage,0
2025-03-16,yesstyle,yesstyle,2
2025-03-17,a'pieu,a'pieu,0
2025-03-17,a'pieu,a-pieu,0
2025-03-17,a'pieu,a.pieu,0
2025-03-17,a'pieu,a_pieu,0
2025-03-17,a'pieu,ap,0
2025-03-17,a'pieu,apieu,0
2025-03-17,acropass,acropass,0
2025-03-17,age-r,age-r,1
2025-03-17,age-r,age.r,0
2025-03-17,age-r,age_r,0
2025-03-17,age-r,ager,0
2025-03-17,anua,anua,1
2025-03-17,atopalm,atopalm,0
2025-03-17,bbia,bbia,0
2025-03-17,be the skin,be the skin,3
2025-03-17,be the skin,be-the-skin,0
2025-03-17,be the skin,be.the.skin,0
2025-03-17,be the skin,be_the_skin,0
2025-03-17,be the skin,betheskin,0
2025-03-17,beauty of joseon,beauty of joseon,4
2025-03-17,beauty of joseon,beauty-of-joseon,0
2025-03-17,beauty of joseon,beauty.of.joseon,0
2025-03-17,beauty of joseon,beauty_of_joseon,0
2025-03-17,beauty of joseon,beautyofjoseon,0
2025-03-17,belif,belif,1
2025-03-17,biodance,biodance,1
2025-03-17,boncept,boncept,0
2025-03-17,booster pro,booster pro,0
2025-03-17,booster pro,booster-pro,0
2025-03-17,booster pro,booster.pro,0
2025-03-17,booster pro,booster_pro,0
2025-03-17,booster pro,boosterpro,0
2025-03-17,botulax,botulax,0
2025-03-17,cell fusion c,cell fusion c,3
2025-03-17,cell fusion c,cell-fusion-c,0
2025-03-17,cell fusion c,cell.fusion.c,0
2025-03-17,cell fusion c,cell_fusion_c,0
2025-03-17,cell fusion c,cellfusionc,0
2025-03-17,centellian,centellian,0
2025-03-17,coolfase,coolfase,0
2025-03-17,cosrx,cosrx,5
2025-03-17,dalba,dalba,0
2025-03-17,goodal,goodal,0
2025-03-17,hi focus shot,hi focus shot,2
2025-03-17,hi focus shot,hi-focus-shot,0
2025-03-17,hi focus shot,hi.focus.shot,0
2025-03-17,hi focus shot,hi_focus_shot,0
2025-03-17,hi focus shot,hifocusshot,0
2025-03-17,history of whoo,history of whoo,0
2025-03-17,history of whoo,history-of-whoo,0
2025-03-17,history of whoo,history.of.whoo,0
2025-03-17,history of whoo,history_of_whoo,0
2025-03-17,history of whoo,historyofwhoo,0
2025-03-17,hwahae,hwahae,0
2025-03-17,innisfree,innisfree,1
2025-03-17,innotox,innotox,1
2025-03-17,iope,iope,0
2025-03-17,jeuveau,jeuveau,0
2025-03-17,jevegel,jevegel,0
2025-03-17,jolse,jolse,0
2025-03-17,juvelook,juvelook,0
2025-03-17,laneige,laneige,2
2025-03-17,letybo,letybo,0
2025-03-17,madeca,madeca,0
2025-03-17,mamonde,mamonde,0
2025-03-17,manyo,manyo,1
2025-03-17,medicube,medicube,1
2025-03-17,merzy,merzy,0
2025-03-17,mighty patch,mighty patch,0
2025-03-17,mighty patch,mighty-patch,0
2025-03-17,mighty patch,mighty.patch,0
2025-03-17,mighty patch,mighty_patch,0
2025-03-17,mighty patch,mightypatch,0
2025-03-17,missha,missha,0
2025-03-17,mixoon,mixoon,0
2025-03-17,nabota,nabota,0
2025-03-17,newlux,newlux,0
2025-03-17,numbuzin,numbuzin,2
2025-03-17,ohui,ohui,0
2025-03-17,oligio,oligio,0
2025-03-17,olive young,olive young,7
2025-03-17,olive young,olive-young,0
2025-03-17,olive young,olive.young,0
2025-03-17,olive young,olive_young,0
2025-03-17,olive young,oliveyoung,0
2025-03-17,peripera,peripera,0
2025-03-17,potenza,potenza,0
2025-03-17,real barrier,real barrier,2
2025-03-17,real barrier,real-barrier,0
2025-03-17,real barrier,real.barrier,0
2025-03-17,real barrier,real_barrier,0
2025-03-17,real barrier,realbarrier,0
2025-03-17,reedle shot,reedle shot,1
2025-03-17,reedle shot,reedle-shot,0
2025-03-17,reedle shot,reedle.shot,0
2025-03-17,reedle shot,reedle_shot,0
2025-03-17,reedle shot,reedleshot,0
2025-03-17,rejuran,rejuran,5
2025-03-17,rentox,rentox,0
2025-03-17,rom&nd,rom&nd,3
2025-03-17,rom&nd,romnd,0
2025-03-17,round lab,round lab,6
2025-03-17,round lab,round-lab,0
2025-03-17,round lab,round.lab,0
2025-03-17,round lab,round_lab,0
2025-03-17,round lab,roundlab,2
2025-03-17,shurink,shurink,0
2025-03-17,skin1004,skin1004,0
2025-03-17,stylekorean,stylekorean,0
2025-03-17,stylevana,stylevana,1
2025-03-17,sulwhasoo,sulwhasoo,0
2025-03-17,sylfirm,sylfirm,0
2025-03-17,the whoo,the whoo,0
2025-03-17,the whoo,the-whoo,0
2025-03-17,the whoo,the.whoo,0
2025-03-17,the whoo,the_whoo,0
2025-03-17,the whoo,thewhoo,0
2025-03-17,tirtir,tirtir,1
2025-03-17,tonymoly,tonymoly,1
2025-03-17,torriden,torriden,1
2025-03-17,ultraformer,ultraformer,0
2025-03-17,volnewmer,volnewmer,0
2025-03-17,wellage,wellage,1
2025-03-17,yesstyle,yesstyle,1
2025-03-18,a'pieu,a'pieu,0
2025-03-18,a'pieu,a-pieu,0
2025-03-18,a'pieu,a.pieu,0
2025-03-18,a'pieu,a_pieu,0
2025-03-18,a'pieu,ap,0
2025-03-18,a'pieu,apieu,0
2025-03-18,acropass,acropass,0
2025-03-18,age-r,age-r,0
2025-03-18,age-r,age.r,0
2025-03-18,age-r,age_r,0
2025-03-18,age-r,ager,0
2025-03-18,anua,anua,4
2025-03-18,atopalm,atopalm,0
2025-03-18,bbia,bbia,1
2025-03-18,be the skin,be the skin,6
2025-03-18,be the skin,be-the-skin,0
2025-03-18,be the skin,be.the.skin,0
2025-03-18,be the skin,be_the_skin,0
2025-03-18,be the skin,betheskin,0
2025-03-18,beauty of joseon,beauty of joseon,3
2025-03-18,beauty of joseon,beauty-of-joseon,0
2025-03-18,beauty of joseon,beauty.of.joseon,0
2025-03-18,beauty of joseon,beauty_of_joseon,0
2025-03-18,beauty of joseon,beautyofjoseon,0
2025-03-18,belif,belif,1
2025-03-18,biodance,biodance,0
2025-03-18,boncept,boncept,0
2025-03-18,booster pro,booster pro,0
2025-03-18,booster pro,booster-pro,0
2025-03-18,booster pro,booster.pro,0
2025-03-18,booster pro,booster_pro,0
2025-03-18,booster pro,boosterpro,0
2025-03-18,botulax,botulax,0
2025-03-18,cell fusion c,cell fusion c,0
2025-03-18,cell fusion c,cell-fusion-c,0
2025-03-18,cell fusion c,cell.fusion.c,0
2025-03-18,cell fusion c,cell_fusion_c,0
2025-03-18,cell fusion c,cellfusionc,0
2025-03-18,centellian,centellian,0
2025-03-18,coolfase,coolfase,0
2025-03-18,cosrx,cosrx,10
2025-03-18,dalba,dalba,0
2025-03-18,goodal,goodal,0
2025-03-18,hi focus shot,hi focus shot,1
2025-03-18,hi focus shot,hi-focus-shot,0
2025-03-18,hi focus shot,hi.focus.shot,0
2025-03-18,hi focus shot,hi_focus_shot,0
2025-03-18,hi focus shot,hifocusshot,0
2025-03-18,history of whoo,history of whoo,0
2025-03-18,history of whoo,history-of-whoo,0
2025-03-18,history of whoo,history.of.whoo,0
2025-03-18,history of whoo,history_of_whoo,0
2025-03-18,history of whoo,historyofwhoo,0
2025-03-18,hwahae,hwahae,0
2025-03-18,innisfree,innisfree,0
2025-03-18,innotox,innotox,0
2025-03-18,iope,iope,0
2025-03-18,jeuveau,jeuveau,0
2025-03-18,jevegel,jevegel,0
2025-03-18,jolse,jolse,0
2025-03-18,juvelook,juvelook,0
2025-03-18,laneige,laneige,1
2025-03-18,letybo,letybo,0
2025-03-18,madeca,madeca,0
2025-03-18,mamonde,mamonde,0
2025-03-18,manyo,manyo,1
2025-03-18,medicube,medicube,6
2025-03-18,merzy,merzy,0
2025-03-18,mighty patch,mighty patch,0
2025-03-18,mighty patch,mighty-patch,0
2025-03-18,mighty patch,mighty.patch,0
2025-03-18,mighty patch,mighty_patch,0
2025-03-18,mighty patch,mightypatch,0
2025-03-18,missha,missha,0
2025-03-18,mixoon,mixoon,0
2025-03-18,nabota,nabota,0
2025-03-18,newlux,newlux,0
2025-03-18,numbuzin,numbuzin,4
2025-03-18,ohui,ohui,0
2025-03-18,oligio,oligio,1
2025-03-18,olive young,olive young,3
2025-03-18,olive young,olive-young,0
2025-03-18,olive young,olive.young,0
2025-03-18,olive young,olive_young,0
2025-03-18,olive young,oliveyoung,0
2025-03-18,peripera,peripera,4
2025-03-18,potenza,potenza,0
2025-03-18,real barrier,real barrier,0
2025-03-18,real barrier,real-barrier,0
2025-03-18,real barrier,real.barrier,0
2025-03-18,real barrier,real_barrier,0
2025-03-18,real barrier,realbarrier,0
2025-03-18,reedle shot,reedle shot,1
2025-03-18,reedle shot,reedle-shot,0
2025-03-18,reedle shot,reedle.shot,0
2025-03-18,reedle shot,reedle_shot,0
2025-03-18,reedle shot,reedleshot,0
2025-03-18,rejuran,rejuran,0
2025-03-18,rentox,rentox,0
2025-03-18,rom&nd,rom&nd,2
2025-03-18,rom&nd,romnd,0
2025-03-18,round lab,round lab,4
2025-03-18,round lab,round-lab,0
2025-03-18,round lab,round.lab,0
2025-03-18,round lab,round_lab,0
2025-03-18,round lab,roundlab,0
2025-03-18,shurink,shurink,1
2025-03-18,skin1004,skin1004,7
2025-03-18,stylekorean,stylekorean,1
2025-03-18,stylevana,stylevana,3
2025-03-18,sulwhasoo,sulwhasoo,0
2025-03-18,sylfirm,sylfirm,0
2025-03-18,the whoo,the whoo,0
2025-03-18,the whoo,the-whoo,0
2025-03-18,the whoo,the.whoo,0
2025-03-18,the whoo,the_whoo,0
2025-03-18,the whoo,thewhoo,0
2025-03-18,tirtir,tirtir,4
2025-03-18,tonymoly,tonymoly,0
2025-03-18,torriden,torriden,2
2025-03-18,ultraformer,ultraformer,0
2025-03-18,volnewmer,volnewmer,0
2025-03-18,wellage,wellage,1
2025-03-18,yesstyle,yesstyle,2
2025-03-19,a'pieu,a'pieu,1
2025-03-19,a'pieu,a-pieu,0
2025-03-19,a'pieu,a.pieu,0
2025-03-19,a'pieu,a_pieu,0
2025-03-19,a'pieu,ap,1
2025-03-19,a'pieu,apieu,0
2025-03-19,acropass,acropass,0
2025-03-19,age-r,age-r,0
2025-03-19,age-r,age.r,0
2025-03-19,age-r,age_r,0
2025-03-19,age-r,ager,0
2025-03-19,anua,anua,1
2025-03-19,atopalm,atopalm,0
2025-03-19,bbia,bbia,0
2025-03-19,be the skin,be the skin,7
2025-03-19,be the skin,be-the-skin,0
2025-03-19,be the skin,be.the.skin,0
2025-03-19,be the skin,be_the_skin,0
2025-03-19,be the skin,betheskin,0
2025-03-19,beauty of joseon,beauty of joseon,4
2025-03-19,beauty of joseon,beauty-of-joseon,0
2025-03-19,beauty of joseon,beauty.of.joseon,0
2025-03-19,beauty of joseon,beauty_of_joseon,0
2025-03-19,beauty of joseon,beautyofjoseon,0
2025-03-19,belif,belif,0
2025-03-19,biodance,biodance,0
2025-03-19,boncept,boncept,0
2025-03-19,booster pro,booster pro,1
2025-03-19,booster pro,booster-pro,0
2025-03-19,booster pro,booster.pro,0
2025-03-19,booster pro,booster_pro,0
2025-03-19,booster pro,boosterpro,0
2025-03-19,botulax,botulax,0
2025-03-19,cell fusion c,cell fusion c,0
2025-03-19,cell fusion c,cell-fusion-c,0
2025-03-19,cell fusion c,cell.fusion.c,0
2025-03-19,cell fusion c,cell_fusion_c,0
2025-03-19,cell fusion c,cellfusionc,0
2025-03-19,centellian,centellian,0
2025-03-19,coolfase,coolfase,0
2025-03-19,cosrx,cosrx,10
2025-03-19,dalba,dalba,0
2025-03-19,goodal,goodal,0
2025-03-19,hi focus shot,hi focus shot,0
2025-03-19,hi focus shot,hi-focus-shot,0
2025-03-19,hi focus shot,hi.focus.shot,0
2025-03-19,hi focus shot,hi_focus_shot,0
2025-03-19,hi focus shot,hifocusshot,0
2025-03-19,history of whoo,history of whoo,0
2025-03-19,history of whoo,history-of-whoo,0
2025-03-19,history of whoo,history.of.whoo,0
2025-03-19,history of whoo,history_of_whoo,0
2025-03-19,history of whoo,historyofwhoo,0
2025-03-19,hwahae,hwahae,0
2025-03-19,innisfree,innisfree,1
2025-03-19,innotox,innotox,2
2025-03-19,iope,iope,0
2025-03-19,jeuveau,jeuveau,0
2025-03-19,jevegel,jevegel,0
2025-03-19,jolse,jolse,0
2025-03-19,juvelook,juvelook,0
2025-03-19,laneige,laneige,5
2025-03-19,letybo,letybo,0
2025-03-19,madeca,madeca,0
2025-03-19,mamonde,mamonde,1
2025-03-19,manyo,manyo,2
2025-03-19,medicube,medicube,1
2025-03-19,merzy,merzy,0
2025-03-19,mighty patch,mighty patch,0
2025-03-19,mighty patch,mighty-patch,0
2025-03-19,mighty patch,mighty.patch,0
2025-03-19,mighty patch,mighty_patch,0
2025-03-19,mighty patch,mightypatch,0
2025-03-19,missha,missha,0
2025-03-19,mixoon,mixoon,0
2025-03-19,nabota,nabota,0
2025-03-19,newlux,newlux,0
2025-03-19,numbuzin,numbuzin,1
2025-03-19,ohui,ohui,0
2025-03-19,oligio,oligio,0
2025-03-19,olive young,olive young,0
2025-03-19,olive young,olive-young,0
2025-03-19,olive young,olive.young,0
2025-03-19,olive young,olive_young,0
2025-03-19,olive young,oliveyoung,0
2025-03-19,peripera,peripera,0
2025-03-19,potenza,potenza,0
2025-03-19,real barrier,real barrier,0
2025-03-19,real barrier,real-barrier,0
2025-03-19,real barrier,real.barrier,0
2025-03-19,real barrier,real_barrier,0
2025-03-19,real barrier,realbarrier,0
2025-03-19,reedle shot,reedle shot,0
2025-03-19,reedle shot,reedle-shot,0
2025-03-19,reedle shot,reedle.shot,0
2025-03-19,reedle shot,reedle_shot,0
2025-03-19,reedle shot,reedleshot,0
2025-03-19,rejuran,rejuran,0
2025-03-19,rentox,rentox,1
2025-03-19,rom&nd,rom&nd,2
2025-03-19,rom&nd,romnd,0
2025-03-19,round lab,round lab,4
2025-03-19,round lab,round-lab,0
2025-03-19,round lab,round.lab,0
2025-03-19,round lab,round_lab,0
2025-03-19,round lab,roundlab,1
2025-03-19,shurink,shurink,0
2025-03-19,skin1004,skin1004,2
2025-03-19,stylekorean,stylekorean,0
2025-03-19,stylevana,stylevana,1
2025-03-19,sulwhasoo,sulwhasoo,0
2025-03-19,sylfirm,sylfirm,0
2025-03-19,the whoo,the whoo,0
2025-03-19,the whoo,the-whoo,0
2025-03-19,the whoo,the.whoo,0
2025-03-19,the whoo,the_whoo,0
2025-03-19,the whoo,thewhoo,0
2025-03-19,tirtir,tirtir,3
2025-03-19,tonymoly,tonymoly,1
2025-03-19,torriden,torriden,3
2025-03-19,ultraformer,ultraformer,0
2025-03-19,volnewmer,volnewmer,0
2025-03-19,wellage,wellage,0
2025-03-19,yesstyle,yesstyle,5
2025-03-20,a'pieu,a'pieu,1
2025-03-20,a'pieu,a-pieu,0
2025-03-20,a'pieu,a.pieu,0
2025-03-20,a'pieu,a_pieu,0
2025-03-20,a'pieu,ap,0
2025-03-20,a'pieu,apieu,0
2025-03-20,acropass,acropass,0
2025-03-20,age-r,age-r,1
2025-03-20,age-r,age.r,0
2025-03-20,age-r,age_r,0
2025-03-20,age-r,ager,0
2025-03-20,anua,anua,3
2025-03-20,atopalm,atopalm,0
2025-03-20,bbia,bbia,0
2025-03-20,be the skin,be the skin,2
2025-03-20,be the skin,be-the-skin,0
2025-03-20,be the skin,be.the.skin,0
2025-03-20,be the skin,be_the_skin,0
2025-03-20,be the skin,betheskin,0
2025-03-20,beauty of joseon,beauty of joseon,6
2025-03-20,beauty of joseon,beauty-of-joseon,0
2025-03-20,beauty of joseon,beauty.of.joseon,0
2025-03-20,beauty of joseon,beauty_of_joseon,0
2025-03-20,beauty of joseon,beautyofjoseon,0
2025-03-20,belif,belif,0
2025-03-20,biodance,biodance,0
2025-03-20,boncept,boncept,0
2025-03-20,booster pro,booster pro,2
2025-03-20,booster pro,booster-pro,0
2025-03-20,booster pro,booster.pro,0
2025-03-20,booster pro,booster_pro,0
2025-03-20,booster pro,boosterpro,0
2025-03-20,botulax,botulax,0
2025-03-20,cell fusion c,cell fusion c,1
2025-03-20,cell fusion c,cell-fusion-c,0
2025-03-20,cell fusion c,cell.fusion.c,0
2025-03-20,cell fusion c,cell_fusion_c,0
2025-03-20,cell fusion c,cellfusionc,0
2025-03-20,centellian,centellian,1
2025-03-20,coolfase,coolfase,0
2025-03-20,cosrx,cosrx,1
2025-03-20,dalba,dalba,1
2025-03-20,goodal,goodal,0
2025-03-20,hi focus shot,hi focus shot,4
2025-03-20,hi focus shot,hi-focus-shot,0
2025-03-20,hi focus shot,hi.focus.shot,0
2025-03-20,hi focus shot,hi_focus_shot,0
2025-03-20,hi focus shot,hifocusshot,0
2025-03-20,history of whoo,history of whoo,0
2025-03-20,history of whoo,history-of-whoo,0
2025-03-20,history of whoo,history.of.whoo,0
2025-03-20,history of whoo,history_of_whoo,0
2025-03-20,history of whoo,historyofwhoo,0
2025-03-20,hwahae,hwahae,0
2025-03-20,innisfree,innisfree,4
2025-03-20,innotox,innotox,0
2025-03-20,iope,iope,0
2025-03-20,jeuveau,jeuveau,0
2025-03-20,jevegel,jevegel,0
2025-03-20,jolse,jolse,0
2025-03-20,juvelook,juvelook,1
2025-03-20,laneige,laneige,5
2025-03-20,letybo,letybo,0
2025-03-20,madeca,madeca,0
2025-03-20,mamonde,mamonde,0
2025-03-20,manyo,manyo,2
2025-03-20,medicube,medicube,3
2025-03-20,merzy,merzy,0
2025-03-20,mighty patch,mighty patch,0
2025-03-20,mighty patch,mighty-patch,0
2025-03-20,mighty patch,mighty.patch,0
2025-03-20,mighty patch,mighty_patch,0
2025-03-20,mighty patch,mightypatch,0
2025-03-20,missha,missha,1
2025-03-20,mixoon,mixoon,0
2025-03-20,nabota,nabota,0
2025-03-20,newlux,newlux,0
2025-03-20,numbuzin,numbuzin,1
2025-03-20,ohui,ohui,0
2025-03-20,oligio,oligio,0
2025-03-20,olive young,olive young,3
2025-03-20,olive young,olive-young,0
2025-03-20,olive young,olive.young,0
2025-03-20,olive young,olive_young,0
2025-03-20,olive young,oliveyoung,0
2025-03-20,peripera,peripera,2
2025-03-20,potenza,potenza,0
2025-03-20,real barrier,real barrier,0
2025-03-20,real barrier,real-barrier,0
2025-03-20,real barrier,real.barrier,0
2025-03-20,real barrier,real_barrier,0
2025-03-20,real barrier,realbarrier,0
2025-03-20,reedle shot,reedle shot,0
2025-03-20,reedle shot,reedle-shot,0
2025-03-20,reedle shot,reedle.shot,0
2025-03-20,reedle shot,reedle_shot,0
2025-03-20,reedle shot,reedleshot,0
2025-03-20,rejuran,rejuran,2
2025-03-20,rentox,rentox,0
2025-03-20,rom&nd,rom&nd,1
2025-03-20,rom&nd,romnd,0
2025-03-20,round lab,round lab,5
2025-03-20,round lab,round-lab,0
2025-03-20,round lab,round.lab,0
2025-03-20,round lab,round_lab,0
2025-03-20,round lab,roundlab,0
2025-03-20,shurink,shurink,0
2025-03-20,skin1004,skin1004,2
2025-03-20,stylekorean,stylekorean,0
2025-03-20,stylevana,stylevana,1
2025-03-20,sulwhasoo,sulwhasoo,1
2025-03-20,sylfirm,sylfirm,0
2025-03-20,the whoo,the whoo,0
2025-03-20,the whoo,the-whoo,0
2025-03-20,the whoo,the.whoo,0
2025-03-20,the whoo,the_whoo,0
2025-03-20,the whoo,thewhoo,0
2025-03-20,tirtir,tirtir,0
2025-03-20,tonymoly,tonymoly,1
2025-03-20,torriden,torriden,1
2025-03-20,ultraformer,ultraformer,0
2025-03-20,volnewmer,volnewmer,0
2025-03-20,wellage,wellage,0
2025-03-20,yesstyle,yesstyle,2
2025-03-21,a'pieu,a'pieu,0
2025-03-21,a'pieu,a-pieu,0
2025-03-21,a'pieu,a.pieu,0
2025-03-21,a'pieu,a_pieu,0
2025-03-21,a'pieu,ap,0
2025-03-21,a'pieu,apieu,0
2025-03-21,acropass,acropass,0
2025-03-21,age-r,age-r,3
2025-03-21,age-r,age.r,0
2025-03-21,age-r,age_r,0
2025-03-21,age-r,ager,0
2025-03-21,anua,anua,5
2025-03-21,atopalm,atopalm,0
2025-03-21,bbia,bbia,0
2025-03-21,be the skin,be the skin,4
2025-03-21,be the skin,be-the-skin,0
2025-03-21,be the skin,be.the.skin,0
2025-03-21,be the skin,be_the_skin,0
2025-03-21,be the skin,betheskin,0
2025-03-21,beauty of joseon,beauty of joseon,2
2025-03-21,beauty of joseon,beauty-of-joseon,0
2025-03-21,beauty of joseon,beauty.of.joseon,0
2025-03-21,beauty of joseon,beauty_of_joseon,0
2025-03-21,beauty of joseon,beautyofjoseon,0
2025-03-21,belif,belif,2
2025-03-21,biodance,biodance,0
2025-03-21,boncept,boncept,0
2025-03-21,booster pro,booster pro,1
2025-03-21,booster pro,booster-pro,0
2025-03-21,booster pro,booster.pro,0
2025-03-21,booster pro,booster_pro,0
2025-03-21,booster pro,boosterpro,0
2025-03-21,botulax,botulax,0
2025-03-21,cell fusion c,cell fusion c,1
2025-03-21,cell fusion c,cell-fusion-c,0
2025-03-21,cell fusion c,cell.fusion.c,0
2025-03-21,cell fusion c,cell_fusion_c,0
2025-03-21,cell fusion c,cellfusionc,0
2025-03-21,centellian,centellian,0
2025-03-21,coolfase,coolfase,0
2025-03-21,cosrx,cosrx,4
2025-03-21,dalba,dalba,0
2025-03-21,goodal,goodal,0
2025-03-21,hi focus shot,hi focus shot,1
2025-03-21,hi focus shot,hi-focus-shot,0
2025-03-21,hi focus shot,hi.focus.shot,0
2025-03-21,hi focus shot,hi_focus_shot,0
2025-03-21,hi focus shot,hifocusshot,0
2025-03-21,history of whoo,history of whoo,0
2025-03-21,history of whoo,history-of-whoo,0
2025-03-21,history of whoo,history.of.whoo,0
2025-03-21,history of whoo,history_of_whoo,0
2025-03-21,history of whoo,historyofwhoo,0
2025-03-21,hwahae,hwahae,0
2025-03-21,innisfree,innisfree,3
2025-03-21,innotox,innotox,1
2025-03-21,iope,iope,1
2025-03-21,jeuveau,jeuveau,1
2025-03-21,jevegel,jevegel,0
2025-03-21,jolse,jolse,1
2025-03-21,juvelook,juvelook,0
2025-03-21,laneige,laneige,2
2025-03-21,letybo,letybo,0
2025-03-21,madeca,madeca,0
2025-03-21,mamonde,mamonde,0
2025-03-21,manyo,manyo,0
2025-03-21,medicube,medicube,2
2025-03-21,merzy,merzy,0
2025-03-21,mighty patch,mighty patch,1
2025-03-21,mighty patch,mighty-patch,0
2025-03-21,mighty patch,mighty.patch,0
2025-03-21,mighty patch,mighty_patch,0
2025-03-21,mighty patch,mightypatch,0
2025-03-21,missha,missha,0
2025-03-21,mixoon,mixoon,0
2025-03-21,nabota,nabota,0
2025-03-21,newlux,newlux,0
2025-03-21,numbuzin,numbuzin,2
2025-03-21,ohui,ohui,0
2025-03-21,oligio,oligio,0
2025-03-21,olive young,olive young,3
2025-03-21,olive young,olive-young,0
2025-03-21,olive young,olive.young,0
2025-03-21,olive young,olive_young,0
2025-03-21,olive young,oliveyoung,0
2025-03-21,peripera,peripera,1
2025-03-21,potenza,potenza,0
2025-03-21,real barrier,real barrier,1
2025-03-21,real barrier,real-barrier,0
2025-03-21,real barrier,real.barrier,0
2025-03-21,real barrier,real_barrier,0
2025-03-21,real barrier,realbarrier,0
2025-03-21,reedle shot,reedle shot,1
2025-03-21,reedle shot,reedle-shot,0
2025-03-21,reedle shot,reedle.shot,0
2025-03-21,reedle shot,reedle_shot,0
2025-03-21,reedle shot,reedleshot,0
2025-03-21,rejuran,rejuran,1
2025-03-21,rentox,rentox,0
2025-03-21,rom&nd,rom&nd,3
2025-03-21,rom&nd,romnd,0
2025-03-21,round lab,round lab,0
2025-03-21,round lab,round-lab,0
2025-03-21,round lab,round.lab,0
2025-03-21,round lab,round_lab,0
2025-03-21,round lab,roundlab,1
2025-03-21,shurink,shurink,0
2025-03-21,skin1004,skin1004,0
2025-03-21,stylekorean,stylekorean,0
2025-03-21,stylevana,stylevana,0
2025-03-21,sulwhasoo,sulwhasoo,0
2025-03-21,sylfirm,sylfirm,0
2025-03-21,the whoo,the whoo,0
2025-03-21,the whoo,the-whoo,0
2025-03-21,the whoo,the.whoo,0
2025-03-21,the whoo,the_whoo,0
2025-03-21,the whoo,thewhoo,0
2025-03-21,tirtir,tirtir,2
2025-03-21,tonymoly,tonymoly,0
2025-03-21,torriden,torriden,0
2025-03-21,ultraformer,ultraformer,0
2025-03-21,volnewmer,volnewmer,0
2025-03-21,wellage,wellage,0
2025-03-21,yesstyle,yesstyle,4
2025-03-22,a'pieu,a'pieu,0
2025-03-22,a'pieu,a-pieu,0
2025-03-22,a'pieu,a.pieu,0
2025-03-22,a'pieu,a_pieu,0
2025-03-22,a'pieu,ap,0
2025-03-22,a'pieu,apieu,0
2025-03-22,acropass,acropass,0
2025-03-22,age-r,age-r,0
2025-03-22,age-r,age.r,0
2025-03-22,age-r,age_r,0
2025-03-22,age-r,ager,0
2025-03-22,anua,anua,1
2025-03-22,atopalm,atopalm,0
2025-03-22,bbia,bbia,0
2025-03-22,be the skin,be the skin,2
2025-03-22,be the skin,be-the-skin,0
2025-03-22,be the skin,be.the.skin,0
2025-03-22,be the skin,be_the_skin,0
2025-03-22,be the skin,betheskin,0
2025-03-22,beauty of joseon,beauty of joseon,5
2025-03-22,beauty of joseon,beauty-of-joseon,0
2025-03-22,beauty of joseon,beauty.of.joseon,0
2025-03-22,beauty of joseon,beauty_of_joseon,0
2025-03-22,beauty of joseon,beautyofjoseon,0
2025-03-22,belif,belif,0
2025-03-22,biodance,biodance,0
2025-03-22,boncept,boncept,0
2025-03-22,booster pro,booster pro,0
2025-03-22,booster pro,booster-pro,0
2025-03-22,booster pro,booster.pro,0
2025-03-22,booster pro,booster_pro,0
2025-03-22,booster pro,boosterpro,0
2025-03-22,botulax,botulax,0
2025-03-22,cell fusion c,cell fusion c,1
2025-03-22,cell fusion c,cell-fusion-c,0
2025-03-22,cell fusion c,cell.fusion.c,0
2025-03-22,cell fusion c,cell_fusion_c,0
2025-03-22,cell fusion c,cellfusionc,0
2025-03-22,centellian,centellian,0
2025-03-22,coolfase,coolfase,0
2025-03-22,cosrx,cosrx,6
2025-03-22,dalba,dalba,0
2025-03-22,goodal,goodal,1
2025-03-22,hi focus shot,hi focus shot,4
2025-03-22,hi focus shot,hi-focus-shot,0
2025-03-22,hi focus shot,hi.focus.shot,0
2025-03-22,hi focus shot,hi_focus_shot,0
2025-03-22,hi focus shot,hifocusshot,0
2025-03-22,history of whoo,history of whoo,0
2025-03-22,history of whoo,history-of-whoo,0
2025-03-22,history of whoo,history.of.whoo,0
2025-03-22,history of whoo,history_of_whoo,0
2025-03-22,history of whoo,historyofwhoo,0
2025-03-22,hwahae,hwahae,0
2025-03-22,innisfree,innisfree,3
2025-03-22,innotox,innotox,0
2025-03-22,iope,iope,0
2025-03-22,jeuveau,jeuveau,0
2025-03-22,jevegel,jevegel,0
2025-03-22,jolse,jolse,0
2025-03-22,juvelook,juvelook,1
2025-03-22,laneige,laneige,5
2025-03-22,letybo,letybo,0
2025-03-22,madeca,madeca,0
2025-03-22,mamonde,mamonde,0
2025-03-22,manyo,manyo,2
2025-03-22,medicube,medicube,1
2025-03-22,merzy,merzy,0
2025-03-22,mighty patch,mighty patch,0
2025-03-22,mighty patch,mighty-patch,0
2025-03-22,mighty patch,mighty.patch,0
2025-03-22,mighty patch,mighty_patch,0
2025-03-22,mighty patch,mightypatch,0
2025-03-22,missha,missha,2
2025-03-22,mixoon,mixoon,0
2025-03-22,nabota,nabota,0
2025-03-22,newlux,newlux,0
2025-03-22,numbuzin,numbuzin,3
2025-03-22,ohui,ohui,0
2025-03-22,oligio,oligio,0
2025-03-22,olive young,olive young,3
2025-03-22,olive young,olive-young,0
2025-03-22,olive young,olive.young,0
2025-03-22,olive young,olive_young,0
2025-03-22,olive young,oliveyoung,0
2025-03-22,peripera,peripera,1
2025-03-22,potenza,potenza,0
2025-03-22,real barrier,real barrier,1
2025-03-22,real barrier,real-barrier,0
2025-03-22,real barrier,real.barrier,0
2025-03-22,real barrier,real_barrier,0
2025-03-22,real barrier,realbarrier,0
2025-03-22,reedle shot,reedle shot,2
2025-03-22,reedle shot,reedle-shot,0
2025-03-22,reedle shot,reedle.shot,0
2025-03-22,reedle shot,reedle_shot,0
2025-03-22,reedle shot,reedleshot,0
2025-03-22,rejuran,rejuran,0
2025-03-22,rentox,rentox,0
2025-03-22,rom&nd,rom&nd,1
2025-03-22,rom&nd,romnd,0
2025-03-22,round lab,round lab,3
2025-03-22,round lab,round-lab,0
2025-03-22,round lab,round.lab,0
2025-03-22,round lab,round_lab,0
2025-03-22,round lab,roundlab,2
2025-03-22,shurink,shurink,0
2025-03-22,skin1004,skin1004,3
2025-03-22,stylekorean,stylekorean,0
2025-03-22,stylevana,stylevana,1
2025-03-22,sulwhasoo,sulwhasoo,1
2025-03-22,sylfirm,sylfirm,0
2025-03-22,the whoo,the whoo,0
2025-03-22,the whoo,the-whoo,0
2025-03-22,the whoo,the.whoo,0
2025-03-22,the whoo,the_whoo,0
2025-03-22,the whoo,thewhoo,0
2025-03-22,tirtir,tirtir,4
2025-03-22,tonymoly,tonymoly,0
2025-03-22,torriden,torriden,5
2025-03-22,ultraformer,ultraformer,0
2025-03-22,volnewmer,volnewmer,0
2025-03-22,wellage,wellage,0
2025-03-22,yesstyle,yesstyle,1
2025-03-23,a'pieu,a'pieu,2
2025-03-23,a'pieu,a-pieu,0
2025-03-23,a'pieu,a.pieu,0
2025-03-23,a'pieu,a_pieu,0
2025-03-23,a'pieu,ap,1
2025-03-23,a'pieu,apieu,0
2025-03-23,acropass,acropass,0
2025-03-23,age-r,age-r,1
2025-03-23,age-r,age.r,0
2025-03-23,age-r,age_r,0
2025-03-23,age-r,ager,0
2025-03-23,anua,anua,1
2025-03-23,atopalm,atopalm,0
2025-03-23,bbia,bbia,0
2025-03-23,be the skin,be the skin,4
2025-03-23,be the skin,be-the-skin,0
2025-03-23,be the skin,be.the.skin,0
2025-03-23,be the skin,be_the_skin,0
2025-03-23,be the skin,betheskin,0
2025-03-23,beauty of joseon,beauty of joseon,4
2025-03-23,beauty of joseon,beauty-of-joseon,0
2025-03-23,beauty of joseon,beauty.of.joseon,0
2025-03-23,beauty of joseon,beauty_of_joseon,0
2025-03-23,beauty of joseon,beautyofjoseon,0
2025-03-23,belif,belif,0
2025-03-23,biodance,biodance,0
2025-03-23,boncept,boncept,0
2025-03-23,booster pro,booster pro,1
2025-03-23,booster pro,booster-pro,0
2025-03-23,booster pro,booster.pro,0
2025-03-23,booster pro,booster_pro,0
2025-03-23,booster pro,boosterpro,0
2025-03-23,botulax,botulax,0
2025-03-23,cell fusion c,cell fusion c,0
2025-03-23,cell fusion c,cell-fusion-c,0
2025-03-23,cell fusion c,cell.fusion.c,0
2025-03-23,cell fusion c,cell_fusion_c,0
2025-03-23,cell fusion c,cellfusionc,0
2025-03-23,centellian,centellian,0
2025-03-23,coolfase,coolfase,0
2025-03-23,cosrx,cosrx,5
2025-03-23,dalba,dalba,0
2025-03-23,goodal,goodal,0
2025-03-23,hi focus shot,hi focus shot,4
2025-03-23,hi focus shot,hi-focus-shot,0
2025-03-23,hi focus shot,hi.focus.shot,0
2025-03-23,hi focus shot,hi_focus_shot,0
2025-03-23,hi focus shot,hifocusshot,0
2025-03-23,history of whoo,history of whoo,0
2025-03-23,history of whoo,history-of-whoo,0
2025-03-23,history of whoo,history.of.whoo,0
2025-03-23,history of whoo,history_of_whoo,0
2025-03-23,history of whoo,historyofwhoo,0
2025-03-23,hwahae,hwahae,0
2025-03-23,innisfree,innisfree,0
2025-03-23,innotox,innotox,1
2025-03-23,iope,iope,0
2025-03-23,jeuveau,jeuveau,0
2025-03-23,jevegel,jevegel,0
2025-03-23,jolse,jolse,0
2025-03-23,juvelook,juvelook,1
2025-03-23,laneige,laneige,3
2025-03-23,letybo,letybo,0
2025-03-23,madeca,madeca,0
2025-03-23,mamonde,mamonde,0
2025-03-23,manyo,manyo,2
2025-03-23,medicube,medicube,4
2025-03-23,merzy,merzy,0
2025-03-23,mighty patch,mighty patch,0
2025-03-23,mighty patch,mighty-patch,0
2025-03-23,mighty patch,mighty.patch,0
2025-03-23,mighty patch,mighty_patch,0
2025-03-23,mighty patch,mightypatch,0
2025-03-23,missha,missha,0
2025-03-23,mixoon,mixoon,0
2025-03-23,nabota,nabota,0
2025-03-23,newlux,newlux,0
2025-03-23,numbuzin,numbuzin,1
2025-03-23,ohui,ohui,0
2025-03-23,oligio,oligio,0
2025-03-23,olive young,olive young,0
2025-03-23,olive young,olive-young,0
2025-03-23,olive young,olive.young,0
2025-03-23,olive young,olive_young,0
2025-03-23,olive young,oliveyoung,1
2025-03-23,peripera,peripera,2
2025-03-23,potenza,potenza,0
2025-03-23,real barrier,real barrier,0
2025-03-23,real barrier,real-barrier,0
2025-03-23,real barrier,real.barrier,0
2025-03-23,real barrier,real_barrier,0
2025-03-23,real barrier,realbarrier,0
2025-03-23,reedle shot,reedle shot,2
2025-03-23,reedle shot,reedle-shot,0
2025-03-23,reedle shot,reedle.shot,0
2025-03-23,reedle shot,reedle_shot,0
2025-03-23,reedle shot,reedleshot,0
2025-03-23,rejuran,rejuran,1
2025-03-23,rentox,rentox,0
2025-03-23,rom&nd,rom&nd,2
2025-03-23,rom&nd,romnd,0
2025-03-23,round lab,round lab,0
2025-03-23,round lab,round-lab,0
2025-03-23,round lab,round.lab,0
2025-03-23,round lab,round_lab,0
2025-03-23,round lab,roundlab,1
2025-03-23,shurink,shurink,0
2025-03-23,skin1004,skin1004,4
2025-03-23,stylekorean,stylekorean,0
2025-03-23,stylevana,stylevana,1
2025-03-23,sulwhasoo,sulwhasoo,0
2025-03-23,sylfirm,sylfirm,0
2025-03-23,the whoo,the whoo,0
2025-03-23,the whoo,the-whoo,0
2025-03-23,the whoo,the.whoo,0
2025-03-23,the whoo,the_whoo,0
2025-03-23,the whoo,thewhoo,0
2025-03-23,tirtir,tirtir,2
2025-03-23,tonymoly,tonymoly,0
2025-03-23,torriden,torriden,1
2025-03-23,ultraformer,ultraformer,0
2025-03-23,volnewmer,volnewmer,0
2025-03-23,wellage,wellage,0
2025-03-23,yesstyle,yesstyle,4
2025-03-24,a'pieu,a'pieu,0
2025-03-24,a'pieu,a-pieu,0
2025-03-24,a'pieu,a.pieu,0
2025-03-24,a'pieu,a_pieu,0
2025-03-24,a'pieu,ap,3
2025-03-24,a'pieu,apieu,0
2025-03-24,acropass,acropass,0
2025-03-24,age-r,age-r,1
2025-03-24,age-r,age.r,0
2025-03-24,age-r,age_r,0
2025-03-24,age-r,ager,0
2025-03-24,anua,anua,4
2025-03-24,atopalm,atopalm,0
2025-03-24,bbia,bbia,0
2025-03-24,be the skin,be the skin,4
2025-03-24,be the skin,be-the-skin,0
2025-03-24,be the skin,be.the.skin,0
2025-03-24,be the skin,be_the_skin,0
2025-03-24,be the skin,betheskin,0
2025-03-24,beauty of joseon,beauty of joseon,5
2025-03-24,beauty of joseon,beauty-of-joseon,0
2025-03-24,beauty of joseon,beauty.of.joseon,0
2025-03-24,beauty of joseon,beauty_of_joseon,0
2025-03-24,beauty of joseon,beautyofjoseon,0
2025-03-24,belif,belif,1
2025-03-24,biodance,biodance,0
2025-03-24,boncept,boncept,0
2025-03-24,booster pro,booster pro,1
2025-03-24,booster pro,booster-pro,0
2025-03-24,booster pro,booster.pro,0
2025-03-24,booster pro,booster_pro,0
2025-03-24,booster pro,boosterpro,0
2025-03-24,botulax,botulax,0
2025-03-24,cell fusion c,cell fusion c,1
2025-03-24,cell fusion c,cell-fusion-c,0
2025-03-24,cell fusion c,cell.fusion.c,0
2025-03-24,cell fusion c,cell_fusion_c,0
2025-03-24,cell fusion c,cellfusionc,0
2025-03-24,centellian,centellian,0
2025-03-24,coolfase,coolfase,0
2025-03-24,cosrx,cosrx,4
2025-03-24,dalba,dalba,2
2025-03-24,goodal,goodal,1
2025-03-24,hi focus shot,hi focus shot,2
2025-03-24,hi focus shot,hi-focus-shot,0
2025-03-24,hi focus shot,hi.focus.shot,0
2025-03-24,hi focus shot,hi_focus_shot,0
2025-03-24,hi focus shot,hifocusshot,0
2025-03-24,history of whoo,history of whoo,0
2025-03-24,history of whoo,history-of-whoo,0
2025-03-24,history of whoo,history.of.whoo,0
2025-03-24,history of whoo,history_of_whoo,0
2025-03-24,history of whoo,historyofwhoo,0
2025-03-24,hwahae,hwahae,0
2025-03-24,innisfree,innisfree,2
2025-03-24,innotox,innotox,1
2025-03-24,iope,iope,0
2025-03-24,jeuveau,jeuveau,0
2025-03-24,jevegel,jevegel,0
2025-03-24,jolse,jolse,0
2025-03-24,juvelook,juvelook,0
2025-03-24,laneige,laneige,0
2025-03-24,letybo,letybo,0
2025-03-24,madeca,madeca,0
2025-03-24,mamonde,mamonde,0
2025-03-24,manyo,manyo,1
2025-03-24,medicube,medicube,2
2025-03-24,merzy,merzy,0
2025-03-24,mighty patch,mighty patch,0
2025-03-24,mighty patch,mighty-patch,0
2025-03-24,mighty patch,mighty.patch,0
2025-03-24,mighty patch,mighty_patch,0
2025-03-24,mighty patch,mightypatch,0
2025-03-24,missha,missha,2
2025-03-24,mixoon,mixoon,0
2025-03-24,nabota,nabota,0
2025-03-24,newlux,newlux,0
2025-03-24,numbuzin,numbuzin,4
2025-03-24,ohui,ohui,0
2025-03-24,oligio,oligio,0
2025-03-24,olive young,olive young,3
2025-03-24,olive young,olive-young,0
2025-03-24,olive young,olive.young,0
2025-03-24,olive young,olive_young,0
2025-03-24,olive young,oliveyoung,0
2025-03-24,peripera,peripera,1
2025-03-24,potenza,potenza,0
2025-03-24,real barrier,real barrier,2
2025-03-24,real barrier,real-barrier,0
2025-03-24,real barrier,real.barrier,0
2025-03-24,real barrier,real_barrier,0
2025-03-24,real barrier,realbarrier,0
2025-03-24,reedle shot,reedle shot,0
2025-03-24,reedle shot,reedle-shot,0
2025-03-24,reedle shot,reedle.shot,0
2025-03-24,reedle shot,reedle_shot,0
2025-03-24,reedle shot,reedleshot,0
2025-03-24,rejuran,rejuran,2
2025-03-24,rentox,rentox,0
2025-03-24,rom&nd,rom&nd,1
2025-03-24,rom&nd,romnd,0
2025-03-24,round lab,round lab,6
2025-03-24,round lab,round-lab,0
2025-03-24,round lab,round.lab,0
2025-03-24,round lab,round_lab,0
2025-03-24,round lab,roundlab,0
2025-03-24,shurink,shurink,0
2025-03-24,skin1004,skin1004,3
2025-03-24,stylekorean,stylekorean,0
2025-03-24,stylevana,stylevana,3
2025-03-24,sulwhasoo,sulwhasoo,0
2025-03-24,sylfirm,sylfirm,0
2025-03-24,the whoo,the whoo,0
2025-03-24,the whoo,the-whoo,0
2025-03-24,the whoo,the.whoo,0
2025-03-24,the whoo,the_whoo,0
2025-03-24,the whoo,thewhoo,0
2025-03-24,tirtir,tirtir,1
2025-03-24,tonymoly,tonymoly,2
2025-03-24,torriden,torriden,1
2025-03-24,ultraformer,ultraformer,0
2025-03-24,volnewmer,volnewmer,0
2025-03-24,wellage,wellage,0
2025-03-24,yesstyle,yesstyle,6
2025-03-25,a'pieu,a'pieu,1
2025-03-25,a'pieu,a-pieu,0
2025-03-25,a'pieu,a.pieu,0
2025-03-25,a'pieu,a_pieu,0
2025-03-25,a'pieu,ap,3
2025-03-25,a'pieu,apieu,0
2025-03-25,acropass,acropass,0
2025-03-25,age-r,age-r,1
2025-03-25,age-r,age.r,0
2025-03-25,age-r,age_r,0
2025-03-25,age-r,ager,0
2025-03-25,anua,anua,2
2025-03-25,atopalm,atopalm,0
2025-03-25,bbia,bbia,0
2025-03-25,be the skin,be the skin,4
2025-03-25,be the skin,be-the-skin,0
2025-03-25,be the skin,be.the.skin,0
2025-03-25,be the skin,be_the_skin,0
2025-03-25,be the skin,betheskin,0
2025-03-25,beauty of joseon,beauty of joseon,3
2025-03-25,beauty of joseon,beauty-of-joseon,0
2025-03-25,beauty of joseon,beauty.of.joseon,0
2025-03-25,beauty of joseon,beauty_of_joseon,0
2025-03-25,beauty of joseon,beautyofjoseon,0
2025-03-25,belif,belif,0
2025-03-25,biodance,biodance,2
2025-03-25,boncept,boncept,0
2025-03-25,booster pro,booster pro,0
2025-03-25,booster pro,booster-pro,0
2025-03-25,booster pro,booster.pro,0
2025-03-25,booster pro,booster_pro,0
2025-03-25,booster pro,boosterpro,0
2025-03-25,botulax,botulax,1
2025-03-25,cell fusion c,cell fusion c,0
2025-03-25,cell fusion c,cell-fusion-c,0
2025-03-25,cell fusion c,cell.fusion.c,0
2025-03-25,cell fusion c,cell_fusion_c,0
2025-03-25,cell fusion c,cellfusionc,0
2025-03-25,centellian,centellian,0
2025-03-25,coolfase,coolfase,0
2025-03-25,cosrx,cosrx,6
2025-03-25,dalba,dalba,0
2025-03-25,goodal,goodal,0
2025-03-25,hi focus shot,hi focus shot,1
2025-03-25,hi focus shot,hi-focus-shot,0
2025-03-25,hi focus shot,hi.focus.shot,0
2025-03-25,hi focus shot,hi_focus_shot,0
2025-03-25,hi focus shot,hifocusshot,0
2025-03-25,history of whoo,history of whoo,0
2025-03-25,history of whoo,history-of-whoo,0
2025-03-25,history of whoo,history.of.whoo,0
2025-03-25,history of whoo,history_of_whoo,0
2025-03-25,history of whoo,historyofwhoo,0
2025-03-25,hwahae,hwahae,0
2025-03-25,innisfree,innisfree,1
2025-03-25,innotox,innotox,0
2025-03-25,iope,iope,0
2025-03-25,jeuveau,jeuveau,0
2025-03-25,jevegel,jevegel,0
2025-03-25,jolse,jolse,0
2025-03-25,juvelook,juvelook,1
2025-03-25,laneige,laneige,5
2025-03-25,letybo,letybo,0
2025-03-25,madeca,madeca,0
2025-03-25,mamonde,mamonde,0
2025-03-25,manyo,manyo,1
2025-03-25,medicube,medicube,3
2025-03-25,merzy,merzy,0
2025-03-25,mighty patch,mighty patch,1
2025-03-25,mighty patch,mighty-patch,0
2025-03-25,mighty patch,mighty.patch,0
2025-03-25,mighty patch,mighty_patch,0
2025-03-25,mighty patch,mightypatch,0
2025-03-25,missha,missha,1
2025-03-25,mixoon,mixoon,0
2025-03-25,nabota,nabota,0
2025-03-25,newlux,newlux,0
2025-03-25,numbuzin,numbuzin,3
2025-03-25,ohui,ohui,0
2025-03-25,oligio,oligio,0
2025-03-25,olive young,olive young,2
2025-03-25,olive young,olive-young,0
2025-03-25,olive young,olive.young,0
2025-03-25,olive young,olive_young,0
2025-03-25,olive young,oliveyoung,0
2025-03-25,peripera,peripera,1
2025-03-25,potenza,potenza,1
2025-03-25,real barrier,real barrier,1
2025-03-25,real barrier,real-barrier,0
2025-03-25,real barrier,real.barrier,0
2025-03-25,real barrier,real_barrier,0
2025-03-25,real barrier,realbarrier,0
2025-03-25,reedle shot,reedle shot,0
2025-03-25,reedle shot,reedle-shot,0
2025-03-25,reedle shot,reedle.shot,0
2025-03-25,reedle shot,reedle_shot,0
2025-03-25,reedle shot,reedleshot,0
2025-03-25,rejuran,rejuran,1
2025-03-25,rentox,rentox,0
2025-03-25,rom&nd,rom&nd,1
2025-03-25,rom&nd,romnd,0
2025-03-25,round lab,round lab,5
2025-03-25,round lab,round-lab,0
2025-03-25,round lab,round.lab,0
2025-03-25,round lab,round_lab,0
2025-03-25,round lab,roundlab,0
2025-03-25,shurink,shurink,0
2025-03-25,skin1004,skin1004,1
2025-03-25,stylekorean,stylekorean,0
2025-03-25,stylevana,stylevana,0
2025-03-25,sulwhasoo,sulwhasoo,1
2025-03-25,sylfirm,sylfirm,0
2025-03-25,the whoo,the whoo,0
2025-03-25,the whoo,the-whoo,0
2025-03-25,the whoo,the.whoo,0
2025-03-25,the whoo,the_whoo,0
2025-03-25,the whoo,thewhoo,0
2025-03-25,tirtir,tirtir,2
2025-03-25,tonymoly,tonymoly,0
2025-03-25,torriden,torriden,3
2025-03-25,ultraformer,ultraformer,0
2025-03-25,volnewmer,volnewmer,0
2025-03-25,wellage,wellage,0
2025-03-25,yesstyle,yesstyle,7
2025-03-26,a'pieu,a'pieu,0
2025-03-26,a'pieu,a-pieu,0
2025-03-26,a'pieu,a.pieu,0
2025-03-26,a'pieu,a_pieu,0
2025-03-26,a'pieu,ap,2
2025-03-26,a'pieu,apieu,0
2025-03-26,acropass,acropass,0
2025-03-26,age-r,age-r,2
2025-03-26,age-r,age.r,0
2025-03-26,age-r,age_r,0
2025-03-26,age-r,ager,0
2025-03-26,anua,anua,4
2025-03-26,atopalm,atopalm,0
2025-03-26,bbia,bbia,0
2025-03-26,be the skin,be the skin,3
2025-03-26,be the skin,be-the-skin,0
2025-03-26,be the skin,be.the.skin,0
2025-03-26,be the skin,be_the_skin,0
2025-03-26,be the skin,betheskin,0
2025-03-26,beauty of joseon,beauty of joseon,7
2025-03-26,beauty of joseon,beauty-of-joseon,0
2025-03-26,beauty of joseon,beauty.of.joseon,0
2025-03-26,beauty of joseon,beauty_of_joseon,0
2025-03-26,beauty of joseon,beautyofjoseon,0
2025-03-26,belif,belif,0
2025-03-26,biodance,biodance,2
2025-03-26,boncept,boncept,0
2025-03-26,booster pro,booster pro,0
2025-03-26,booster pro,booster-pro,0
2025-03-26,booster pro,booster.pro,0
2025-03-26,booster pro,booster_pro,0
2025-03-26,booster pro,boosterpro,0
2025-03-26,botulax,botulax,0
2025-03-26,cell fusion c,cell fusion c,0
2025-03-26,cell fusion c,cell-fusion-c,0
2025-03-26,cell fusion c,cell.fusion.c,0
2025-03-26,cell fusion c,cell_fusion_c,0
2025-03-26,cell fusion c,cellfusionc,0
2025-03-26,centellian,centellian,0
2025-03-26,coolfase,coolfase,0
2025-03-26,cosrx,cosrx,10
2025-03-26,dalba,dalba,0
2025-03-26,goodal,goodal,4
2025-03-26,hi focus shot,hi focus shot,2
2025-03-26,hi focus shot,hi-focus-shot,0
2025-03-26,hi focus shot,hi.focus.shot,0
2025-03-26,hi focus shot,hi_focus_shot,0
2025-03-26,hi focus shot,hifocusshot,0
2025-03-26,history of whoo,history of whoo,0
2025-03-26,history of whoo,history-of-whoo,0
2025-03-26,history of whoo,history.of.whoo,0
2025-03-26,history of whoo,history_of_whoo,0
2025-03-26,history of whoo,historyofwhoo,0
2025-03-26,hwahae,hwahae,0
2025-03-26,innisfree,innisfree,2
2025-03-26,innotox,innotox,1
2025-03-26,iope,iope,4
2025-03-26,jeuveau,jeuveau,0
2025-03-26,jevegel,jevegel,0
2025-03-26,jolse,jolse,0
2025-03-26,juvelook,juvelook,1
2025-03-26,laneige,laneige,1
2025-03-26,letybo,letybo,0
2025-03-26,madeca,madeca,0
2025-03-26,mamonde,mamonde,0
2025-03-26,manyo,manyo,0
2025-03-26,medicube,medicube,2
2025-03-26,merzy,merzy,0
2025-03-26,mighty patch,mighty patch,2
2025-03-26,mighty patch,mighty-patch,0
2025-03-26,mighty patch,mighty.patch,0
2025-03-26,mighty patch,mighty_patch,0
2025-03-26,mighty patch,mightypatch,0
2025-03-26,missha,missha,0
2025-03-26,mixoon,mixoon,0
2025-03-26,nabota,nabota,0
2025-03-26,newlux,newlux,0
2025-03-26,numbuzin,numbuzin,2
2025-03-26,ohui,ohui,0
2025-03-26,oligio,oligio,0
2025-03-26,olive young,olive young,3
2025-03-26,olive young,olive-young,0
2025-03-26,olive young,olive.young,0
2025-03-26,olive young,olive_young,0
2025-03-26,olive young,oliveyoung,0
2025-03-26,peripera,peripera,1
2025-03-26,potenza,potenza,1
2025-03-26,real barrier,real barrier,0
2025-03-26,real barrier,real-barrier,0
2025-03-26,real barrier,real.barrier,0
2025-03-26,real barrier,real_barrier,0
2025-03-26,real barrier,realbarrier,0
2025-03-26,reedle shot,reedle shot,1
2025-03-26,reedle shot,reedle-shot,0
2025-03-26,reedle shot,reedle.shot,0
2025-03-26,reedle shot,reedle_shot,0
2025-03-26,reedle shot,reedleshot,0
2025-03-26,rejuran,rejuran,2
2025-03-26,rentox,rentox,0
2025-03-26,rom&nd,rom&nd,1
2025-03-26,rom&nd,romnd,0
2025-03-26,round lab,round lab,6
2025-03-26,round lab,round-lab,0
2025-03-26,round lab,round.lab,0
2025-03-26,round lab,round_lab,0
2025-03-26,round lab,roundlab,0
2025-03-26,shurink,shurink,1
2025-03-26,skin1004,skin1004,4
2025-03-26,stylekorean,stylekorean,0
2025-03-26,stylevana,stylevana,0
2025-03-26,sulwhasoo,sulwhasoo,0
2025-03-26,sylfirm,sylfirm,0
2025-03-26,the whoo,the whoo,0
2025-03-26,the whoo,the-whoo,0
2025-03-26,the whoo,the.whoo,0
2025-03-26,the whoo,the_whoo,0
2025-03-26,the whoo,thewhoo,0
2025-03-26,tirtir,tirtir,3
2025-03-26,tonymoly,tonymoly,0
2025-03-26,torriden,torriden,8
2025-03-26,ultraformer,ultraformer,0
2025-03-26,volnewmer,volnewmer,0
2025-03-26,wellage,wellage,0
2025-03-26,yesstyle,yesstyle,3
2025-03-27,a'pieu,a'pieu,0
2025-03-27,a'pieu,a-pieu,0
2025-03-27,a'pieu,a.pieu,0
2025-03-27,a'pieu,a_pieu,0
2025-03-27,a'pieu,ap,3
2025-03-27,a'pieu,apieu,0
2025-03-27,acropass,acropass,0
2025-03-27,age-r,age-r,0
2025-03-27,age-r,age.r,0
2025-03-27,age-r,age_r,0
2025-03-27,age-r,ager,0
2025-03-27,anua,anua,3
2025-03-27,atopalm,atopalm,0
2025-03-27,bbia,bbia,1
2025-03-27,be the skin,be the skin,3
2025-03-27,be the skin,be-the-skin,0
2025-03-27,be the skin,be.the.skin,0
2025-03-27,be the skin,be_the_skin,0
2025-03-27,be the skin,betheskin,0
2025-03-27,beauty of joseon,beauty of joseon,3
2025-03-27,beauty of joseon,beauty-of-joseon,0
2025-03-27,beauty of joseon,beauty.of.joseon,0
2025-03-27,beauty of joseon,beauty_of_joseon,0
2025-03-27,beauty of joseon,beautyofjoseon,0
2025-03-27,belif,belif,0
2025-03-27,biodance,biodance,1
2025-03-27,boncept,boncept,0
2025-03-27,booster pro,booster pro,1
2025-03-27,booster pro,booster-pro,0
2025-03-27,booster pro,booster.pro,0
2025-03-27,booster pro,booster_pro,0
2025-03-27,booster pro,boosterpro,0
2025-03-27,botulax,botulax,1
2025-03-27,cell fusion c,cell fusion c,0
2025-03-27,cell fusion c,cell-fusion-c,0
2025-03-27,cell fusion c,cell.fusion.c,0
2025-03-27,cell fusion c,cell_fusion_c,0
2025-03-27,cell fusion c,cellfusionc,0
2025-03-27,centellian,centellian,0
2025-03-27,coolfase,coolfase,0
2025-03-27,cosrx,cosrx,2
2025-03-27,dalba,dalba,3
2025-03-27,goodal,goodal,0
2025-03-27,hi focus shot,hi focus shot,1
2025-03-27,hi focus shot,hi-focus-shot,0
2025-03-27,hi focus shot,hi.focus.shot,0
2025-03-27,hi focus shot,hi_focus_shot,0
2025-03-27,hi focus shot,hifocusshot,0
2025-03-27,history of whoo,history of whoo,0
2025-03-27,history of whoo,history-of-whoo,0
2025-03-27,history of whoo,history.of.whoo,0
2025-03-27,history of whoo,history_of_whoo,0
2025-03-27,history of whoo,historyofwhoo,0
2025-03-27,hwahae,hwahae,0
2025-03-27,innisfree,innisfree,0
2025-03-27,innotox,innotox,1
2025-03-27,iope,iope,0
2025-03-27,jeuveau,jeuveau,0
2025-03-27,jevegel,jevegel,0
2025-03-27,jolse,jolse,0
2025-03-27,juvelook,juvelook,0
2025-03-27,laneige,laneige,1
2025-03-27,letybo,letybo,0
2025-03-27,madeca,madeca,0
2025-03-27,mamonde,mamonde,0
2025-03-27,manyo,manyo,1
2025-03-27,medicube,medicube,3
2025-03-27,merzy,merzy,0
2025-03-27,mighty patch,mighty patch,1
2025-03-27,mighty patch,mighty-patch,0
2025-03-27,mighty patch,mighty.patch,0
2025-03-27,mighty patch,mighty_patch,0
2025-03-27,mighty patch,mightypatch,0
2025-03-27,missha,missha,3
2025-03-27,mixoon,mixoon,1
2025-03-27,nabota,nabota,1
2025-03-27,newlux,newlux,0
2025-03-27,numbuzin,numbuzin,2
2025-03-27,ohui,ohui,0
2025-03-27,oligio,oligio,0
2025-03-27,olive young,olive young,5
2025-03-27,olive young,olive-young,0
2025-03-27,olive young,olive.young,0
2025-03-27,olive young,olive_young,0
2025-03-27,olive young,oliveyoung,0
2025-03-27,peripera,peripera,1
2025-03-27,potenza,potenza,0
2025-03-27,real barrier,real barrier,0
2025-03-27,real barrier,real-barrier,0
2025-03-27,real barrier,real.barrier,0
2025-03-27,real barrier,real_barrier,0
2025-03-27,real barrier,realbarrier,0
2025-03-27,reedle shot,reedle shot,0
2025-03-27,reedle shot,reedle-shot,0
2025-03-27,reedle shot,reedle.shot,0
2025-03-27,reedle shot,reedle_shot,0
2025-03-27,reedle shot,reedleshot,0
2025-03-27,rejuran,rejuran,2
2025-03-27,rentox,rentox,1
2025-03-27,rom&nd,rom&nd,1
2025-03-27,rom&nd,romnd,0
2025-03-27,round lab,round lab,4
2025-03-27,round lab,round-lab,0
2025-03-27,round lab,round.lab,0
2025-03-27,round lab,round_lab,0
2025-03-27,round lab,roundlab,1
2025-03-27,shurink,shurink,0
2025-03-27,skin1004,skin1004,3
2025-03-27,stylekorean,stylekorean,0
2025-03-27,stylevana,stylevana,0
2025-03-27,sulwhasoo,sulwhasoo,0
2025-03-27,sylfirm,sylfirm,0
2025-03-27,the whoo,the whoo,0
2025-03-27,the whoo,the-whoo,0
2025-03-27,the whoo,the.whoo,0
2025-03-27,the whoo,the_whoo,0
2025-03-27,the whoo,thewhoo,0
2025-03-27,tirtir,tirtir,1
2025-03-27,tonymoly,tonymoly,0
2025-03-27,torriden,torriden,2
2025-03-27,ultraformer,ultraformer,0
2025-03-27,volnewmer,volnewmer,0
2025-03-27,wellage,wellage,0
2025-03-27,yesstyle,yesstyle,3
2025-03-28,a'pieu,a'pieu,0
2025-03-28,a'pieu,a-pieu,0
2025-03-28,a'pieu,a.pieu,0
2025-03-28,a'pieu,a_pieu,0
2025-03-28,a'pieu,ap,0
2025-03-28,a'pieu,apieu,0
2025-03-28,acropass,acropass,0
2025-03-28,age-r,age-r,0
2025-03-28,age-r,age.r,0
2025-03-28,age-r,age_r,0
2025-03-28,age-r,ager,0
2025-03-28,anua,anua,1
2025-03-28,atopalm,atopalm,0
2025-03-28,bbia,bbia,0
2025-03-28,be the skin,be the skin,7
2025-03-28,be the skin,be-the-skin,0
2025-03-28,be the skin,be.the.skin,0
2025-03-28,be the skin,be_the_skin,0
2025-03-28,be the skin,betheskin,0
2025-03-28,beauty of joseon,beauty of joseon,6
2025-03-28,beauty of joseon,beauty-of-joseon,0
2025-03-28,beauty of joseon,beauty.of.joseon,0
2025-03-28,beauty of joseon,beauty_of_joseon,0
2025-03-28,beauty of joseon,beautyofjoseon,0
2025-03-28,belif,belif,0
2025-03-28,biodance,biodance,0
2025-03-28,boncept,boncept,0
2025-03-28,booster pro,booster pro,1
2025-03-28,booster pro,booster-pro,0
2025-03-28,booster pro,booster.pro,0
2025-03-28,booster pro,booster_pro,0
2025-03-28,booster pro,boosterpro,0
2025-03-28,botulax,botulax,0
2025-03-28,cell fusion c,cell fusion c,0
2025-03-28,cell fusion c,cell-fusion-c,0
2025-03-28,cell fusion c,cell.fusion.c,0
2025-03-28,cell fusion c,cell_fusion_c,0
2025-03-28,cell fusion c,cellfusionc,0
2025-03-28,centellian,centellian,0
2025-03-28,coolfase,coolfase,0
2025-03-28,cosrx,cosrx,7
2025-03-28,dalba,dalba,0
2025-03-28,goodal,goodal,0
2025-03-28,hi focus shot,hi focus shot,0
2025-03-28,hi focus shot,hi-focus-shot,0
2025-03-28,hi focus shot,hi.focus.shot,0
2025-03-28,hi focus shot,hi_focus_shot,0
2025-03-28,hi focus shot,hifocusshot,0
2025-03-28,history of whoo,history of whoo,0
2025-03-28,history of whoo,history-of-whoo,0
2025-03-28,history of whoo,history.of.whoo,0
2025-03-28,history of whoo,history_of_whoo,0
2025-03-28,history of whoo,historyofwhoo,0
2025-03-28,hwahae,hwahae,0
2025-03-28,innisfree,innisfree,4
2025-03-28,innotox,innotox,1
2025-03-28,iope,iope,0
2025-03-28,jeuveau,jeuveau,0
2025-03-28,jevegel,jevegel,0
2025-03-28,jolse,jolse,0
2025-03-28,juvelook,juvelook,0
2025-03-28,laneige,laneige,3
2025-03-28,letybo,letybo,1
2025-03-28,madeca,madeca,0
2025-03-28,mamonde,mamonde,0
2025-03-28,manyo,manyo,4
2025-03-28,medicube,medicube,1
2025-03-28,merzy,merzy,0
2025-03-28,mighty patch,mighty patch,1
2025-03-28,mighty patch,mighty-patch,0
2025-03-28,mighty patch,mighty.patch,0
2025-03-28,mighty patch,mighty_patch,0
2025-03-28,mighty patch,mightypatch,0
2025-03-28,missha,missha,1
2025-03-28,mixoon,mixoon,0
2025-03-28,nabota,nabota,1
2025-03-28,newlux,newlux,0
2025-03-28,numbuzin,numbuzin,3
2025-03-28,ohui,ohui,0
2025-03-28,oligio,oligio,0
2025-03-28,olive young,olive young,5
2025-03-28,olive young,olive-young,0
2025-03-28,olive young,olive.young,0
2025-03-28,olive young,olive_young,0
2025-03-28,olive young,oliveyoung,1
2025-03-28,peripera,peripera,1
2025-03-28,potenza,potenza,0
2025-03-28,real barrier,real barrier,1
2025-03-28,real barrier,real-barrier,0
2025-03-28,real barrier,real.barrier,0
2025-03-28,real barrier,real_barrier,0
2025-03-28,real barrier,realbarrier,0
2025-03-28,reedle shot,reedle shot,1
2025-03-28,reedle shot,reedle-shot,0
2025-03-28,reedle shot,reedle.shot,0
2025-03-28,reedle shot,reedle_shot,0
2025-03-28,reedle shot,reedleshot,0
2025-03-28,rejuran,rejuran,5
2025-03-28,rentox,rentox,0
2025-03-28,rom&nd,rom&nd,3
2025-03-28,rom&nd,romnd,0
2025-03-28,round lab,round lab,6
2025-03-28,round lab,round-lab,0
2025-03-28,round lab,round.lab,0
2025-03-28,round lab,round_lab,0
2025-03-28,round lab,roundlab,0
2025-03-28,shurink,shurink,1
2025-03-28,skin1004,skin1004,7
2025-03-28,stylekorean,stylekorean,0
2025-03-28,stylevana,stylevana,1
2025-03-28,sulwhasoo,sulwhasoo,0
2025-03-28,sylfirm,sylfirm,0
2025-03-28,the whoo,the whoo,0
2025-03-28,the whoo,the-whoo,0
2025-03-28,the whoo,the.whoo,0
2025-03-28,the whoo,the_whoo,0
2025-03-28,the whoo,thewhoo,0
2025-03-28,tirtir,tirtir,0
2025-03-28,tonymoly,tonymoly,0
2025-03-28,torriden,torriden,1
2025-03-28,ultraformer,ultraformer,0
2025-03-28,volnewmer,volnewmer,0
2025-03-28,wellage,wellage,0
2025-03-28,yesstyle,yesstyle,3
2025-03-29,a'pieu,a'pieu,1
2025-03-29,a'pieu,a-pieu,0
2025-03-29,a'pieu,a.pieu,0
2025-03-29,a'pieu,a_pieu,0
2025-03-29,a'pieu,ap,2
2025-03-29,a'pieu,apieu,0
2025-03-29,acropass,acropass,0
2025-03-29,age-r,age-r,0
2025-03-29,age-r,age.r,0
2025-03-29,age-r,age_r,0
2025-03-29,age-r,ager,0
2025-03-29,anua,anua,4
2025-03-29,atopalm,atopalm,0
2025-03-29,bbia,bbia,0
2025-03-29,be the skin,be the skin,7
2025-03-29,be the skin,be-the-skin,0
2025-03-29,be the skin,be.the.skin,0
2025-03-29,be the skin,be_the_skin,0
2025-03-29,be the skin,betheskin,0
2025-03-29,beauty of joseon,beauty of joseon,6
2025-03-29,beauty of joseon,beauty-of-joseon,0
2025-03-29,beauty of joseon,beauty.of.joseon,0
2025-03-29,beauty of joseon,beauty_of_joseon,0
2025-03-29,beauty of joseon,beautyofjoseon,0
2025-03-29,belif,belif,0
2025-03-29,biodance,biodance,1
2025-03-29,boncept,boncept,0
2025-03-29,booster pro,booster pro,0
2025-03-29,booster pro,booster-pro,0
2025-03-29,booster pro,booster.pro,0
2025-03-29,booster pro,booster_pro,0
2025-03-29,booster pro,boosterpro,0
2025-03-29,botulax,botulax,0
2025-03-29,cell fusion c,cell fusion c,0
2025-03-29,cell fusion c,cell-fusion-c,0
2025-03-29,cell fusion c,cell.fusion.c,0
2025-03-29,cell fusion c,cell_fusion_c,0
2025-03-29,cell fusion c,cellfusionc,0
2025-03-29,centellian,centellian,0
2025-03-29,coolfase,coolfase,0
2025-03-29,cosrx,cosrx,6
2025-03-29,dalba,dalba,0
2025-03-29,goodal,goodal,0
2025-03-29,hi focus shot,hi focus shot,2
2025-03-29,hi focus shot,hi-focus-shot,0
2025-03-29,hi focus shot,hi.focus.shot,0
2025-03-29,hi focus shot,hi_focus_shot,0
2025-03-29,hi focus shot,hifocusshot,0
2025-03-29,history of whoo,history of whoo,0
2025-03-29,history of whoo,history-of-whoo,0
2025-03-29,history of whoo,history.of.whoo,0
2025-03-29,history of whoo,history_of_whoo,0
2025-03-29,history of whoo,historyofwhoo,0
2025-03-29,hwahae,hwahae,0
2025-03-29,innisfree,innisfree,2
2025-03-29,innotox,innotox,1
2025-03-29,iope,iope,0
2025-03-29,jeuveau,jeuveau,0
2025-03-29,jevegel,jevegel,0
2025-03-29,jolse,jolse,0
2025-03-29,juvelook,juvelook,0
2025-03-29,laneige,laneige,5
2025-03-29,letybo,letybo,0
2025-03-29,madeca,madeca,0
2025-03-29,mamonde,mamonde,0
2025-03-29,manyo,manyo,1
2025-03-29,medicube,medicube,2
2025-03-29,merzy,merzy,0
2025-03-29,mighty patch,mighty patch,0
2025-03-29,mighty patch,mighty-patch,0
2025-03-29,mighty patch,mighty.patch,0
2025-03-29,mighty patch,mighty_patch,0
2025-03-29,mighty patch,mightypatch,0
2025-03-29,missha,missha,2
2025-03-29,mixoon,mixoon,0
2025-03-29,nabota,nabota,1
2025-03-29,newlux,newlux,0
2025-03-29,numbuzin,numbuzin,1
2025-03-29,ohui,ohui,0
2025-03-29,oligio,oligio,0
2025-03-29,olive young,olive young,2
2025-03-29,olive young,olive-young,0
2025-03-29,olive young,olive.young,0
2025-03-29,olive young,olive_young,0
2025-03-29,olive young,oliveyoung,0
2025-03-29,peripera,peripera,2
2025-03-29,potenza,potenza,1
2025-03-29,real barrier,real barrier,0
2025-03-29,real barrier,real-barrier,0
2025-03-29,real barrier,real.barrier,0
2025-03-29,real barrier,real_barrier,0
2025-03-29,real barrier,realbarrier,0
2025-03-29,reedle shot,reedle shot,0
2025-03-29,reedle shot,reedle-shot,0
2025-03-29,reedle shot,reedle.shot,0
2025-03-29,reedle shot,reedle_shot,0
2025-03-29,reedle shot,reedleshot,0
2025-03-29,rejuran,rejuran,3
2025-03-29,rentox,rentox,0
2025-03-29,rom&nd,rom&nd,2
2025-03-29,rom&nd,romnd,1
2025-03-29,round lab,round lab,2
2025-03-29,round lab,round-lab,0
2025-03-29,round lab,round.lab,0
2025-03-29,round lab,round_lab,0
2025-03-29,round lab,roundlab,0
2025-03-29,shurink,shurink,1
2025-03-29,skin1004,skin1004,2
2025-03-29,stylekorean,stylekorean,0
2025-03-29,stylevana,stylevana,0
2025-03-29,sulwhasoo,sulwhasoo,0
2025-03-29,sylfirm,sylfirm,0
2025-03-29,the whoo,the whoo,0
2025-03-29,the whoo,the-whoo,0
2025-03-29,the whoo,the.whoo,0
2025-03-29,the whoo,the_whoo,0
2025-03-29,the whoo,thewhoo,0
2025-03-29,tirtir,tirtir,3
2025-03-29,tonymoly,tonymoly,2
2025-03-29,torriden,torriden,3
2025-03-29,ultraformer,ultraformer,0
2025-03-29,volnewmer,volnewmer,0
2025-03-29,wellage,wellage,0
2025-03-29,yesstyle,yesstyle,2
2025-03-30,a'pieu,a'pieu,0
2025-03-30,a'pieu,a-pieu,0
2025-03-30,a'pieu,a.pieu,0
2025-03-30,a'pieu,a_pieu,0
2025-03-30,a'pieu,ap,2
2025-03-30,a'pieu,apieu,0
2025-03-30,acropass,acropass,0
2025-03-30,age-r,age-r,1
2025-03-30,age-r,age.r,0
2025-03-30,age-r,age_r,0
2025-03-30,age-r,ager,0
2025-03-30,anua,anua,3
2025-03-30,atopalm,atopalm,0
2025-03-30,bbia,bbia,0
2025-03-30,be the skin,be the skin,9
2025-03-30,be the skin,be-the-skin,0
2025-03-30,be the skin,be.the.skin,0
2025-03-30,be the skin,be_the_skin,0
2025-03-30,be the skin,betheskin,0
2025-03-30,beauty of joseon,beauty of joseon,2
2025-03-30,beauty of joseon,beauty-of-joseon,0
2025-03-30,beauty of joseon,beauty.of.joseon,0
2025-03-30,beauty of joseon,beauty_of_joseon,0
2025-03-30,beauty of joseon,beautyofjoseon,0
2025-03-30,belif,belif,0
2025-03-30,biodance,biodance,0
2025-03-30,boncept,boncept,0
2025-03-30,booster pro,booster pro,0
2025-03-30,booster pro,booster-pro,0
2025-03-30,booster pro,booster.pro,0
2025-03-30,booster pro,booster_pro,0
2025-03-30,booster pro,boosterpro,0
2025-03-30,botulax,botulax,0
2025-03-30,cell fusion c,cell fusion c,1
2025-03-30,cell fusion c,cell-fusion-c,0
2025-03-30,cell fusion c,cell.fusion.c,0
2025-03-30,cell fusion c,cell_fusion_c,0
2025-03-30,cell fusion c,cellfusionc,0
2025-03-30,centellian,centellian,0
2025-03-30,coolfase,coolfase,0
2025-03-30,cosrx,cosrx,11
2025-03-30,dalba,dalba,0
2025-03-30,goodal,goodal,0
2025-03-30,hi focus shot,hi focus shot,2
2025-03-30,hi focus shot,hi-focus-shot,0
2025-03-30,hi focus shot,hi.focus.shot,0
2025-03-30,hi focus shot,hi_focus_shot,0
2025-03-30,hi focus shot,hifocusshot,0
2025-03-30,history of whoo,history of whoo,0
2025-03-30,history of whoo,history-of-whoo,0
2025-03-30,history of whoo,history.of.whoo,0
2025-03-30,history of whoo,history_of_whoo,0
2025-03-30,history of whoo,historyofwhoo,0
2025-03-30,hwahae,hwahae,0
2025-03-30,innisfree,innisfree,1
2025-03-30,innotox,innotox,0
2025-03-30,iope,iope,0
2025-03-30,jeuveau,jeuveau,0
2025-03-30,jevegel,jevegel,0
2025-03-30,jolse,jolse,0
2025-03-30,juvelook,juvelook,0
2025-03-30,laneige,laneige,4
2025-03-30,letybo,letybo,0
2025-03-30,madeca,madeca,0
2025-03-30,mamonde,mamonde,0
2025-03-30,manyo,manyo,0
2025-03-30,medicube,medicube,3
2025-03-30,merzy,merzy,0
2025-03-30,mighty patch,mighty patch,2
2025-03-30,mighty patch,mighty-patch,0
2025-03-30,mighty patch,mighty.patch,0
2025-03-30,mighty patch,mighty_patch,0
2025-03-30,mighty patch,mightypatch,0
2025-03-30,missha,missha,4
2025-03-30,mixoon,mixoon,0
2025-03-30,nabota,nabota,1
2025-03-30,newlux,newlux,0
2025-03-30,numbuzin,numbuzin,0
2025-03-30,ohui,ohui,0
2025-03-30,oligio,oligio,0
2025-03-30,olive young,olive young,0
2025-03-30,olive young,olive-young,0
2025-03-30,olive young,olive.young,0
2025-03-30,olive young,olive_young,0
2025-03-30,olive young,oliveyoung,0
2025-03-30,peripera,peripera,1
2025-03-30,potenza,potenza,0
2025-03-30,real barrier,real barrier,0
2025-03-30,real barrier,real-barrier,0
2025-03-30,real barrier,real.barrier,0
2025-03-30,real barrier,real_barrier,0
2025-03-30,real barrier,realbarrier,0
2025-03-30,reedle shot,reedle shot,1
2025-03-30,reedle shot,reedle-shot,0
2025-03-30,reedle shot,reedle.shot,0
2025-03-30,reedle shot,reedle_shot,0
2025-03-30,reedle shot,reedleshot,0
2025-03-30,rejuran,rejuran,1
2025-03-30,rentox,rentox,0
2025-03-30,rom&nd,rom&nd,1
2025-03-30,rom&nd,romnd,0
2025-03-30,round lab,round lab,1
2025-03-30,round lab,round-lab,0
2025-03-30,round lab,round.lab,0
2025-03-30,round lab,round_lab,0
2025-03-30,round lab,roundlab,3
2025-03-30,shurink,shurink,0
2025-03-30,skin1004,skin1004,1
2025-03-30,stylekorean,stylekorean,0
2025-03-30,stylevana,stylevana,1
2025-03-30,sulwhasoo,sulwhasoo,0
2025-03-30,sylfirm,sylfirm,0
2025-03-30,the whoo,the whoo,0
2025-03-30,the whoo,the-whoo,0
2025-03-30,the whoo,the.whoo,0
2025-03-30,the whoo,the_whoo,0
2025-03-30,the whoo,thewhoo,0
2025-03-30,tirtir,tirtir,1
2025-03-30,tonymoly,tonymoly,2
2025-03-30,torriden,torriden,2
2025-03-30,ultraformer,ultraformer,0
2025-03-30,volnewmer,volnewmer,0
2025-03-30,wellage,wellage,0
2025-03-30,yesstyle,yesstyle,0
2025-03-31,a'pieu,a'pieu,0
2025-03-31,a'pieu,a-pieu,0
2025-03-31,a'pieu,a.pieu,0
2025-03-31,a'pieu,a_pieu,0
2025-03-31,a'pieu,ap,3
2025-03-31,a'pieu,apieu,0
2025-03-31,acropass,acropass,0
2025-03-31,age-r,age-r,2
2025-03-31,age-r,age.r,0
2025-03-31,age-r,age_r,0
2025-03-31,age-r,ager,0
2025-03-31,anua,anua,2
2025-03-31,atopalm,atopalm,0
2025-03-31,bbia,bbia,1
2025-03-31,be the skin,be the skin,4
2025-03-31,be the skin,be-the-skin,0
2025-03-31,be the skin,be.the.skin,0
2025-03-31,be the skin,be_the_skin,0
2025-03-31,be the skin,betheskin,0
2025-03-31,beauty of joseon,beauty of joseon,2
2025-03-31,beauty of joseon,beauty-of-joseon,0
2025-03-31,beauty of joseon,beauty.of.joseon,0
2025-03-31,beauty of joseon,beauty_of_joseon,0
2025-03-31,beauty of joseon,beautyofjoseon,0
2025-03-31,belif,belif,0
2025-03-31,biodance,biodance,1
2025-03-31,boncept,boncept,0
2025-03-31,booster pro,booster pro,1
2025-03-31,booster pro,booster-pro,0
2025-03-31,booster pro,booster.pro,0
2025-03-31,booster pro,booster_pro,0
2025-03-31,booster pro,boosterpro,0
2025-03-31,botulax,botulax,0
2025-03-31,cell fusion c,cell fusion c,0
2025-03-31,cell fusion c,cell-fusion-c,0
2025-03-31,cell fusion c,cell.fusion.c,0
2025-03-31,cell fusion c,cell_fusion_c,0
2025-03-31,cell fusion c,cellfusionc,0
2025-03-31,centellian,centellian,0
2025-03-31,coolfase,coolfase,0
2025-03-31,cosrx,cosrx,5
2025-03-31,dalba,dalba,0
2025-03-31,goodal,goodal,0
2025-03-31,hi focus shot,hi focus shot,1
2025-03-31,hi focus shot,hi-focus-shot,0
2025-03-31,hi focus shot,hi.focus.shot,0
2025-03-31,hi focus shot,hi_focus_shot,0
2025-03-31,hi focus shot,hifocusshot,0
2025-03-31,history of whoo,history of whoo,0
2025-03-31,history of whoo,history-of-whoo,0
2025-03-31,history of whoo,history.of.whoo,0
2025-03-31,history of whoo,history_of_whoo,0
2025-03-31,history of whoo,historyofwhoo,0
2025-03-31,hwahae,hwahae,0
2025-03-31,innisfree,innisfree,4
2025-03-31,innotox,innotox,0
2025-03-31,iope,iope,0
2025-03-31,jeuveau,jeuveau,1
2025-03-31,jevegel,jevegel,0
2025-03-31,jolse,jolse,0
2025-03-31,juvelook,juvelook,0
2025-03-31,laneige,laneige,1
2025-03-31,letybo,letybo,0
2025-03-31,madeca,madeca,0
2025-03-31,mamonde,mamonde,0
2025-03-31,manyo,manyo,3
2025-03-31,medicube,medicube,4
2025-03-31,merzy,merzy,0
2025-03-31,mighty patch,mighty patch,1
2025-03-31,mighty patch,mighty-patch,0
2025-03-31,mighty patch,mighty.patch,0
2025-03-31,mighty patch,mighty_patch,0
2025-03-31,mighty patch,mightypatch,0
2025-03-31,missha,missha,2
2025-03-31,mixoon,mixoon,0
2025-03-31,nabota,nabota,0
2025-03-31,newlux,newlux,0
2025-03-31,numbuzin,numbuzin,1
2025-03-31,ohui,ohui,0
2025-03-31,oligio,oligio,0
2025-03-31,olive young,olive young,1
2025-03-31,olive young,olive-young,0
2025-03-31,olive young,olive.young,0
2025-03-31,olive young,olive_young,0
2025-03-31,olive young,oliveyoung,0
2025-03-31,peripera,peripera,1
2025-03-31,potenza,potenza,0
2025-03-31,real barrier,real barrier,0
2025-03-31,real barrier,real-barrier,0
2025-03-31,real barrier,real.barrier,0
2025-03-31,real barrier,real_barrier,0
2025-03-31,real barrier,realbarrier,0
2025-03-31,reedle shot,reedle shot,1
2025-03-31,reedle shot,reedle-shot,0
2025-03-31,reedle shot,reedle.shot,0
2025-03-31,reedle shot,reedle_shot,0
2025-03-31,reedle shot,reedleshot,0
2025-03-31,rejuran,rejuran,2
2025-03-31,rentox,rentox,1
2025-03-31,rom&nd,rom&nd,2
2025-03-31,rom&nd,romnd,0
2025-03-31,round lab,round lab,3
2025-03-31,round lab,round-lab,0
2025-03-31,round lab,round.lab,0
2025-03-31,round lab,round_lab,0
2025-03-31,round lab,roundlab,0
2025-03-31,shurink,shurink,0
2025-03-31,skin1004,skin1004,1
2025-03-31,stylekorean,stylekorean,0
2025-03-31,stylevana,stylevana,0
2025-03-31,sulwhasoo,sulwhasoo,0
2025-03-31,sylfirm,sylfirm,0
2025-03-31,the whoo,the whoo,0
2025-03-31,the whoo,the-whoo,0
2025-03-31,the whoo,the.whoo,0
2025-03-31,the whoo,the_whoo,0
2025-03-31,the whoo,thewhoo,0
2025-03-31,tirtir,tirtir,2
2025-03-31,tonymoly,tonymoly,0
2025-03-31,torriden,torriden,0
2025-03-31,ultraformer,ultraformer,0
2025-03-31,volnewmer,volnewmer,0
2025-03-31,wellage,wellage,0
2025-03-31,yesstyle,yesstyle,1
2025-04-01,a'pieu,a'pieu,0
2025-04-01,a'pieu,a-pieu,0
2025-04-01,a'pieu,a.pieu,0
2025-04-01,a'pieu,a_pieu,0
2025-04-01,a'pieu,ap,1
2025-04-01,a'pieu,apieu,0
2025-04-01,acropass,acropass,0
2025-04-01,age-r,age-r,2
2025-04-01,age-r,age.r,0
2025-04-01,age-r,age_r,0
2025-04-01,age-r,ager,0
2025-04-01,anua,anua,4
2025-04-01,atopalm,atopalm,0
2025-04-01,bbia,bbia,0
2025-04-01,be the skin,be the skin,5
2025-04-01,be the skin,be-the-skin,0
2025-04-01,be the skin,be.the.skin,0
2025-04-01,be the skin,be_the_skin,0
2025-04-01,be the skin,betheskin,0
2025-04-01,beauty of joseon,beauty of joseon,2
2025-04-01,beauty of joseon,beauty-of-joseon,0
2025-04-01,beauty of joseon,beauty.of.joseon,0
2025-04-01,beauty of joseon,beauty_of_joseon,0
2025-04-01,beauty of joseon,beautyofjoseon,0
2025-04-01,belif,belif,0
2025-04-01,biodance,biodance,2
2025-04-01,boncept,boncept,0
2025-04-01,booster pro,booster pro,1
2025-04-01,booster pro,booster-pro,0
2025-04-01,booster pro,booster.pro,0
2025-04-01,booster pro,booster_pro,0
2025-04-01,booster pro,boosterpro,0
2025-04-01,botulax,botulax,0
2025-04-01,cell fusion c,cell fusion c,0
2025-04-01,cell fusion c,cell-fusion-c,0
2025-04-01,cell fusion c,cell.fusion.c,0
2025-04-01,cell fusion c,cell_fusion_c,0
2025-04-01,cell fusion c,cellfusionc,0
2025-04-01,centellian,centellian,0
2025-04-01,coolfase,coolfase,0
2025-04-01,cosrx,cosrx,4
2025-04-01,dalba,dalba,0
2025-04-01,goodal,goodal,0
2025-04-01,hi focus shot,hi focus shot,1
2025-04-01,hi focus shot,hi-focus-shot,0
2025-04-01,hi focus shot,hi.focus.shot,0
2025-04-01,hi focus shot,hi_focus_shot,0
2025-04-01,hi focus shot,hifocusshot,0
2025-04-01,history of whoo,history of whoo,0
2025-04-01,history of whoo,history-of-whoo,0
2025-04-01,history of whoo,history.of.whoo,0
2025-04-01,history of whoo,history_of_whoo,0
2025-04-01,history of whoo,historyofwhoo,0
2025-04-01,hwahae,hwahae,0
2025-04-01,innisfree,innisfree,2
2025-04-01,innotox,innotox,1
2025-04-01,iope,iope,0
2025-04-01,jeuveau,jeuveau,0
2025-04-01,jevegel,jevegel,0
2025-04-01,jolse,jolse,0
2025-04-01,juvelook,juvelook,0
2025-04-01,laneige,laneige,3
2025-04-01,letybo,letybo,0
2025-04-01,madeca,madeca,0
2025-04-01,mamonde,mamonde,0
2025-04-01,manyo,manyo,0
2025-04-01,medicube,medicube,5
2025-04-01,merzy,merzy,0
2025-04-01,mighty patch,mighty patch,0
2025-04-01,mighty patch,mighty-patch,0
2025-04-01,mighty patch,mighty.patch,0
2025-04-01,mighty patch,mighty_patch,0
2025-04-01,mighty patch,mightypatch,0
2025-04-01,missha,missha,1
2025-04-01,mixoon,mixoon,0
2025-04-01,nabota,nabota,0
2025-04-01,newlux,newlux,0
2025-04-01,numbuzin,numbuzin,1
2025-04-01,ohui,ohui,0
2025-04-01,oligio,oligio,0
2025-04-01,olive young,olive young,1
2025-04-01,olive young,olive-young,0
2025-04-01,olive young,olive.young,0
2025-04-01,olive young,olive_young,0
2025-04-01,olive young,oliveyoung,0
2025-04-01,peripera,peripera,1
2025-04-01,potenza,potenza,0
2025-04-01,real barrier,real barrier,1
2025-04-01,real barrier,real-barrier,0
2025-04-01,real barrier,real.barrier,0
2025-04-01,real barrier,real_barrier,0
2025-04-01,real barrier,realbarrier,0
2025-04-01,reedle shot,reedle shot,1
2025-04-01,reedle shot,reedle-shot,0
2025-04-01,reedle shot,reedle.shot,0
2025-04-01,reedle shot,reedle_shot,0
2025-04-01,reedle shot,reedleshot,0
2025-04-01,rejuran,rejuran,0
2025-04-01,rentox,rentox,0
2025-04-01,rom&nd,rom&nd,1
2025-04-01,rom&nd,romnd,0
2025-04-01,round lab,round lab,2
2025-04-01,round lab,round-lab,0
2025-04-01,round lab,round.lab,0
2025-04-01,round lab,round_lab,0
2025-04-01,round lab,roundlab,0
2025-04-01,shurink,shurink,0
2025-04-01,skin1004,skin1004,3
2025-04-01,stylekorean,stylekorean,0
2025-04-01,stylevana,stylevana,1
2025-04-01,sulwhasoo,sulwhasoo,2
2025-04-01,sylfirm,sylfirm,0
2025-04-01,the whoo,the whoo,0
2025-04-01,the whoo,the-whoo,0
2025-04-01,the whoo,the.whoo,0
2025-04-01,the whoo,the_whoo,0
2025-04-01,the whoo,thewhoo,0
2025-04-01,tirtir,tirtir,0
2025-04-01,tonymoly,tonymoly,1
2025-04-01,torriden,torriden,4
2025-04-01,ultraformer,ultraformer,0
2025-04-01,volnewmer,volnewmer,0
2025-04-01,wellage,wellage,0
2025-04-01,yesstyle,yesstyle,5
2025-04-02,a'pieu,a'pieu,0
2025-04-02,a'pieu,a-pieu,0
2025-04-02,a'pieu,a.pieu,0
2025-04-02,a'pieu,a_pieu,0
2025-04-02,a'pieu,ap,0
2025-04-02,a'pieu,apieu,0
2025-04-02,acropass,acropass,0
2025-04-02,age-r,age-r,1
2025-04-02,age-r,age.r,0
2025-04-02,age-r,age_r,0
2025-04-02,age-r,ager,0
2025-04-02,anua,anua,3
2025-04-02,atopalm,atopalm,0
2025-04-02,bbia,bbia,0
2025-04-02,be the skin,be the skin,5
2025-04-02,be the skin,be-the-skin,0
2025-04-02,be the skin,be.the.skin,0
2025-04-02,be the skin,be_the_skin,0
2025-04-02,be the skin,betheskin,0
2025-04-02,beauty of joseon,beauty of joseon,3
2025-04-02,beauty of joseon,beauty-of-joseon,0
2025-04-02,beauty of joseon,beauty.of.joseon,0
2025-04-02,beauty of joseon,beauty_of_joseon,0
2025-04-02,beauty of joseon,beautyofjoseon,0
2025-04-02,belif,belif,0
2025-04-02,biodance,biodance,1
2025-04-02,boncept,boncept,0
2025-04-02,booster pro,booster pro,1
2025-04-02,booster pro,booster-pro,0
2025-04-02,booster pro,booster.pro,0
2025-04-02,booster pro,booster_pro,0
2025-04-02,booster pro,boosterpro,0
2025-04-02,botulax,botulax,0
2025-04-02,cell fusion c,cell fusion c,1
2025-04-02,cell fusion c,cell-fusion-c,0
2025-04-02,cell fusion c,cell.fusion.c,0
2025-04-02,cell fusion c,cell_fusion_c,0
2025-04-02,cell fusion c,cellfusionc,0
2025-04-02,centellian,centellian,0
2025-04-02,coolfase,coolfase,0
2025-04-02,cosrx,cosrx,6
2025-04-02,dalba,dalba,1
2025-04-02,goodal,goodal,2
2025-04-02,hi focus shot,hi focus shot,3
2025-04-02,hi focus shot,hi-focus-shot,0
2025-04-02,hi focus shot,hi.focus.shot,0
2025-04-02,hi focus shot,hi_focus_shot,0
2025-04-02,hi focus shot,hifocusshot,0
2025-04-02,history of whoo,history of whoo,0
2025-04-02,history of whoo,history-of-whoo,0
2025-04-02,history of whoo,history.of.whoo,0
2025-04-02,history of whoo,history_of_whoo,0
2025-04-02,history of whoo,historyofwhoo,0
2025-04-02,hwahae,hwahae,0
2025-04-02,innisfree,innisfree,2
2025-04-02,innotox,innotox,1
2025-04-02,iope,iope,0
2025-04-02,jeuveau,jeuveau,0
2025-04-02,jevegel,jevegel,0
2025-04-02,jolse,jolse,1
2025-04-02,juvelook,juvelook,0
2025-04-02,laneige,laneige,2
2025-04-02,letybo,letybo,0
2025-04-02,madeca,madeca,1
2025-04-02,mamonde,mamonde,0
2025-04-02,manyo,manyo,2
2025-04-02,medicube,medicube,7
2025-04-02,merzy,merzy,0
2025-04-02,mighty patch,mighty patch,1
2025-04-02,mighty patch,mighty-patch,0
2025-04-02,mighty patch,mighty.patch,0
2025-04-02,mighty patch,mighty_patch,0
2025-04-02,mighty patch,mightypatch,0
2025-04-02,missha,missha,0
2025-04-02,mixoon,mixoon,0
2025-04-02,nabota,nabota,0
2025-04-02,newlux,newlux,0
2025-04-02,numbuzin,numbuzin,4
2025-04-02,ohui,ohui,0
2025-04-02,oligio,oligio,0
2025-04-02,olive young,olive young,3
2025-04-02,olive young,olive-young,0
2025-04-02,olive young,olive.young,0
2025-04-02,olive young,olive_young,0
2025-04-02,olive young,oliveyoung,0
2025-04-02,peripera,peripera,1
2025-04-02,potenza,potenza,0
2025-04-02,real barrier,real barrier,0
2025-04-02,real barrier,real-barrier,0
2025-04-02,real barrier,real.barrier,0
2025-04-02,real barrier,real_barrier,0
2025-04-02,real barrier,realbarrier,0
2025-04-02,reedle shot,reedle shot,4
2025-04-02,reedle shot,reedle-shot,0
2025-04-02,reedle shot,reedle.shot,0
2025-04-02,reedle shot,reedle_shot,0
2025-04-02,reedle shot,reedleshot,0
2025-04-02,rejuran,rejuran,2
2025-04-02,rentox,rentox,0
2025-04-02,rom&nd,rom&nd,1
2025-04-02,rom&nd,romnd,1
2025-04-02,round lab,round lab,2
2025-04-02,round lab,round-lab,0
2025-04-02,round lab,round.lab,0
2025-04-02,round lab,round_lab,0
2025-04-02,round lab,roundlab,3
2025-04-02,shurink,shurink,0
2025-04-02,skin1004,skin1004,1
2025-04-02,stylekorean,stylekorean,0
2025-04-02,stylevana,stylevana,2
2025-04-02,sulwhasoo,sulwhasoo,0
2025-04-02,sylfirm,sylfirm,0
2025-04-02,the whoo,the whoo,0
2025-04-02,the whoo,the-whoo,0
2025-04-02,the whoo,the.whoo,0
2025-04-02,the whoo,the_whoo,0
2025-04-02,the whoo,thewhoo,0
2025-04-02,tirtir,tirtir,4
2025-04-02,tonymoly,tonymoly,0
2025-04-02,torriden,torriden,0
2025-04-02,ultraformer,ultraformer,0
2025-04-02,volnewmer,volnewmer,0
2025-04-02,wellage,wellage,0
2025-04-02,yesstyle,yesstyle,1
2025-04-03,a'pieu,a'pieu,0
2025-04-03,a'pieu,a-pieu,0
2025-04-03,a'pieu,a.pieu,0
2025-04-03,a'pieu,a_pieu,0
2025-04-03,a'pieu,ap,0
2025-04-03,a'pieu,apieu,0
2025-04-03,acropass,acropass,0
2025-04-03,age-r,age-r,4
2025-04-03,age-r,age.r,0
2025-04-03,age-r,age_r,0
2025-04-03,age-r,ager,0
2025-04-03,anua,anua,2
2025-04-03,atopalm,atopalm,0
2025-04-03,bbia,bbia,1
2025-04-03,be the skin,be the skin,5
2025-04-03,be the skin,be-the-skin,0
2025-04-03,be the skin,be.the.skin,0
2025-04-03,be the skin,be_the_skin,0
2025-04-03,be the skin,betheskin,0
2025-04-03,beauty of joseon,beauty of joseon,5
2025-04-03,beauty of joseon,beauty-of-joseon,0
2025-04-03,beauty of joseon,beauty.of.joseon,0
2025-04-03,beauty of joseon,beauty_of_joseon,0
2025-04-03,beauty of joseon,beautyofjoseon,0
2025-04-03,belif,belif,0
2025-04-03,biodance,biodance,0
2025-04-03,boncept,boncept,0
2025-04-03,booster pro,booster pro,2
2025-04-03,booster pro,booster-pro,0
2025-04-03,booster pro,booster.pro,0
2025-04-03,booster pro,booster_pro,0
2025-04-03,booster pro,boosterpro,0
2025-04-03,botulax,botulax,0
2025-04-03,cell fusion c,cell fusion c,2
2025-04-03,cell fusion c,cell-fusion-c,0
2025-04-03,cell fusion c,cell.fusion.c,0
2025-04-03,cell fusion c,cell_fusion_c,0
2025-04-03,cell fusion c,cellfusionc,0
2025-04-03,centellian,centellian,0
2025-04-03,coolfase,coolfase,0
2025-04-03,cosrx,cosrx,2
2025-04-03,dalba,dalba,1
2025-04-03,goodal,goodal,0
2025-04-03,hi focus shot,hi focus shot,3
2025-04-03,hi focus shot,hi-focus-shot,0
2025-04-03,hi focus shot,hi.focus.shot,0
2025-04-03,hi focus shot,hi_focus_shot,0
2025-04-03,hi focus shot,hifocusshot,0
2025-04-03,history of whoo,history of whoo,0
2025-04-03,history of whoo,history-of-whoo,0
2025-04-03,history of whoo,history.of.whoo,0
2025-04-03,history of whoo,history_of_whoo,0
2025-04-03,history of whoo,historyofwhoo,0
2025-04-03,hwahae,hwahae,0
2025-04-03,innisfree,innisfree,3
2025-04-03,innotox,innotox,5
2025-04-03,iope,iope,0
2025-04-03,jeuveau,jeuveau,0
2025-04-03,jevegel,jevegel,0
2025-04-03,jolse,jolse,0
2025-04-03,juvelook,juvelook,0
2025-04-03,laneige,laneige,3
2025-04-03,letybo,letybo,0
2025-04-03,madeca,madeca,0
2025-04-03,mamonde,mamonde,0
2025-04-03,manyo,manyo,1
2025-04-03,medicube,medicube,4
2025-04-03,merzy,merzy,0
2025-04-03,mighty patch,mighty patch,0
2025-04-03,mighty patch,mighty-patch,0
2025-04-03,mighty patch,mighty.patch,0
2025-04-03,mighty patch,mighty_patch,0
2025-04-03,mighty patch,mightypatch,0
2025-04-03,missha,missha,2
2025-04-03,mixoon,mixoon,0
2025-04-03,nabota,nabota,0
2025-04-03,newlux,newlux,0
2025-04-03,numbuzin,numbuzin,3
2025-04-03,ohui,ohui,0
2025-04-03,oligio,oligio,0
2025-04-03,olive young,olive young,2
2025-04-03,olive young,olive-young,0
2025-04-03,olive young,olive.young,0
2025-04-03,olive young,olive_young,0
2025-04-03,olive young,oliveyoung,0
2025-04-03,peripera,peripera,1
2025-04-03,potenza,potenza,0
2025-04-03,real barrier,real barrier,0
2025-04-03,real barrier,real-barrier,0
2025-04-03,real barrier,real.barrier,0
2025-04-03,real barrier,real_barrier,0
2025-04-03,real barrier,realbarrier,0
2025-04-03,reedle shot,reedle shot,1
2025-04-03,reedle shot,reedle-shot,0
2025-04-03,reedle shot,reedle.shot,0
2025-04-03,reedle shot,reedle_shot,0
2025-04-03,reedle shot,reedleshot,0
2025-04-03,rejuran,rejuran,0
2025-04-03,rentox,rentox,0
2025-04-03,rom&nd,rom&nd,1
2025-04-03,rom&nd,romnd,0
2025-04-03,round lab,round lab,2
2025-04-03,round lab,round-lab,0
2025-04-03,round lab,round.lab,0
2025-04-03,round lab,round_lab,0
2025-04-03,round lab,roundlab,0
2025-04-03,shurink,shurink,0
2025-04-03,skin1004,skin1004,5
2025-04-03,stylekorean,stylekorean,1
2025-04-03,stylevana,stylevana,3
2025-04-03,sulwhasoo,sulwhasoo,0
2025-04-03,sylfirm,sylfirm,2
2025-04-03,the whoo,the whoo,0
2025-04-03,the whoo,the-whoo,0
2025-04-03,the whoo,the.whoo,0
2025-04-03,the whoo,the_whoo,0
2025-04-03,the whoo,thewhoo,0
2025-04-03,tirtir,tirtir,1
2025-04-03,tonymoly,tonymoly,1
2025-04-03,torriden,torriden,2
2025-04-03,ultraformer,ultraformer,0
2025-04-03,volnewmer,volnewmer,0
2025-04-03,wellage,wellage,0
2025-04-03,yesstyle,yesstyle,3
2025-04-04,a'pieu,a'pieu,0
2025-04-04,a'pieu,a-pieu,0
2025-04-04,a'pieu,a.pieu,0
2025-04-04,a'pieu,a_pieu,0
2025-04-04,a'pieu,ap,2
2025-04-04,a'pieu,apieu,0
2025-04-04,acropass,acropass,0
2025-04-04,age-r,age-r,1
2025-04-04,age-r,age.r,0
2025-04-04,age-r,age_r,0
2025-04-04,age-r,ager,0
2025-04-04,anua,anua,2
2025-04-04,atopalm,atopalm,0
2025-04-04,bbia,bbia,1
2025-04-04,be the skin,be the skin,8
2025-04-04,be the skin,be-the-skin,0
2025-04-04,be the skin,be.the.skin,0
2025-04-04,be the skin,be_the_skin,0
2025-04-04,be the skin,betheskin,0
2025-04-04,beauty of joseon,beauty of joseon,3
2025-04-04,beauty of joseon,beauty-of-joseon,0
2025-04-04,beauty of joseon,beauty.of.joseon,0
2025-04-04,beauty of joseon,beauty_of_joseon,0
2025-04-04,beauty of joseon,beautyofjoseon,0
2025-04-04,belif,belif,0
2025-04-04,biodance,biodance,0
2025-04-04,boncept,boncept,0
2025-04-04,booster pro,booster pro,1
2025-04-04,booster pro,booster-pro,0
2025-04-04,booster pro,booster.pro,0
2025-04-04,booster pro,booster_pro,0
2025-04-04,booster pro,boosterpro,0
2025-04-04,botulax,botulax,0
2025-04-04,cell fusion c,cell fusion c,0
2025-04-04,cell fusion c,cell-fusion-c,0
2025-04-04,cell fusion c,cell.fusion.c,0
2025-04-04,cell fusion c,cell_fusion_c,0
2025-04-04,cell fusion c,cellfusionc,0
2025-04-04,centellian,centellian,0
2025-04-04,coolfase,coolfase,0
2025-04-04,cosrx,cosrx,10
2025-04-04,dalba,dalba,0
2025-04-04,goodal,goodal,0
2025-04-04,hi focus shot,hi focus shot,2
2025-04-04,hi focus shot,hi-focus-shot,0
2025-04-04,hi focus shot,hi.focus.shot,0
2025-04-04,hi focus shot,hi_focus_shot,0
2025-04-04,hi focus shot,hifocusshot,0
2025-04-04,history of whoo,history of whoo,0
2025-04-04,history of whoo,history-of-whoo,0
2025-04-04,history of whoo,history.of.whoo,0
2025-04-04,history of whoo,history_of_whoo,0
2025-04-04,history of whoo,historyofwhoo,0
2025-04-04,hwahae,hwahae,0
2025-04-04,innisfree,innisfree,4
2025-04-04,innotox,innotox,0
2025-04-04,iope,iope,0
2025-04-04,jeuveau,jeuveau,0
2025-04-04,jevegel,jevegel,0
2025-04-04,jolse,jolse,0
2025-04-04,juvelook,juvelook,0
2025-04-04,laneige,laneige,4
2025-04-04,letybo,letybo,0
2025-04-04,madeca,madeca,0
2025-04-04,mamonde,mamonde,0
2025-04-04,manyo,manyo,1
2025-04-04,medicube,medicube,5
2025-04-04,merzy,merzy,0
2025-04-04,mighty patch,mighty patch,0
2025-04-04,mighty patch,mighty-patch,0
2025-04-04,mighty patch,mighty.patch,0
2025-04-04,mighty patch,mighty_patch,0
2025-04-04,mighty patch,mightypatch,0
2025-04-04,missha,missha,1
2025-04-04,mixoon,mixoon,0
2025-04-04,nabota,nabota,0
2025-04-04,newlux,newlux,0
2025-04-04,numbuzin,numbuzin,2
2025-04-04,ohui,ohui,0
2025-04-04,oligio,oligio,0
2025-04-04,olive young,olive young,0
2025-04-04,olive young,olive-young,0
2025-04-04,olive young,olive.young,0
2025-04-04,olive young,olive_young,0
2025-04-04,olive young,oliveyoung,0
2025-04-04,peripera,peripera,1
2025-04-04,potenza,potenza,0
2025-04-04,real barrier,real barrier,0
2025-04-04,real barrier,real-barrier,0
2025-04-04,real barrier,real.barrier,0
2025-04-04,real barrier,real_barrier,0
2025-04-04,real barrier,realbarrier,0
2025-04-04,reedle shot,reedle shot,1
2025-04-04,reedle shot,reedle-shot,0
2025-04-04,reedle shot,reedle.shot,0
2025-04-04,reedle shot,reedle_shot,0
2025-04-04,reedle shot,reedleshot,0
2025-04-04,rejuran,rejuran,0
2025-04-04,rentox,rentox,0
2025-04-04,rom&nd,rom&nd,2
2025-04-04,rom&nd,romnd,0
2025-04-04,round lab,round lab,8
2025-04-04,round lab,round-lab,0
2025-04-04,round lab,round.lab,0
2025-04-04,round lab,round_lab,0
2025-04-04,round lab,roundlab,0
2025-04-04,shurink,shurink,0
2025-04-04,skin1004,skin1004,1
2025-04-04,stylekorean,stylekorean,1
2025-04-04,stylevana,stylevana,2
2025-04-04,sulwhasoo,sulwhasoo,1
2025-04-04,sylfirm,sylfirm,0
2025-04-04,the whoo,the whoo,0
2025-04-04,the whoo,the-whoo,0
2025-04-04,the whoo,the.whoo,0
2025-04-04,the whoo,the_whoo,0
2025-04-04,the whoo,thewhoo,0
2025-04-04,tirtir,tirtir,0
2025-04-04,tonymoly,tonymoly,0
2025-04-04,torriden,torriden,3
2025-04-04,ultraformer,ultraformer,0
2025-04-04,volnewmer,volnewmer,0
2025-04-04,wellage,wellage,0
2025-04-04,yesstyle,yesstyle,5
2025-04-05,a'pieu,a'pieu,0
2025-04-05,a'pieu,a-pieu,0
2025-04-05,a'pieu,a.pieu,0
2025-04-05,a'pieu,a_pieu,0
2025-04-05,a'pieu,ap,2
2025-04-05,a'pieu,apieu,0
2025-04-05,acropass,acropass,0
2025-04-05,age-r,age-r,0
2025-04-05,age-r,age.r,0
2025-04-05,age-r,age_r,0
2025-04-05,age-r,ager,0
2025-04-05,anua,anua,5
2025-04-05,atopalm,atopalm,0
2025-04-05,bbia,bbia,0
2025-04-05,be the skin,be the skin,7
2025-04-05,be the skin,be-the-skin,0
2025-04-05,be the skin,be.the.skin,0
2025-04-05,be the skin,be_the_skin,0
2025-04-05,be the skin,betheskin,0
2025-04-05,beauty of joseon,beauty of joseon,4
2025-04-05,beauty of joseon,beauty-of-joseon,0
2025-04-05,beauty of joseon,beauty.of.joseon,0
2025-04-05,beauty of joseon,beauty_of_joseon,0
2025-04-05,beauty of joseon,beautyofjoseon,0
2025-04-05,belif,belif,0
2025-04-05,biodance,biodance,0
2025-04-05,boncept,boncept,0
2025-04-05,booster pro,booster pro,0
2025-04-05,booster pro,booster-pro,0
2025-04-05,booster pro,booster.pro,0
2025-04-05,booster pro,booster_pro,0
2025-04-05,booster pro,boosterpro,0
2025-04-05,botulax,botulax,0
2025-04-05,cell fusion c,cell fusion c,0
2025-04-05,cell fusion c,cell-fusion-c,0
2025-04-05,cell fusion c,cell.fusion.c,0
2025-04-05,cell fusion c,cell_fusion_c,0
2025-04-05,cell fusion c,cellfusionc,0
2025-04-05,centellian,centellian,0
2025-04-05,coolfase,coolfase,0
2025-04-05,cosrx,cosrx,7
2025-04-05,dalba,dalba,0
2025-04-05,goodal,goodal,0
2025-04-05,hi focus shot,hi focus shot,1
2025-04-05,hi focus shot,hi-focus-shot,0
2025-04-05,hi focus shot,hi.focus.shot,0
2025-04-05,hi focus shot,hi_focus_shot,0
2025-04-05,hi focus shot,hifocusshot,0
2025-04-05,history of whoo,history of whoo,0
2025-04-05,history of whoo,history-of-whoo,0
2025-04-05,history of whoo,history.of.whoo,0
2025-04-05,history of whoo,history_of_whoo,0
2025-04-05,history of whoo,historyofwhoo,0
2025-04-05,hwahae,hwahae,0
2025-04-05,innisfree,innisfree,3
2025-04-05,innotox,innotox,2
2025-04-05,iope,iope,0
2025-04-05,jeuveau,jeuveau,0
2025-04-05,jevegel,jevegel,0
2025-04-05,jolse,jolse,0
2025-04-05,juvelook,juvelook,0
2025-04-05,laneige,laneige,3
2025-04-05,letybo,letybo,0
2025-04-05,madeca,madeca,0
2025-04-05,mamonde,mamonde,0
2025-04-05,manyo,manyo,2
2025-04-05,medicube,medicube,2
2025-04-05,merzy,merzy,0
2025-04-05,mighty patch,mighty patch,1
2025-04-05,mighty patch,mighty-patch,0
2025-04-05,mighty patch,mighty.patch,0
2025-04-05,mighty patch,mighty_patch,0
2025-04-05,mighty patch,mightypatch,0
2025-04-05,missha,missha,0
2025-04-05,mixoon,mixoon,0
2025-04-05,nabota,nabota,0
2025-04-05,newlux,newlux,0
2025-04-05,numbuzin,numbuzin,2
2025-04-05,ohui,ohui,0
2025-04-05,oligio,oligio,0
2025-04-05,olive young,olive young,0
2025-04-05,olive young,olive-young,0
2025-04-05,olive young,olive.young,0
2025-04-05,olive young,olive_young,0
2025-04-05,olive young,oliveyoung,0
2025-04-05,peripera,peripera,1
2025-04-05,potenza,potenza,0
2025-04-05,real barrier,real barrier,1
2025-04-05,real barrier,real-barrier,0
2025-04-05,real barrier,real.barrier,0
2025-04-05,real barrier,real_barrier,0
2025-04-05,real barrier,realbarrier,0
2025-04-05,reedle shot,reedle shot,0
2025-04-05,reedle shot,reedle-shot,0
2025-04-05,reedle shot,reedle.shot,0
2025-04-05,reedle shot,reedle_shot,0
2025-04-05,reedle shot,reedleshot,0
2025-04-05,rejuran,rejuran,1
2025-04-05,rentox,rentox,0
2025-04-05,rom&nd,rom&nd,0
2025-04-05,rom&nd,romnd,0
2025-04-05,round lab,round lab,4
2025-04-05,round lab,round-lab,0
2025-04-05,round lab,round.lab,0
2025-04-05,round lab,round_lab,0
2025-04-05,round lab,roundlab,2
2025-04-05,shurink,shurink,1
2025-04-05,skin1004,skin1004,4
2025-04-05,stylekorean,stylekorean,0
2025-04-05,stylevana,stylevana,1
2025-04-05,sulwhasoo,sulwhasoo,2
2025-04-05,sylfirm,sylfirm,0
2025-04-05,the whoo,the whoo,0
2025-04-05,the whoo,the-whoo,0
2025-04-05,the whoo,the.whoo,0
2025-04-05,the whoo,the_whoo,0
2025-04-05,the whoo,thewhoo,0
2025-04-05,tirtir,tirtir,1
2025-04-05,tonymoly,tonymoly,1
2025-04-05,torriden,torriden,1
2025-04-05,ultraformer,ultraformer,0
2025-04-05,volnewmer,volnewmer,0
2025-04-05,wellage,wellage,0
2025-04-05,yesstyle,yesstyle,4
2025-04-06,a'pieu,a'pieu,0
2025-04-06,a'pieu,a-pieu,0
2025-04-06,a'pieu,a.pieu,0
2025-04-06,a'pieu,a_pieu,0
2025-04-06,a'pieu,ap,1
2025-04-06,a'pieu,apieu,0
2025-04-06,acropass,acropass,0
2025-04-06,age-r,age-r,1
2025-04-06,age-r,age.r,0
2025-04-06,age-r,age_r,0
2025-04-06,age-r,ager,0
2025-04-06,anua,anua,3
2025-04-06,atopalm,atopalm,0
2025-04-06,bbia,bbia,0
2025-04-06,be the skin,be the skin,8
2025-04-06,be the skin,be-the-skin,0
2025-04-06,be the skin,be.the.skin,0
2025-04-06,be the skin,be_the_skin,0
2025-04-06,be the skin,betheskin,0
2025-04-06,beauty of joseon,beauty of joseon,7
2025-04-06,beauty of joseon,beauty-of-joseon,0
2025-04-06,beauty of joseon,beauty.of.joseon,0
2025-04-06,beauty of joseon,beauty_of_joseon,0
2025-04-06,beauty of joseon,beautyofjoseon,0
2025-04-06,belif,belif,2
2025-04-06,biodance,biodance,1
2025-04-06,boncept,boncept,0
2025-04-06,booster pro,booster pro,0
2025-04-06,booster pro,booster-pro,0
2025-04-06,booster pro,booster.pro,0
2025-04-06,booster pro,booster_pro,0
2025-04-06,booster pro,boosterpro,0
2025-04-06,botulax,botulax,0
2025-04-06,cell fusion c,cell fusion c,0
2025-04-06,cell fusion c,cell-fusion-c,0
2025-04-06,cell fusion c,cell.fusion.c,0
2025-04-06,cell fusion c,cell_fusion_c,0
2025-04-06,cell fusion c,cellfusionc,0
2025-04-06,centellian,centellian,0
2025-04-06,coolfase,coolfase,0
2025-04-06,cosrx,cosrx,9
2025-04-06,dalba,dalba,0
2025-04-06,goodal,goodal,1
2025-04-06,hi focus shot,hi focus shot,4
2025-04-06,hi focus shot,hi-focus-shot,0
2025-04-06,hi focus shot,hi.focus.shot,0
2025-04-06,hi focus shot,hi_focus_shot,0
2025-04-06,hi focus shot,hifocusshot,0
2025-04-06,history of whoo,history of whoo,0
2025-04-06,history of whoo,history-of-whoo,0
2025-04-06,history of whoo,history.of.whoo,0
2025-04-06,history of whoo,history_of_whoo,0
2025-04-06,history of whoo,historyofwhoo,0
2025-04-06,hwahae,hwahae,0
2025-04-06,innisfree,innisfree,4
2025-04-06,innotox,innotox,2
2025-04-06,iope,iope,0
2025-04-06,jeuveau,jeuveau,1
2025-04-06,jevegel,jevegel,0
2025-04-06,jolse,jolse,0
2025-04-06,juvelook,juvelook,0
2025-04-06,laneige,laneige,4
2025-04-06,letybo,letybo,0
2025-04-06,madeca,madeca,0
2025-04-06,mamonde,mamonde,0
2025-04-06,manyo,manyo,2
2025-04-06,medicube,medicube,0
2025-04-06,merzy,merzy,0
2025-04-06,mighty patch,mighty patch,3
2025-04-06,mighty patch,mighty-patch,0
2025-04-06,mighty patch,mighty.patch,0
2025-04-06,mighty patch,mighty_patch,0
2025-04-06,mighty patch,mightypatch,0
2025-04-06,missha,missha,2
2025-04-06,mixoon,mixoon,0
2025-04-06,nabota,nabota,2
2025-04-06,newlux,newlux,0
2025-04-06,numbuzin,numbuzin,2
2025-04-06,ohui,ohui,0
2025-04-06,oligio,oligio,0
2025-04-06,olive young,olive young,6
2025-04-06,olive young,olive-young,0
2025-04-06,olive young,olive.young,0
2025-04-06,olive young,olive_young,0
2025-04-06,olive young,oliveyoung,0
2025-04-06,peripera,peripera,5
2025-04-06,potenza,potenza,0
2025-04-06,real barrier,real barrier,1
2025-04-06,real barrier,real-barrier,0
2025-04-06,real barrier,real.barrier,0
2025-04-06,real barrier,real_barrier,0
2025-04-06,real barrier,realbarrier,0
2025-04-06,reedle shot,reedle shot,0
2025-04-06,reedle shot,reedle-shot,0
2025-04-06,reedle shot,reedle.shot,0
2025-04-06,reedle shot,reedle_shot,0
2025-04-06,reedle shot,reedleshot,0
2025-04-06,rejuran,rejuran,1
2025-04-06,rentox,rentox,1
2025-04-06,rom&nd,rom&nd,1
2025-04-06,rom&nd,romnd,0
2025-04-06,round lab,round lab,4
2025-04-06,round lab,round-lab,0
2025-04-06,round lab,round.lab,0
2025-04-06,round lab,round_lab,0
2025-04-06,round lab,roundlab,0
2025-04-06,shurink,shurink,0
2025-04-06,skin1004,skin1004,5
2025-04-06,stylekorean,stylekorean,0
2025-04-06,stylevana,stylevana,3
2025-04-06,sulwhasoo,sulwhasoo,0
2025-04-06,sylfirm,sylfirm,0
2025-04-06,the whoo,the whoo,0
2025-04-06,the whoo,the-whoo,0
2025-04-06,the whoo,the.whoo,0
2025-04-06,the whoo,the_whoo,0
2025-04-06,the whoo,thewhoo,0
2025-04-06,tirtir,tirtir,3
2025-04-06,tonymoly,tonymoly,0
2025-04-06,torriden,torriden,3
2025-04-06,ultraformer,ultraformer,0
2025-04-06,volnewmer,volnewmer,0
2025-04-06,wellage,wellage,0
2025-04-06,yesstyle,yesstyle,4
2025-04-07,a'pieu,a'pieu,0
2025-04-07,a'pieu,a-pieu,0
2025-04-07,a'pieu,a.pieu,0
2025-04-07,a'pieu,a_pieu,0
2025-04-07,a'pieu,ap,3
2025-04-07,a'pieu,apieu,0
2025-04-07,acropass,acropass,0
2025-04-07,age-r,age-r,3
2025-04-07,age-r,age.r,0
2025-04-07,age-r,age_r,0
2025-04-07,age-r,ager,1
2025-04-07,anua,anua,6
2025-04-07,atopalm,atopalm,0
2025-04-07,bbia,bbia,0
2025-04-07,be the skin,be the skin,9
2025-04-07,be the skin,be-the-skin,0
2025-04-07,be the skin,be.the.skin,0
2025-04-07,be the skin,be_the_skin,0
2025-04-07,be the skin,betheskin,0
2025-04-07,beauty of joseon,beauty of joseon,4
2025-04-07,beauty of joseon,beauty-of-joseon,0
2025-04-07,beauty of joseon,beauty.of.joseon,0
2025-04-07,beauty of joseon,beauty_of_joseon,0
2025-04-07,beauty of joseon,beautyofjoseon,0
2025-04-07,belif,belif,0
2025-04-07,biodance,biodance,0
2025-04-07,boncept,boncept,0
2025-04-07,booster pro,booster pro,1
2025-04-07,booster pro,booster-pro,0
2025-04-07,booster pro,booster.pro,0
2025-04-07,booster pro,booster_pro,0
2025-04-07,booster pro,boosterpro,0
2025-04-07,botulax,botulax,0
2025-04-07,cell fusion c,cell fusion c,2
2025-04-07,cell fusion c,cell-fusion-c,0
2025-04-07,cell fusion c,cell.fusion.c,0
2025-04-07,cell fusion c,cell_fusion_c,0
2025-04-07,cell fusion c,cellfusionc,0
2025-04-07,centellian,centellian,0
2025-04-07,coolfase,coolfase,0
2025-04-07,cosrx,cosrx,11
2025-04-07,dalba,dalba,0
2025-04-07,goodal,goodal,0
2025-04-07,hi focus shot,hi focus shot,0
2025-04-07,hi focus shot,hi-focus-shot,0
2025-04-07,hi focus shot,hi.focus.shot,0
2025-04-07,hi focus shot,hi_focus_shot,0
2025-04-07,hi focus shot,hifocusshot,0
2025-04-07,history of whoo,history of whoo,0
2025-04-07,history of whoo,history-of-whoo,0
2025-04-07,history of whoo,history.of.whoo,0
2025-04-07,history of whoo,history_of_whoo,0
2025-04-07,history of whoo,historyofwhoo,0
2025-04-07,hwahae,hwahae,0
2025-04-07,innisfree,innisfree,1
2025-04-07,innotox,innotox,1
2025-04-07,iope,iope,0
2025-04-07,jeuveau,jeuveau,0
2025-04-07,jevegel,jevegel,0
2025-04-07,jolse,jolse,0
2025-04-07,juvelook,juvelook,0
2025-04-07,laneige,laneige,2
2025-04-07,letybo,letybo,0
2025-04-07,madeca,madeca,0
2025-04-07,mamonde,mamonde,0
2025-04-07,manyo,manyo,1
2025-04-07,medicube,medicube,5
2025-04-07,merzy,merzy,0
2025-04-07,mighty patch,mighty patch,0
2025-04-07,mighty patch,mighty-patch,0
2025-04-07,mighty patch,mighty.patch,0
2025-04-07,mighty patch,mighty_patch,0
2025-04-07,mighty patch,mightypatch,0
2025-04-07,missha,missha,0
2025-04-07,mixoon,mixoon,0
2025-04-07,nabota,nabota,0
2025-04-07,newlux,newlux,0
2025-04-07,numbuzin,numbuzin,3
2025-04-07,ohui,ohui,0
2025-04-07,oligio,oligio,0
2025-04-07,olive young,olive young,6
2025-04-07,olive young,olive-young,0
2025-04-07,olive young,olive.young,0
2025-04-07,olive young,olive_young,0
2025-04-07,olive young,oliveyoung,0
2025-04-07,peripera,peripera,1
2025-04-07,potenza,potenza,2
2025-04-07,real barrier,real barrier,0
2025-04-07,real barrier,real-barrier,0
2025-04-07,real barrier,real.barrier,0
2025-04-07,real barrier,real_barrier,0
2025-04-07,real barrier,realbarrier,0
2025-04-07,reedle shot,reedle shot,0
2025-04-07,reedle shot,reedle-shot,0
2025-04-07,reedle shot,reedle.shot,0
2025-04-07,reedle shot,reedle_shot,0
2025-04-07,reedle shot,reedleshot,0
2025-04-07,rejuran,rejuran,2
2025-04-07,rentox,rentox,0
2025-04-07,rom&nd,rom&nd,0
2025-04-07,rom&nd,romnd,0
2025-04-07,round lab,round lab,4
2025-04-07,round lab,round-lab,0
2025-04-07,round lab,round.lab,0
2025-04-07,round lab,round_lab,0
2025-04-07,round lab,roundlab,1
2025-04-07,shurink,shurink,0
2025-04-07,skin1004,skin1004,3
2025-04-07,stylekorean,stylekorean,0
2025-04-07,stylevana,stylevana,0
2025-04-07,sulwhasoo,sulwhasoo,0
2025-04-07,sylfirm,sylfirm,0
2025-04-07,the whoo,the whoo,0
2025-04-07,the whoo,the-whoo,0
2025-04-07,the whoo,the.whoo,0
2025-04-07,the whoo,the_whoo,0
2025-04-07,the whoo,thewhoo,0
2025-04-07,tirtir,tirtir,4
2025-04-07,tonymoly,tonymoly,1
2025-04-07,torriden,torriden,1
2025-04-07,ultraformer,ultraformer,0
2025-04-07,volnewmer,volnewmer,0
2025-04-07,wellage,wellage,0
2025-04-07,yesstyle,yesstyle,5
2025-04-08,a'pieu,a'pieu,1
2025-04-08,a'pieu,a-pieu,0
2025-04-08,a'pieu,a.pieu,0
2025-04-08,a'pieu,a_pieu,0
2025-04-08,a'pieu,ap,1
2025-04-08,a'pieu,apieu,0
2025-04-08,acropass,acropass,0
2025-04-08,age-r,age-r,0
2025-04-08,age-r,age.r,0
2025-04-08,age-r,age_r,0
2025-04-08,age-r,ager,0
2025-04-08,anua,anua,1
2025-04-08,atopalm,atopalm,0
2025-04-08,bbia,bbia,0
2025-04-08,be the skin,be the skin,2
2025-04-08,be the skin,be-the-skin,0
2025-04-08,be the skin,be.the.skin,0
2025-04-08,be the skin,be_the_skin,0
2025-04-08,be the skin,betheskin,0
2025-04-08,beauty of joseon,beauty of joseon,3
2025-04-08,beauty of joseon,beauty-of-joseon,0
2025-04-08,beauty of joseon,beauty.of.joseon,0
2025-04-08,beauty of joseon,beauty_of_joseon,0
2025-04-08,beauty of joseon,beautyofjoseon,0
2025-04-08,belif,belif,0
2025-04-08,biodance,biodance,2
2025-04-08,boncept,boncept,0
2025-04-08,booster pro,booster pro,0
2025-04-08,booster pro,booster-pro,0
2025-04-08,booster pro,booster.pro,0
2025-04-08,booster pro,booster_pro,0
2025-04-08,booster pro,boosterpro,0
2025-04-08,botulax,botulax,0
2025-04-08,cell fusion c,cell fusion c,0
2025-04-08,cell fusion c,cell-fusion-c,0
2025-04-08,cell fusion c,cell.fusion.c,0
2025-04-08,cell fusion c,cell_fusion_c,0
2025-04-08,cell fusion c,cellfusionc,0
2025-04-08,centellian,centellian,0
2025-04-08,coolfase,coolfase,0
2025-04-08,cosrx,cosrx,3
2025-04-08,dalba,dalba,2
2025-04-08,goodal,goodal,0
2025-04-08,hi focus shot,hi focus shot,3
2025-04-08,hi focus shot,hi-focus-shot,0
2025-04-08,hi focus shot,hi.focus.shot,0
2025-04-08,hi focus shot,hi_focus_shot,0
2025-04-08,hi focus shot,hifocusshot,0
2025-04-08,history of whoo,history of whoo,0
2025-04-08,history of whoo,history-of-whoo,0
2025-04-08,history of whoo,history.of.whoo,0
2025-04-08,history of whoo,history_of_whoo,0
2025-04-08,history of whoo,historyofwhoo,0
2025-04-08,hwahae,hwahae,0
2025-04-08,innisfree,innisfree,2
2025-04-08,innotox,innotox,0
2025-04-08,iope,iope,0
2025-04-08,jeuveau,jeuveau,0
2025-04-08,jevegel,jevegel,0
2025-04-08,jolse,jolse,0
2025-04-08,juvelook,juvelook,0
2025-04-08,laneige,laneige,0
2025-04-08,letybo,letybo,0
2025-04-08,madeca,madeca,0
2025-04-08,mamonde,mamonde,0
2025-04-08,manyo,manyo,1
2025-04-08,medicube,medicube,1
2025-04-08,merzy,merzy,0
2025-04-08,mighty patch,mighty patch,0
2025-04-08,mighty patch,mighty-patch,0
2025-04-08,mighty patch,mighty.patch,0
2025-04-08,mighty patch,mighty_patch,0
2025-04-08,mighty patch,mightypatch,0
2025-04-08,missha,missha,2
2025-04-08,mixoon,mixoon,0
2025-04-08,nabota,nabota,1
2025-04-08,newlux,newlux,0
2025-04-08,numbuzin,numbuzin,1
2025-04-08,ohui,ohui,0
2025-04-08,oligio,oligio,0
2025-04-08,olive young,olive young,3
2025-04-08,olive young,olive-young,0
2025-04-08,olive young,olive.young,0
2025-04-08,olive young,olive_young,0
2025-04-08,olive young,oliveyoung,0
2025-04-08,peripera,peripera,1
2025-04-08,potenza,potenza,0
2025-04-08,real barrier,real barrier,0
2025-04-08,real barrier,real-barrier,0
2025-04-08,real barrier,real.barrier,0
2025-04-08,real barrier,real_barrier,0
2025-04-08,real barrier,realbarrier,0
2025-04-08,reedle shot,reedle shot,1
2025-04-08,reedle shot,reedle-shot,0
2025-04-08,reedle shot,reedle.shot,0
2025-04-08,reedle shot,reedle_shot,0
2025-04-08,reedle shot,reedleshot,0
2025-04-08,rejuran,rejuran,0
2025-04-08,rentox,rentox,0
2025-04-08,rom&nd,rom&nd,0
2025-04-08,rom&nd,romnd,0
2025-04-08,round lab,round lab,0
2025-04-08,round lab,round-lab,0
2025-04-08,round lab,round.lab,0
2025-04-08,round lab,round_lab,0
2025-04-08,round lab,roundlab,1
2025-04-08,shurink,shurink,0
2025-04-08,skin1004,skin1004,3
2025-04-08,stylekorean,stylekorean,0
2025-04-08,stylevana,stylevana,3
2025-04-08,sulwhasoo,sulwhasoo,0
2025-04-08,sylfirm,sylfirm,0
2025-04-08,the whoo,the whoo,0
2025-04-08,the whoo,the-whoo,0
2025-04-08,the whoo,the.whoo,0
2025-04-08,the whoo,the_whoo,0
2025-04-08,the whoo,thewhoo,0
2025-04-08,tirtir,tirtir,2
2025-04-08,tonymoly,tonymoly,0
2025-04-08,torriden,torriden,1
2025-04-08,ultraformer,ultraformer,0
2025-04-08,volnewmer,volnewmer,0
2025-04-08,wellage,wellage,0
2025-04-08,yesstyle,yesstyle,10
2025-04-09,a'pieu,a'pieu,0
2025-04-09,a'pieu,a-pieu,0
2025-04-09,a'pieu,a.pieu,0
2025-04-09,a'pieu,a_pieu,0
2025-04-09,a'pieu,ap,0
2025-04-09,a'pieu,apieu,0
2025-04-09,acropass,acropass,0
2025-04-09,age-r,age-r,1
2025-04-09,age-r,age.r,0
2025-04-09,age-r,age_r,0
2025-04-09,age-r,ager,0
2025-04-09,anua,anua,4
2025-04-09,atopalm,atopalm,0
2025-04-09,bbia,bbia,0
2025-04-09,be the skin,be the skin,6
2025-04-09,be the skin,be-the-skin,0
2025-04-09,be the skin,be.the.skin,0
2025-04-09,be the skin,be_the_skin,0
2025-04-09,be the skin,betheskin,0
2025-04-09,beauty of joseon,beauty of joseon,1
2025-04-09,beauty of joseon,beauty-of-joseon,0
2025-04-09,beauty of joseon,beauty.of.joseon,0
2025-04-09,beauty of joseon,beauty_of_joseon,0
2025-04-09,beauty of joseon,beautyofjoseon,0
2025-04-09,belif,belif,0
2025-04-09,biodance,biodance,0
2025-04-09,boncept,boncept,0
2025-04-09,booster pro,booster pro,2
2025-04-09,booster pro,booster-pro,0
2025-04-09,booster pro,booster.pro,0
2025-04-09,booster pro,booster_pro,0
2025-04-09,booster pro,boosterpro,0
2025-04-09,botulax,botulax,0
2025-04-09,cell fusion c,cell fusion c,0
2025-04-09,cell fusion c,cell-fusion-c,0
2025-04-09,cell fusion c,cell.fusion.c,0
2025-04-09,cell fusion c,cell_fusion_c,0
2025-04-09,cell fusion c,cellfusionc,0
2025-04-09,centellian,centellian,0
2025-04-09,coolfase,coolfase,0
2025-04-09,cosrx,cosrx,3
2025-04-09,dalba,dalba,0
2025-04-09,goodal,goodal,0
2025-04-09,hi focus shot,hi focus shot,1
2025-04-09,hi focus shot,hi-focus-shot,0
2025-04-09,hi focus shot,hi.focus.shot,0
2025-04-09,hi focus shot,hi_focus_shot,0
2025-04-09,hi focus shot,hifocusshot,0
2025-04-09,history of whoo,history of whoo,0
2025-04-09,history of whoo,history-of-whoo,0
2025-04-09,history of whoo,history.of.whoo,0
2025-04-09,history of whoo,history_of_whoo,0
2025-04-09,history of whoo,historyofwhoo,0
2025-04-09,hwahae,hwahae,0
2025-04-09,innisfree,innisfree,0
2025-04-09,innotox,innotox,1
2025-04-09,iope,iope,0
2025-04-09,jeuveau,jeuveau,0
2025-04-09,jevegel,jevegel,0
2025-04-09,jolse,jolse,0
2025-04-09,juvelook,juvelook,1
2025-04-09,laneige,laneige,5
2025-04-09,letybo,letybo,0
2025-04-09,madeca,madeca,0
2025-04-09,mamonde,mamonde,0
2025-04-09,manyo,manyo,3
2025-04-09,medicube,medicube,1
2025-04-09,merzy,merzy,0
2025-04-09,mighty patch,mighty patch,0
2025-04-09,mighty patch,mighty-patch,0
2025-04-09,mighty patch,mighty.patch,0
2025-04-09,mighty patch,mighty_patch,0
2025-04-09,mighty patch,mightypatch,0
2025-04-09,missha,missha,1
2025-04-09,mixoon,mixoon,0
2025-04-09,nabota,nabota,0
2025-04-09,newlux,newlux,0
2025-04-09,numbuzin,numbuzin,0
2025-04-09,ohui,ohui,0
2025-04-09,oligio,oligio,0
2025-04-09,olive young,olive young,3
2025-04-09,olive young,olive-young,0
2025-04-09,olive young,olive.young,0
2025-04-09,olive young,olive_young,0
2025-04-09,olive young,oliveyoung,0
2025-04-09,peripera,peripera,1
2025-04-09,potenza,potenza,0
2025-04-09,real barrier,real barrier,1
2025-04-09,real barrier,real-barrier,0
2025-04-09,real barrier,real.barrier,0
2025-04-09,real barrier,real_barrier,0
2025-04-09,real barrier,realbarrier,0
2025-04-09,reedle shot,reedle shot,0
2025-04-09,reedle shot,reedle-shot,0
2025-04-09,reedle shot,reedle.shot,0
2025-04-09,reedle shot,reedle_shot,0
2025-04-09,reedle shot,reedleshot,0
2025-04-09,rejuran,rejuran,1
2025-04-09,rentox,rentox,0
2025-04-09,rom&nd,rom&nd,0
2025-04-09,rom&nd,romnd,0
2025-04-09,round lab,round lab,1
2025-04-09,round lab,round-lab,0
2025-04-09,round lab,round.lab,0
2025-04-09,round lab,round_lab,0
2025-04-09,round lab,roundlab,0
2025-04-09,shurink,shurink,0
2025-04-09,skin1004,skin1004,7
2025-04-09,stylekorean,stylekorean,0
2025-04-09,stylevana,stylevana,2
2025-04-09,sulwhasoo,sulwhasoo,0
2025-04-09,sylfirm,sylfirm,1
2025-04-09,the whoo,the whoo,0
2025-04-09,the whoo,the-whoo,0
2025-04-09,the whoo,the.whoo,0
2025-04-09,the whoo,the_whoo,0
2025-04-09,the whoo,thewhoo,0
2025-04-09,tirtir,tirtir,0
2025-04-09,tonymoly,tonymoly,0
2025-04-09,torriden,torriden,0
2025-04-09,ultraformer,ultraformer,0
2025-04-09,volnewmer,volnewmer,0
2025-04-09,wellage,wellage,0
2025-04-09,yesstyle,yesstyle,4
2025-04-10,a'pieu,a'pieu,0
2025-04-10,a'pieu,a-pieu,0
2025-04-10,a'pieu,a.pieu,0
2025-04-10,a'pieu,a_pieu,0
2025-04-10,a'pieu,ap,3
2025-04-10,a'pieu,apieu,0
2025-04-10,acropass,acropass,0
2025-04-10,age-r,age-r,1
2025-04-10,age-r,age.r,0
2025-04-10,age-r,age_r,0
2025-04-10,age-r,ager,0
2025-04-10,anua,anua,0
2025-04-10,atopalm,atopalm,0
2025-04-10,bbia,bbia,0
2025-04-10,be the skin,be the skin,11
2025-04-10,be the skin,be-the-skin,0
2025-04-10,be the skin,be.the.skin,0
2025-04-10,be the skin,be_the_skin,0
2025-04-10,be the skin,betheskin,0
2025-04-10,beauty of joseon,beauty of joseon,6
2025-04-10,beauty of joseon,beauty-of-joseon,0
2025-04-10,beauty of joseon,beauty.of.joseon,0
2025-04-10,beauty of joseon,beauty_of_joseon,0
2025-04-10,beauty of joseon,beautyofjoseon,0
2025-04-10,belif,belif,0
2025-04-10,biodance,biodance,0
2025-04-10,boncept,boncept,0
2025-04-10,booster pro,booster pro,0
2025-04-10,booster pro,booster-pro,0
2025-04-10,booster pro,booster.pro,0
2025-04-10,booster pro,booster_pro,0
2025-04-10,booster pro,boosterpro,0
2025-04-10,botulax,botulax,0
2025-04-10,cell fusion c,cell fusion c,0
2025-04-10,cell fusion c,cell-fusion-c,0
2025-04-10,cell fusion c,cell.fusion.c,0
2025-04-10,cell fusion c,cell_fusion_c,0
2025-04-10,cell fusion c,cellfusionc,0
2025-04-10,centellian,centellian,0
2025-04-10,coolfase,coolfase,0
2025-04-10,cosrx,cosrx,5
2025-04-10,dalba,dalba,0
2025-04-10,goodal,goodal,0
2025-04-10,hi focus shot,hi focus shot,0
2025-04-10,hi focus shot,hi-focus-shot,0
2025-04-10,hi focus shot,hi.focus.shot,0
2025-04-10,hi focus shot,hi_focus_shot,0
2025-04-10,hi focus shot,hifocusshot,0
2025-04-10,history of whoo,history of whoo,0
2025-04-10,history of whoo,history-of-whoo,0
2025-04-10,history of whoo,history.of.whoo,0
2025-04-10,history of whoo,history_of_whoo,0
2025-04-10,history of whoo,historyofwhoo,0
2025-04-10,hwahae,hwahae,0
2025-04-10,innisfree,innisfree,4
2025-04-10,innotox,innotox,1
2025-04-10,iope,iope,0
2025-04-10,jeuveau,jeuveau,0
2025-04-10,jevegel,jevegel,0
2025-04-10,jolse,jolse,0
2025-04-10,juvelook,juvelook,0
2025-04-10,laneige,laneige,2
2025-04-10,letybo,letybo,1
2025-04-10,madeca,madeca,0
2025-04-10,mamonde,mamonde,0
2025-04-10,manyo,manyo,1
2025-04-10,medicube,medicube,2
2025-04-10,merzy,merzy,0
2025-04-10,mighty patch,mighty patch,0
2025-04-10,mighty patch,mighty-patch,0
2025-04-10,mighty patch,mighty.patch,0
2025-04-10,mighty patch,mighty_patch,0
2025-04-10,mighty patch,mightypatch,0
2025-04-10,missha,missha,1
2025-04-10,mixoon,mixoon,0
2025-04-10,nabota,nabota,0
2025-04-10,newlux,newlux,0
2025-04-10,numbuzin,numbuzin,1
2025-04-10,ohui,ohui,0
2025-04-10,oligio,oligio,0
2025-04-10,olive young,olive young,1
2025-04-10,olive young,olive-young,0
2025-04-10,olive young,olive.young,0
2025-04-10,olive young,olive_young,0
2025-04-10,olive young,oliveyoung,0
2025-04-10,peripera,peripera,3
2025-04-10,potenza,potenza,0
2025-04-10,real barrier,real barrier,1
2025-04-10,real barrier,real-barrier,0
2025-04-10,real barrier,real.barrier,0
2025-04-10,real barrier,real_barrier,0
2025-04-10,real barrier,realbarrier,0
2025-04-10,reedle shot,reedle shot,0
2025-04-10,reedle shot,reedle-shot,0
2025-04-10,reedle shot,reedle.shot,0
2025-04-10,reedle shot,reedle_shot,0
2025-04-10,reedle shot,reedleshot,0
2025-04-10,rejuran,rejuran,2
2025-04-10,rentox,rentox,0
2025-04-10,rom&nd,rom&nd,0
2025-04-10,rom&nd,romnd,0
2025-04-10,round lab,round lab,3
2025-04-10,round lab,round-lab,0
2025-04-10,round lab,round.lab,0
2025-04-10,round lab,round_lab,0
2025-04-10,round lab,roundlab,2
2025-04-10,shurink,shurink,0
2025-04-10,skin1004,skin1004,3
2025-04-10,stylekorean,stylekorean,1
2025-04-10,stylevana,stylevana,0
2025-04-10,sulwhasoo,sulwhasoo,0
2025-04-10,sylfirm,sylfirm,0
2025-04-10,the whoo,the whoo,0
2025-04-10,the whoo,the-whoo,0
2025-04-10,the whoo,the.whoo,0
2025-04-10,the whoo,the_whoo,0
2025-04-10,the whoo,thewhoo,0
2025-04-10,tirtir,tirtir,1
2025-04-10,tonymoly,tonymoly,1
2025-04-10,torriden,torriden,1
2025-04-10,ultraformer,ultraformer,0
2025-04-10,volnewmer,volnewmer,0
2025-04-10,wellage,wellage,0
2025-04-10,yesstyle,yesstyle,5
2025-04-11,a'pieu,a'pieu,0
2025-04-11,a'pieu,a-pieu,0
2025-04-11,a'pieu,a.pieu,0
2025-04-11,a'pieu,a_pieu,0
2025-04-11,a'pieu,ap,0
2025-04-11,a'pieu,apieu,0
2025-04-11,acropass,acropass,0
2025-04-11,age-r,age-r,0
2025-04-11,age-r,age.r,0
2025-04-11,age-r,age_r,0
2025-04-11,age-r,ager,0
2025-04-11,anua,anua,3
2025-04-11,atopalm,atopalm,0
2025-04-11,bbia,bbia,0
2025-04-11,be the skin,be the skin,5
2025-04-11,be the skin,be-the-skin,0
2025-04-11,be the skin,be.the.skin,0
2025-04-11,be the skin,be_the_skin,0
2025-04-11,be the skin,betheskin,0
2025-04-11,beauty of joseon,beauty of joseon,6
2025-04-11,beauty of joseon,beauty-of-joseon,0
2025-04-11,beauty of joseon,beauty.of.joseon,0
2025-04-11,beauty of joseon,beauty_of_joseon,0
2025-04-11,beauty of joseon,beautyofjoseon,0
2025-04-11,belif,belif,0
2025-04-11,biodance,biodance,0
2025-04-11,boncept,boncept,0
2025-04-11,booster pro,booster pro,2
2025-04-11,booster pro,booster-pro,0
2025-04-11,booster pro,booster.pro,0
2025-04-11,booster pro,booster_pro,0
2025-04-11,booster pro,boosterpro,0
2025-04-11,botulax,botulax,0
2025-04-11,cell fusion c,cell fusion c,0
2025-04-11,cell fusion c,cell-fusion-c,0
2025-04-11,cell fusion c,cell.fusion.c,0
2025-04-11,cell fusion c,cell_fusion_c,0
2025-04-11,cell fusion c,cellfusionc,0
2025-04-11,centellian,centellian,0
2025-04-11,coolfase,coolfase,0
2025-04-11,cosrx,cosrx,3
2025-04-11,dalba,dalba,1
2025-04-11,goodal,goodal,0
2025-04-11,hi focus shot,hi focus shot,1
2025-04-11,hi focus shot,hi-focus-shot,0
2025-04-11,hi focus shot,hi.focus.shot,0
2025-04-11,hi focus shot,hi_focus_shot,0
2025-04-11,hi focus shot,hifocusshot,0
2025-04-11,history of whoo,history of whoo,0
2025-04-11,history of whoo,history-of-whoo,0
2025-04-11,history of whoo,history.of.whoo,0
2025-04-11,history of whoo,history_of_whoo,0
2025-04-11,history of whoo,historyofwhoo,0
2025-04-11,hwahae,hwahae,0
2025-04-11,innisfree,innisfree,2
2025-04-11,innotox,innotox,1
2025-04-11,iope,iope,0
2025-04-11,jeuveau,jeuveau,0
2025-04-11,jevegel,jevegel,0
2025-04-11,jolse,jolse,0
2025-04-11,juvelook,juvelook,0
2025-04-11,laneige,laneige,1
2025-04-11,letybo,letybo,0
2025-04-11,madeca,madeca,0
2025-04-11,mamonde,mamonde,0
2025-04-11,manyo,manyo,0
2025-04-11,medicube,medicube,0
2025-04-11,merzy,merzy,0
2025-04-11,mighty patch,mighty patch,0
2025-04-11,mighty patch,mighty-patch,0
2025-04-11,mighty patch,mighty.patch,0
2025-04-11,mighty patch,mighty_patch,0
2025-04-11,mighty patch,mightypatch,0
2025-04-11,missha,missha,2
2025-04-11,mixoon,mixoon,0
2025-04-11,nabota,nabota,0
2025-04-11,newlux,newlux,0
2025-04-11,numbuzin,numbuzin,2
2025-04-11,ohui,ohui,0
2025-04-11,oligio,oligio,0
2025-04-11,olive young,olive young,0
2025-04-11,olive young,olive-young,0
2025-04-11,olive young,olive.young,0
2025-04-11,olive young,olive_young,0
2025-04-11,olive young,oliveyoung,0
2025-04-11,peripera,peripera,1
2025-04-11,potenza,potenza,0
2025-04-11,real barrier,real barrier,0
2025-04-11,real barrier,real-barrier,0
2025-04-11,real barrier,real.barrier,0
2025-04-11,real barrier,real_barrier,0
2025-04-11,real barrier,realbarrier,0
2025-04-11,reedle shot,reedle shot,0
2025-04-11,reedle shot,reedle-shot,0
2025-04-11,reedle shot,reedle.shot,0
2025-04-11,reedle shot,reedle_shot,0
2025-04-11,reedle shot,reedleshot,0
2025-04-11,rejuran,rejuran,0
2025-04-11,rentox,rentox,0
2025-04-11,rom&nd,rom&nd,3
2025-04-11,rom&nd,romnd,1
2025-04-11,round lab,round lab,1
2025-04-11,round lab,round-lab,0
2025-04-11,round lab,round.lab,0
2025-04-11,round lab,round_lab,0
2025-04-11,round lab,roundlab,0
2025-04-11,shurink,shurink,0
2025-04-11,skin1004,skin1004,0
2025-04-11,stylekorean,stylekorean,0
2025-04-11,stylevana,stylevana,2
2025-04-11,sulwhasoo,sulwhasoo,0
2025-04-11,sylfirm,sylfirm,0
2025-04-11,the whoo,the whoo,0
2025-04-11,the whoo,the-whoo,0
2025-04-11,the whoo,the.whoo,0
2025-04-11,the whoo,the_whoo,0
2025-04-11,the whoo,thewhoo,0
2025-04-11,tirtir,tirtir,1
2025-04-11,tonymoly,tonymoly,0
2025-04-11,torriden,torriden,2
2025-04-11,ultraformer,ultraformer,0
2025-04-11,volnewmer,volnewmer,0
2025-04-11,wellage,wellage,0
2025-04-11,yesstyle,yesstyle,8
2025-04-12,a'pieu,a'pieu,0
2025-04-12,a'pieu,a-pieu,0
2025-04-12,a'pieu,a.pieu,0
2025-04-12,a'pieu,a_pieu,0
2025-04-12,a'pieu,ap,2
2025-04-12,a'pieu,apieu,0
2025-04-12,acropass,acropass,0
2025-04-12,age-r,age-r,0
2025-04-12,age-r,age.r,0
2025-04-12,age-r,age_r,0
2025-04-12,age-r,ager,0
2025-04-12,anua,anua,3
2025-04-12,atopalm,atopalm,0
2025-04-12,bbia,bbia,0
2025-04-12,be the skin,be the skin,6
2025-04-12,be the skin,be-the-skin,0
2025-04-12,be the skin,be.the.skin,0
2025-04-12,be the skin,be_the_skin,0
2025-04-12,be the skin,betheskin,0
2025-04-12,beauty of joseon,beauty of joseon,3
2025-04-12,beauty of joseon,beauty-of-joseon,0
2025-04-12,beauty of joseon,beauty.of.joseon,0
2025-04-12,beauty of joseon,beauty_of_joseon,0
2025-04-12,beauty of joseon,beautyofjoseon,0
2025-04-12,belif,belif,1
2025-04-12,biodance,biodance,0
2025-04-12,boncept,boncept,0
2025-04-12,booster pro,booster pro,0
2025-04-12,booster pro,booster-pro,0
2025-04-12,booster pro,booster.pro,0
2025-04-12,booster pro,booster_pro,0
2025-04-12,booster pro,boosterpro,0
2025-04-12,botulax,botulax,0
2025-04-12,cell fusion c,cell fusion c,1
2025-04-12,cell fusion c,cell-fusion-c,0
2025-04-12,cell fusion c,cell.fusion.c,0
2025-04-12,cell fusion c,cell_fusion_c,0
2025-04-12,cell fusion c,cellfusionc,0
2025-04-12,centellian,centellian,0
2025-04-12,coolfase,coolfase,0
2025-04-12,cosrx,cosrx,8
2025-04-12,dalba,dalba,0
2025-04-12,goodal,goodal,0
2025-04-12,hi focus shot,hi focus shot,1
2025-04-12,hi focus shot,hi-focus-shot,0
2025-04-12,hi focus shot,hi.focus.shot,0
2025-04-12,hi focus shot,hi_focus_shot,0
2025-04-12,hi focus shot,hifocusshot,0
2025-04-12,history of whoo,history of whoo,0
2025-04-12,history of whoo,history-of-whoo,0
2025-04-12,history of whoo,history.of.whoo,0
2025-04-12,history of whoo,history_of_whoo,0
2025-04-12,history of whoo,historyofwhoo,0
2025-04-12,hwahae,hwahae,0
2025-04-12,innisfree,innisfree,1
2025-04-12,innotox,innotox,0
2025-04-12,iope,iope,0
2025-04-12,jeuveau,jeuveau,0
2025-04-12,jevegel,jevegel,0
2025-04-12,jolse,jolse,0
2025-04-12,juvelook,juvelook,1
2025-04-12,laneige,laneige,4
2025-04-12,letybo,letybo,0
2025-04-12,madeca,madeca,0
2025-04-12,mamonde,mamonde,0
2025-04-12,manyo,manyo,0
2025-04-12,medicube,medicube,1
2025-04-12,merzy,merzy,0
2025-04-12,mighty patch,mighty patch,0
2025-04-12,mighty patch,mighty-patch,0
2025-04-12,mighty patch,mighty.patch,0
2025-04-12,mighty patch,mighty_patch,0
2025-04-12,mighty patch,mightypatch,0
2025-04-12,missha,missha,0
2025-04-12,mixoon,mixoon,0
2025-04-12,nabota,nabota,0
2025-04-12,newlux,newlux,0
2025-04-12,numbuzin,numbuzin,2
2025-04-12,ohui,ohui,0
2025-04-12,oligio,oligio,0
2025-04-12,olive young,olive young,4
2025-04-12,olive young,olive-young,0
2025-04-12,olive young,olive.young,0
2025-04-12,olive young,olive_young,0
2025-04-12,olive young,oliveyoung,2
2025-04-12,peripera,peripera,2
2025-04-12,potenza,potenza,0
2025-04-12,real barrier,real barrier,0
2025-04-12,real barrier,real-barrier,0
2025-04-12,real barrier,real.barrier,0
2025-04-12,real barrier,real_barrier,0
2025-04-12,real barrier,realbarrier,0
2025-04-12,reedle shot,reedle shot,2
2025-04-12,reedle shot,reedle-shot,0
2025-04-12,reedle shot,reedle.shot,0
2025-04-12,reedle shot,reedle_shot,0
2025-04-12,reedle shot,reedleshot,0
2025-04-12,rejuran,rejuran,3
2025-04-12,rentox,rentox,0
2025-04-12,rom&nd,rom&nd,2
2025-04-12,rom&nd,romnd,0
2025-04-12,round lab,round lab,3
2025-04-12,round lab,round-lab,0
2025-04-12,round lab,round.lab,0
2025-04-12,round lab,round_lab,0
2025-04-12,round lab,roundlab,4
2025-04-12,shurink,shurink,0
2025-04-12,skin1004,skin1004,2
2025-04-12,stylekorean,stylekorean,1
2025-04-12,stylevana,stylevana,1
2025-04-12,sulwhasoo,sulwhasoo,0
2025-04-12,sylfirm,sylfirm,0
2025-04-12,the whoo,the whoo,0
2025-04-12,the whoo,the-whoo,0
2025-04-12,the whoo,the.whoo,0
2025-04-12,the whoo,the_whoo,0
2025-04-12,the whoo,thewhoo,0
2025-04-12,tirtir,tirtir,2
2025-04-12,tonymoly,tonymoly,0
2025-04-12,torriden,torriden,3
2025-04-12,ultraformer,ultraformer,0
2025-04-12,volnewmer,volnewmer,0
2025-04-12,wellage,wellage,0
2025-04-12,yesstyle,yesstyle,4
2025-04-13,a'pieu,a'pieu,0
2025-04-13,a'pieu,a-pieu,0
2025-04-13,a'pieu,a.pieu,0
2025-04-13,a'pieu,a_pieu,0
2025-04-13,a'pieu,ap,1
2025-04-13,a'pieu,apieu,0
2025-04-13,acropass,acropass,0
2025-04-13,age-r,age-r,0
2025-04-13,age-r,age.r,0
2025-04-13,age-r,age_r,0
2025-04-13,age-r,ager,0
2025-04-13,anua,anua,2
2025-04-13,atopalm,atopalm,0
2025-04-13,bbia,bbia,0
2025-04-13,be the skin,be the skin,8
2025-04-13,be the skin,be-the-skin,0
2025-04-13,be the skin,be.the.skin,0
2025-04-13,be the skin,be_the_skin,0
2025-04-13,be the skin,betheskin,0
2025-04-13,beauty of joseon,beauty of joseon,7
2025-04-13,beauty of joseon,beauty-of-joseon,0
2025-04-13,beauty of joseon,beauty.of.joseon,0
2025-04-13,beauty of joseon,beauty_of_joseon,0
2025-04-13,beauty of joseon,beautyofjoseon,0
2025-04-13,belif,belif,0
2025-04-13,biodance,biodance,1
2025-04-13,boncept,boncept,0
2025-04-13,booster pro,booster pro,0
2025-04-13,booster pro,booster-pro,0
2025-04-13,booster pro,booster.pro,0
2025-04-13,booster pro,booster_pro,0
2025-04-13,booster pro,boosterpro,0
2025-04-13,botulax,botulax,1
2025-04-13,cell fusion c,cell fusion c,0
2025-04-13,cell fusion c,cell-fusion-c,0
2025-04-13,cell fusion c,cell.fusion.c,0
2025-04-13,cell fusion c,cell_fusion_c,0
2025-04-13,cell fusion c,cellfusionc,0
2025-04-13,centellian,centellian,0
2025-04-13,coolfase,coolfase,0
2025-04-13,cosrx,cosrx,4
2025-04-13,dalba,dalba,0
2025-04-13,goodal,goodal,1
2025-04-13,hi focus shot,hi focus shot,2
2025-04-13,hi focus shot,hi-focus-shot,0
2025-04-13,hi focus shot,hi.focus.shot,0
2025-04-13,hi focus shot,hi_focus_shot,0
2025-04-13,hi focus shot,hifocusshot,0
2025-04-13,history of whoo,history of whoo,0
2025-04-13,history of whoo,history-of-whoo,0
2025-04-13,history of whoo,history.of.whoo,0
2025-04-13,history of whoo,history_of_whoo,0
2025-04-13,history of whoo,historyofwhoo,0
2025-04-13,hwahae,hwahae,0
2025-04-13,innisfree,innisfree,1
2025-04-13,innotox,innotox,1
2025-04-13,iope,iope,0
2025-04-13,jeuveau,jeuveau,1
2025-04-13,jevegel,jevegel,0
2025-04-13,jolse,jolse,0
2025-04-13,juvelook,juvelook,0
2025-04-13,laneige,laneige,3
2025-04-13,letybo,letybo,0
2025-04-13,madeca,madeca,0
2025-04-13,mamonde,mamonde,0
2025-04-13,manyo,manyo,2
2025-04-13,medicube,medicube,1
2025-04-13,merzy,merzy,0
2025-04-13,mighty patch,mighty patch,1
2025-04-13,mighty patch,mighty-patch,0
2025-04-13,mighty patch,mighty.patch,0
2025-04-13,mighty patch,mighty_patch,0
2025-04-13,mighty patch,mightypatch,0
2025-04-13,missha,missha,2
2025-04-13,mixoon,mixoon,0
2025-04-13,nabota,nabota,3
2025-04-13,newlux,newlux,0
2025-04-13,numbuzin,numbuzin,2
2025-04-13,ohui,ohui,0
2025-04-13,oligio,oligio,0
2025-04-13,olive young,olive young,3
2025-04-13,olive young,olive-young,0
2025-04-13,olive young,olive.young,0
2025-04-13,olive young,olive_young,0
2025-04-13,olive young,oliveyoung,0
2025-04-13,peripera,peripera,2
2025-04-13,potenza,potenza,0
2025-04-13,real barrier,real barrier,0
2025-04-13,real barrier,real-barrier,0
2025-04-13,real barrier,real.barrier,0
2025-04-13,real barrier,real_barrier,0
2025-04-13,real barrier,realbarrier,0
2025-04-13,reedle shot,reedle shot,1
2025-04-13,reedle shot,reedle-shot,0
2025-04-13,reedle shot,reedle.shot,0
2025-04-13,reedle shot,reedle_shot,0
2025-04-13,reedle shot,reedleshot,0
2025-04-13,rejuran,rejuran,1
2025-04-13,rentox,rentox,1
2025-04-13,rom&nd,rom&nd,2
2025-04-13,rom&nd,romnd,0
2025-04-13,round lab,round lab,5
2025-04-13,round lab,round-lab,0
2025-04-13,round lab,round.lab,0
2025-04-13,round lab,round_lab,0
2025-04-13,round lab,roundlab,0
2025-04-13,shurink,shurink,0
2025-04-13,skin1004,skin1004,5
2025-04-13,stylekorean,stylekorean,0
2025-04-13,stylevana,stylevana,2
2025-04-13,sulwhasoo,sulwhasoo,1
2025-04-13,sylfirm,sylfirm,0
2025-04-13,the whoo,the whoo,0
2025-04-13,the whoo,the-whoo,0
2025-04-13,the whoo,the.whoo,0
2025-04-13,the whoo,the_whoo,0
2025-04-13,the whoo,thewhoo,0
2025-04-13,tirtir,tirtir,3
2025-04-13,tonymoly,tonymoly,0
2025-04-13,torriden,torriden,1
2025-04-13,ultraformer,ultraformer,0
2025-04-13,volnewmer,volnewmer,0
2025-04-13,wellage,wellage,0
2025-04-13,yesstyle,yesstyle,2
2025-04-14,a'pieu,a'pieu,0
2025-04-14,a'pieu,a-pieu,0
2025-04-14,a'pieu,a.pieu,0
2025-04-14,a'pieu,a_pieu,0
2025-04-14,a'pieu,ap,0
2025-04-14,a'pieu,apieu,0
2025-04-14,acropass,acropass,0
2025-04-14,age-r,age-r,1
2025-04-14,age-r,age.r,0
2025-04-14,age-r,age_r,0
2025-04-14,age-r,ager,0
2025-04-14,anua,anua,3
2025-04-14,atopalm,atopalm,0
2025-04-14,bbia,bbia,0
2025-04-14,be the skin,be the skin,8
2025-04-14,be the skin,be-the-skin,0
2025-04-14,be the skin,be.the.skin,0
2025-04-14,be the skin,be_the_skin,0
2025-04-14,be the skin,betheskin,0
2025-04-14,beauty of joseon,beauty of joseon,8
2025-04-14,beauty of joseon,beauty-of-joseon,0
2025-04-14,beauty of joseon,beauty.of.joseon,0
2025-04-14,beauty of joseon,beauty_of_joseon,0
2025-04-14,beauty of joseon,beautyofjoseon,0
2025-04-14,belif,belif,1
2025-04-14,biodance,biodance,0
2025-04-14,boncept,boncept,0
2025-04-14,booster pro,booster pro,1
2025-04-14,booster pro,booster-pro,0
2025-04-14,booster pro,booster.pro,0
2025-04-14,booster pro,booster_pro,0
2025-04-14,booster pro,boosterpro,0
2025-04-14,botulax,botulax,1
2025-04-14,cell fusion c,cell fusion c,0
2025-04-14,cell fusion c,cell-fusion-c,0
2025-04-14,cell fusion c,cell.fusion.c,0
2025-04-14,cell fusion c,cell_fusion_c,0
2025-04-14,cell fusion c,cellfusionc,0
2025-04-14,centellian,centellian,0
2025-04-14,coolfase,coolfase,0
2025-04-14,cosrx,cosrx,8
2025-04-14,dalba,dalba,1
2025-04-14,goodal,goodal,0
2025-04-14,hi focus shot,hi focus shot,1
2025-04-14,hi focus shot,hi-focus-shot,0
2025-04-14,hi focus shot,hi.focus.shot,0
2025-04-14,hi focus shot,hi_focus_shot,0
2025-04-14,hi focus shot,hifocusshot,0
2025-04-14,history of whoo,history of whoo,0
2025-04-14,history of whoo,history-of-whoo,0
2025-04-14,history of whoo,history.of.whoo,0
2025-04-14,history of whoo,history_of_whoo,0
2025-04-14,history of whoo,historyofwhoo,0
2025-04-14,hwahae,hwahae,0
2025-04-14,innisfree,innisfree,1
2025-04-14,innotox,innotox,3
2025-04-14,iope,iope,0
2025-04-14,jeuveau,jeuveau,0
2025-04-14,jevegel,jevegel,0
2025-04-14,jolse,jolse,0
2025-04-14,juvelook,juvelook,2
2025-04-14,laneige,laneige,2
2025-04-14,letybo,letybo,0
2025-04-14,madeca,madeca,0
2025-04-14,mamonde,mamonde,0
2025-04-14,manyo,manyo,2
2025-04-14,medicube,medicube,2
2025-04-14,merzy,merzy,0
2025-04-14,mighty patch,mighty patch,0
2025-04-14,mighty patch,mighty-patch,0
2025-04-14,mighty patch,mighty.patch,0
2025-04-14,mighty patch,mighty_patch,0
2025-04-14,mighty patch,mightypatch,0
2025-04-14,missha,missha,0
2025-04-14,mixoon,mixoon,0
2025-04-14,nabota,nabota,1
2025-04-14,newlux,newlux,0
2025-04-14,numbuzin,numbuzin,0
2025-04-14,ohui,ohui,0
2025-04-14,oligio,oligio,0
2025-04-14,olive young,olive young,2
2025-04-14,olive young,olive-young,0
2025-04-14,olive young,olive.young,0
2025-04-14,olive young,olive_young,0
2025-04-14,olive young,oliveyoung,0
2025-04-14,peripera,peripera,2
2025-04-14,potenza,potenza,0
2025-04-14,real barrier,real barrier,0
2025-04-14,real barrier,real-barrier,0
2025-04-14,real barrier,real.barrier,0
2025-04-14,real barrier,real_barrier,0
2025-04-14,real barrier,realbarrier,0
2025-04-14,reedle shot,reedle shot,1
2025-04-14,reedle shot,reedle-shot,0
2025-04-14,reedle shot,reedle.shot,0
2025-04-14,reedle shot,reedle_shot,0
2025-04-14,reedle shot,reedleshot,0
2025-04-14,rejuran,rejuran,3
2025-04-14,rentox,rentox,1
2025-04-14,rom&nd,rom&nd,1
2025-04-14,rom&nd,romnd,0
2025-04-14,round lab,round lab,4
2025-04-14,round lab,round-lab,0
2025-04-14,round lab,round.lab,0
2025-04-14,round lab,round_lab,0
2025-04-14,round lab,roundlab,1
2025-04-14,shurink,shurink,1
2025-04-14,skin1004,skin1004,4
2025-04-14,stylekorean,stylekorean,0
2025-04-14,stylevana,stylevana,1
2025-04-14,sulwhasoo,sulwhasoo,0
2025-04-14,sylfirm,sylfirm,0
2025-04-14,the whoo,the whoo,0
2025-04-14,the whoo,the-whoo,0
2025-04-14,the whoo,the.whoo,0
2025-04-14,the whoo,the_whoo,0
2025-04-14,the whoo,thewhoo,0
2025-04-14,tirtir,tirtir,2
2025-04-14,tonymoly,tonymoly,1
2025-04-14,torriden,torriden,2
2025-04-14,ultraformer,ultraformer,0
2025-04-14,volnewmer,volnewmer,0
2025-04-14,wellage,wellage,0
2025-04-14,yesstyle,yesstyle,3
2025-04-15,a'pieu,a'pieu,0
2025-04-15,a'pieu,a-pieu,0
2025-04-15,a'pieu,a.pieu,0
2025-04-15,a'pieu,a_pieu,0
2025-04-15,a'pieu,ap,1
2025-04-15,a'pieu,apieu,0
2025-04-15,acropass,acropass,0
2025-04-15,age-r,age-r,0
2025-04-15,age-r,age.r,0
2025-04-15,age-r,age_r,0
2025-04-15,age-r,ager,0
2025-04-15,anua,anua,3
2025-04-15,atopalm,atopalm,0
2025-04-15,bbia,bbia,0
2025-04-15,be the skin,be the skin,9
2025-04-15,be the skin,be-the-skin,0
2025-04-15,be the skin,be.the.skin,0
2025-04-15,be the skin,be_the_skin,0
2025-04-15,be the skin,betheskin,0
2025-04-15,beauty of joseon,beauty of joseon,1
2025-04-15,beauty of joseon,beauty-of-joseon,0
2025-04-15,beauty of joseon,beauty.of.joseon,0
2025-04-15,beauty of joseon,beauty_of_joseon,0
2025-04-15,beauty of joseon,beautyofjoseon,0
2025-04-15,belif,belif,0
2025-04-15,biodance,biodance,1
2025-04-15,boncept,boncept,0
2025-04-15,booster pro,booster pro,1
2025-04-15,booster pro,booster-pro,0
2025-04-15,booster pro,booster.pro,0
2025-04-15,booster pro,booster_pro,0
2025-04-15,booster pro,boosterpro,0
2025-04-15,botulax,botulax,0
2025-04-15,cell fusion c,cell fusion c,2
2025-04-15,cell fusion c,cell-fusion-c,0
2025-04-15,cell fusion c,cell.fusion.c,0
2025-04-15,cell fusion c,cell_fusion_c,0
2025-04-15,cell fusion c,cellfusionc,0
2025-04-15,centellian,centellian,0
2025-04-15,coolfase,coolfase,0
2025-04-15,cosrx,cosrx,7
2025-04-15,dalba,dalba,0
2025-04-15,goodal,goodal,1
2025-04-15,hi focus shot,hi focus shot,1
2025-04-15,hi focus shot,hi-focus-shot,0
2025-04-15,hi focus shot,hi.focus.shot,0
2025-04-15,hi focus shot,hi_focus_shot,0
2025-04-15,hi focus shot,hifocusshot,0
2025-04-15,history of whoo,history of whoo,1
2025-04-15,history of whoo,history-of-whoo,0
2025-04-15,history of whoo,history.of.whoo,0
2025-04-15,history of whoo,history_of_whoo,0
2025-04-15,history of whoo,historyofwhoo,0
2025-04-15,hwahae,hwahae,0
2025-04-15,innisfree,innisfree,2
2025-04-15,innotox,innotox,1
2025-04-15,iope,iope,0
2025-04-15,jeuveau,jeuveau,0
2025-04-15,jevegel,jevegel,0
2025-04-15,jolse,jolse,0
2025-04-15,juvelook,juvelook,0
2025-04-15,laneige,laneige,5
2025-04-15,letybo,letybo,0
2025-04-15,madeca,madeca,0
2025-04-15,mamonde,mamonde,0
2025-04-15,manyo,manyo,0
2025-04-15,medicube,medicube,1
2025-04-15,merzy,merzy,0
2025-04-15,mighty patch,mighty patch,0
2025-04-15,mighty patch,mighty-patch,0
2025-04-15,mighty patch,mighty.patch,0
2025-04-15,mighty patch,mighty_patch,0
2025-04-15,mighty patch,mightypatch,0
2025-04-15,missha,missha,2
2025-04-15,mixoon,mixoon,0
2025-04-15,nabota,nabota,0
2025-04-15,newlux,newlux,0
2025-04-15,numbuzin,numbuzin,3
2025-04-15,ohui,ohui,0
2025-04-15,oligio,oligio,0
2025-04-15,olive young,olive young,2
2025-04-15,olive young,olive-young,0
2025-04-15,olive young,olive.young,0
2025-04-15,olive young,olive_young,0
2025-04-15,olive young,oliveyoung,0
2025-04-15,peripera,peripera,1
2025-04-15,potenza,potenza,0
2025-04-15,real barrier,real barrier,1
2025-04-15,real barrier,real-barrier,0
2025-04-15,real barrier,real.barrier,0
2025-04-15,real barrier,real_barrier,0
2025-04-15,real barrier,realbarrier,0
2025-04-15,reedle shot,reedle shot,0
2025-04-15,reedle shot,reedle-shot,0
2025-04-15,reedle shot,reedle.shot,0
2025-04-15,reedle shot,reedle_shot,0
2025-04-15,reedle shot,reedleshot,0
2025-04-15,rejuran,rejuran,0
2025-04-15,rentox,rentox,0
2025-04-15,rom&nd,rom&nd,2
2025-04-15,rom&nd,romnd,0
2025-04-15,round lab,round lab,3
2025-04-15,round lab,round-lab,0
2025-04-15,round lab,round.lab,0
2025-04-15,round lab,round_lab,0
2025-04-15,round lab,roundlab,1
2025-04-15,shurink,shurink,0
2025-04-15,skin1004,skin1004,9
2025-04-15,stylekorean,stylekorean,0
2025-04-15,stylevana,stylevana,3
2025-04-15,sulwhasoo,sulwhasoo,1
2025-04-15,sylfirm,sylfirm,0
2025-04-15,the whoo,the whoo,1
2025-04-15,the whoo,the-whoo,0
2025-04-15,the whoo,the.whoo,0
2025-04-15,the whoo,the_whoo,0
2025-04-15,the whoo,thewhoo,0
2025-04-15,tirtir,tirtir,4
2025-04-15,tonymoly,tonymoly,1
2025-04-15,torriden,torriden,1
2025-04-15,ultraformer,ultraformer,0
2025-04-15,volnewmer,volnewmer,0
2025-04-15,wellage,wellage,0
2025-04-15,yesstyle,yesstyle,8
2025-04-16,a'pieu,a'pieu,0
2025-04-16,a'pieu,a-pieu,0
2025-04-16,a'pieu,a.pieu,0
2025-04-16,a'pieu,a_pieu,0
2025-04-16,a'pieu,ap,0
2025-04-16,a'pieu,apieu,0
2025-04-16,acropass,acropass,0
2025-04-16,age-r,age-r,1
2025-04-16,age-r,age.r,0
2025-04-16,age-r,age_r,0
2025-04-16,age-r,ager,0
2025-04-16,anua,anua,3
2025-04-16,atopalm,atopalm,0
2025-04-16,bbia,bbia,0
2025-04-16,be the skin,be the skin,6
2025-04-16,be the skin,be-the-skin,0
2025-04-16,be the skin,be.the.skin,0
2025-04-16,be the skin,be_the_skin,0
2025-04-16,be the skin,betheskin,0
2025-04-16,beauty of joseon,beauty of joseon,5
2025-04-16,beauty of joseon,beauty-of-joseon,0
2025-04-16,beauty of joseon,beauty.of.joseon,0
2025-04-16,beauty of joseon,beauty_of_joseon,0
2025-04-16,beauty of joseon,beautyofjoseon,1
2025-04-16,belif,belif,1
2025-04-16,biodance,biodance,0
2025-04-16,boncept,boncept,0
2025-04-16,booster pro,booster pro,0
2025-04-16,booster pro,booster-pro,0
2025-04-16,booster pro,booster.pro,0
2025-04-16,booster pro,booster_pro,0
2025-04-16,booster pro,boosterpro,0
2025-04-16,botulax,botulax,0
2025-04-16,cell fusion c,cell fusion c,0
2025-04-16,cell fusion c,cell-fusion-c,0
2025-04-16,cell fusion c,cell.fusion.c,0
2025-04-16,cell fusion c,cell_fusion_c,0
2025-04-16,cell fusion c,cellfusionc,0
2025-04-16,centellian,centellian,0
2025-04-16,coolfase,coolfase,0
2025-04-16,cosrx,cosrx,1
2025-04-16,dalba,dalba,0
2025-04-16,goodal,goodal,0
2025-04-16,hi focus shot,hi focus shot,3
2025-04-16,hi focus shot,hi-focus-shot,0
2025-04-16,hi focus shot,hi.focus.shot,0
2025-04-16,hi focus shot,hi_focus_shot,0
2025-04-16,hi focus shot,hifocusshot,0
2025-04-16,history of whoo,history of whoo,0
2025-04-16,history of whoo,history-of-whoo,0
2025-04-16,history of whoo,history.of.whoo,0
2025-04-16,history of whoo,history_of_whoo,0
2025-04-16,history of whoo,historyofwhoo,0
2025-04-16,hwahae,hwahae,0
2025-04-16,innisfree,innisfree,1
2025-04-16,innotox,innotox,0
2025-04-16,iope,iope,0
2025-04-16,jeuveau,jeuveau,0
2025-04-16,jevegel,jevegel,0
2025-04-16,jolse,jolse,0
2025-04-16,juvelook,juvelook,0
2025-04-16,laneige,laneige,2
2025-04-16,letybo,letybo,0
2025-04-16,madeca,madeca,0
2025-04-16,mamonde,mamonde,1
2025-04-16,manyo,manyo,0
2025-04-16,medicube,medicube,1
2025-04-16,merzy,merzy,0
2025-04-16,mighty patch,mighty patch,0
2025-04-16,mighty patch,mighty-patch,0
2025-04-16,mighty patch,mighty.patch,0
2025-04-16,mighty patch,mighty_patch,0
2025-04-16,mighty patch,mightypatch,0
2025-04-16,missha,missha,1
2025-04-16,mixoon,mixoon,0
2025-04-16,nabota,nabota,0
2025-04-16,newlux,newlux,0
2025-04-16,numbuzin,numbuzin,1
2025-04-16,ohui,ohui,0
2025-04-16,oligio,oligio,0
2025-04-16,olive young,olive young,4
2025-04-16,olive young,olive-young,0
2025-04-16,olive young,olive.young,0
2025-04-16,olive young,olive_young,0
2025-04-16,olive young,oliveyoung,0
2025-04-16,peripera,peripera,0
2025-04-16,potenza,potenza,0
2025-04-16,real barrier,real barrier,0
2025-04-16,real barrier,real-barrier,0
2025-04-16,real barrier,real.barrier,0
2025-04-16,real barrier,real_barrier,0
2025-04-16,real barrier,realbarrier,0
2025-04-16,reedle shot,reedle shot,0
2025-04-16,reedle shot,reedle-shot,0
2025-04-16,reedle shot,reedle.shot,0
2025-04-16,reedle shot,reedle_shot,0
2025-04-16,reedle shot,reedleshot,0
2025-04-16,rejuran,rejuran,4
2025-04-16,rentox,rentox,0
2025-04-16,rom&nd,rom&nd,2
2025-04-16,rom&nd,romnd,0
2025-04-16,round lab,round lab,4
2025-04-16,round lab,round-lab,0
2025-04-16,round lab,round.lab,0
2025-04-16,round lab,round_lab,0
2025-04-16,round lab,roundlab,0
2025-04-16,shurink,shurink,1
2025-04-16,skin1004,skin1004,0
2025-04-16,stylekorean,stylekorean,0
2025-04-16,stylevana,stylevana,2
2025-04-16,sulwhasoo,sulwhasoo,0
2025-04-16,sylfirm,sylfirm,0
2025-04-16,the whoo,the whoo,0
2025-04-16,the whoo,the-whoo,0
2025-04-16,the whoo,the.whoo,0
2025-04-16,the whoo,the_whoo,0
2025-04-16,the whoo,thewhoo,0
2025-04-16,tirtir,tirtir,0
2025-04-16,tonymoly,tonymoly,0
2025-04-16,torriden,torriden,1
2025-04-16,ultraformer,ultraformer,0
2025-04-16,volnewmer,volnewmer,0
2025-04-16,wellage,wellage,0
2025-04-16,yesstyle,yesstyle,8
2025-04-17,a'pieu,a'pieu,0
2025-04-17,a'pieu,a-pieu,0
2025-04-17,a'pieu,a.pieu,0
2025-04-17,a'pieu,a_pieu,0
2025-04-17,a'pieu,ap,0
2025-04-17,a'pieu,apieu,0
2025-04-17,acropass,acropass,0
2025-04-17,age-r,age-r,1
2025-04-17,age-r,age.r,0
2025-04-17,age-r,age_r,0
2025-04-17,age-r,ager,0
2025-04-17,anua,anua,0
2025-04-17,atopalm,atopalm,1
2025-04-17,bbia,bbia,0
2025-04-17,be the skin,be the skin,4
2025-04-17,be the skin,be-the-skin,0
2025-04-17,be the skin,be.the.skin,0
2025-04-17,be the skin,be_the_skin,0
2025-04-17,be the skin,betheskin,0
2025-04-17,beauty of joseon,beauty of joseon,5
2025-04-17,beauty of joseon,beauty-of-joseon,0
2025-04-17,beauty of joseon,beauty.of.joseon,0
2025-04-17,beauty of joseon,beauty_of_joseon,0
2025-04-17,beauty of joseon,beautyofjoseon,0
2025-04-17,belif,belif,0
2025-04-17,biodance,biodance,0
2025-04-17,boncept,boncept,0
2025-04-17,booster pro,booster pro,1
2025-04-17,booster pro,booster-pro,0
2025-04-17,booster pro,booster.pro,0
2025-04-17,booster pro,booster_pro,0
2025-04-17,booster pro,boosterpro,0
2025-04-17,botulax,botulax,1
2025-04-17,cell fusion c,cell fusion c,0
2025-04-17,cell fusion c,cell-fusion-c,0
2025-04-17,cell fusion c,cell.fusion.c,0
2025-04-17,cell fusion c,cell_fusion_c,0
2025-04-17,cell fusion c,cellfusionc,0
2025-04-17,centellian,centellian,0
2025-04-17,coolfase,coolfase,0
2025-04-17,cosrx,cosrx,3
2025-04-17,dalba,dalba,0
2025-04-17,goodal,goodal,1
2025-04-17,hi focus shot,hi focus shot,3
2025-04-17,hi focus shot,hi-focus-shot,0
2025-04-17,hi focus shot,hi.focus.shot,0
2025-04-17,hi focus shot,hi_focus_shot,0
2025-04-17,hi focus shot,hifocusshot,0
2025-04-17,history of whoo,history of whoo,0
2025-04-17,history of whoo,history-of-whoo,0
2025-04-17,history of whoo,history.of.whoo,0
2025-04-17,history of whoo,history_of_whoo,0
2025-04-17,history of whoo,historyofwhoo,0
2025-04-17,hwahae,hwahae,0
2025-04-17,innisfree,innisfree,3
2025-04-17,innotox,innotox,2
2025-04-17,iope,iope,0
2025-04-17,jeuveau,jeuveau,0
2025-04-17,jevegel,jevegel,0
2025-04-17,jolse,jolse,0
2025-04-17,juvelook,juvelook,1
2025-04-17,laneige,laneige,1
2025-04-17,letybo,letybo,0
2025-04-17,madeca,madeca,0
2025-04-17,mamonde,mamonde,0
2025-04-17,manyo,manyo,0
2025-04-17,medicube,medicube,4
2025-04-17,merzy,merzy,0
2025-04-17,mighty patch,mighty patch,0
2025-04-17,mighty patch,mighty-patch,0
2025-04-17,mighty patch,mighty.patch,0
2025-04-17,mighty patch,mighty_patch,0
2025-04-17,mighty patch,mightypatch,0
2025-04-17,missha,missha,0
2025-04-17,mixoon,mixoon,0
2025-04-17,nabota,nabota,0
2025-04-17,newlux,newlux,0
2025-04-17,numbuzin,numbuzin,2
2025-04-17,ohui,ohui,0
2025-04-17,oligio,oligio,0
2025-04-17,olive young,olive young,1
2025-04-17,olive young,olive-young,0
2025-04-17,olive young,olive.young,0
2025-04-17,olive young,olive_young,0
2025-04-17,olive young,oliveyoung,0
2025-04-17,peripera,peripera,1
2025-04-17,potenza,potenza,0
2025-04-17,real barrier,real barrier,0
2025-04-17,real barrier,real-barrier,0
2025-04-17,real barrier,real.barrier,0
2025-04-17,real barrier,real_barrier,0
2025-04-17,real barrier,realbarrier,0
2025-04-17,reedle shot,reedle shot,1
2025-04-17,reedle shot,reedle-shot,0
2025-04-17,reedle shot,reedle.shot,0
2025-04-17,reedle shot,reedle_shot,0
2025-04-17,reedle shot,reedleshot,0
2025-04-17,rejuran,rejuran,1
2025-04-17,rentox,rentox,0
2025-04-17,rom&nd,rom&nd,1
2025-04-17,rom&nd,romnd,0
2025-04-17,round lab,round lab,2
2025-04-17,round lab,round-lab,0
2025-04-17,round lab,round.lab,0
2025-04-17,round lab,round_lab,0
2025-04-17,round lab,roundlab,0
2025-04-17,shurink,shurink,1
2025-04-17,skin1004,skin1004,2
2025-04-17,stylekorean,stylekorean,0
2025-04-17,stylevana,stylevana,1
2025-04-17,sulwhasoo,sulwhasoo,2
2025-04-17,sylfirm,sylfirm,0
2025-04-17,the whoo,the whoo,1
2025-04-17,the whoo,the-whoo,0
2025-04-17,the whoo,the.whoo,0
2025-04-17,the whoo,the_whoo,0
2025-04-17,the whoo,thewhoo,0
2025-04-17,tirtir,tirtir,0
2025-04-17,tonymoly,tonymoly,0
2025-04-17,torriden,torriden,1
2025-04-17,ultraformer,ultraformer,0
2025-04-17,volnewmer,volnewmer,0
2025-04-17,wellage,wellage,0
2025-04-17,yesstyle,yesstyle,7
2025-04-18,a'pieu,a'pieu,0
2025-04-18,a'pieu,a-pieu,0
2025-04-18,a'pieu,a.pieu,0
2025-04-18,a'pieu,a_pieu,0
2025-04-18,a'pieu,ap,0
2025-04-18,a'pieu,apieu,0
2025-04-18,acropass,acropass,0
2025-04-18,age-r,age-r,0
2025-04-18,age-r,age.r,0
2025-04-18,age-r,age_r,0
2025-04-18,age-r,ager,0
2025-04-18,anua,anua,4
2025-04-18,atopalm,atopalm,1
2025-04-18,bbia,bbia,0
2025-04-18,be the skin,be the skin,4
2025-04-18,be the skin,be-the-skin,0
2025-04-18,be the skin,be.the.skin,0
2025-04-18,be the skin,be_the_skin,0
2025-04-18,be the skin,betheskin,0
2025-04-18,beauty of joseon,beauty of joseon,3
2025-04-18,beauty of joseon,beauty-of-joseon,0
2025-04-18,beauty of joseon,beauty.of.joseon,0
2025-04-18,beauty of joseon,beauty_of_joseon,0
2025-04-18,beauty of joseon,beautyofjoseon,0
2025-04-18,belif,belif,0
2025-04-18,biodance,biodance,1
2025-04-18,boncept,boncept,0
2025-04-18,booster pro,booster pro,0
2025-04-18,booster pro,booster-pro,0
2025-04-18,booster pro,booster.pro,0
2025-04-18,booster pro,booster_pro,0
2025-04-18,booster pro,boosterpro,0
2025-04-18,botulax,botulax,0
2025-04-18,cell fusion c,cell fusion c,1
2025-04-18,cell fusion c,cell-fusion-c,0
2025-04-18,cell fusion c,cell.fusion.c,0
2025-04-18,cell fusion c,cell_fusion_c,0
2025-04-18,cell fusion c,cellfusionc,0
2025-04-18,centellian,centellian,1
2025-04-18,coolfase,coolfase,0
2025-04-18,cosrx,cosrx,5
2025-04-18,dalba,dalba,0
2025-04-18,goodal,goodal,0
2025-04-18,hi focus shot,hi focus shot,1
2025-04-18,hi focus shot,hi-focus-shot,0
2025-04-18,hi focus shot,hi.focus.shot,0
2025-04-18,hi focus shot,hi_focus_shot,0
2025-04-18,hi focus shot,hifocusshot,0
2025-04-18,history of whoo,history of whoo,0
2025-04-18,history of whoo,history-of-whoo,0
2025-04-18,history of whoo,history.of.whoo,0
2025-04-18,history of whoo,history_of_whoo,0
2025-04-18,history of whoo,historyofwhoo,0
2025-04-18,hwahae,hwahae,0
2025-04-18,innisfree,innisfree,1
2025-04-18,innotox,innotox,1
2025-04-18,iope,iope,0
2025-04-18,jeuveau,jeuveau,0
2025-04-18,jevegel,jevegel,0
2025-04-18,jolse,jolse,0
2025-04-18,juvelook,juvelook,0
2025-04-18,laneige,laneige,1
2025-04-18,letybo,letybo,0
2025-04-18,madeca,madeca,1
2025-04-18,mamonde,mamonde,0
2025-04-18,manyo,manyo,0
2025-04-18,medicube,medicube,0
2025-04-18,merzy,merzy,0
2025-04-18,mighty patch,mighty patch,1
2025-04-18,mighty patch,mighty-patch,0
2025-04-18,mighty patch,mighty.patch,0
2025-04-18,mighty patch,mighty_patch,0
2025-04-18,mighty patch,mightypatch,0
2025-04-18,missha,missha,3
2025-04-18,mixoon,mixoon,0
2025-04-18,nabota,nabota,0
2025-04-18,newlux,newlux,0
2025-04-18,numbuzin,numbuzin,1
2025-04-18,ohui,ohui,0
2025-04-18,oligio,oligio,0
2025-04-18,olive young,olive young,2
2025-04-18,olive young,olive-young,0
2025-04-18,olive young,olive.young,0
2025-04-18,olive young,olive_young,0
2025-04-18,olive young,oliveyoung,1
2025-04-18,peripera,peripera,3
2025-04-18,potenza,potenza,1
2025-04-18,real barrier,real barrier,0
2025-04-18,real barrier,real-barrier,0
2025-04-18,real barrier,real.barrier,0
2025-04-18,real barrier,real_barrier,0
2025-04-18,real barrier,realbarrier,0
2025-04-18,reedle shot,reedle shot,0
2025-04-18,reedle shot,reedle-shot,0
2025-04-18,reedle shot,reedle.shot,0
2025-04-18,reedle shot,reedle_shot,0
2025-04-18,reedle shot,reedleshot,0
2025-04-18,rejuran,rejuran,0
2025-04-18,rentox,rentox,0
2025-04-18,rom&nd,rom&nd,3
2025-04-18,rom&nd,romnd,0
2025-04-18,round lab,round lab,1
2025-04-18,round lab,round-lab,0
2025-04-18,round lab,round.lab,0
2025-04-18,round lab,round_lab,0
2025-04-18,round lab,roundlab,1
2025-04-18,shurink,shurink,0
2025-04-18,skin1004,skin1004,5
2025-04-18,stylekorean,stylekorean,1
2025-04-18,stylevana,stylevana,3
2025-04-18,sulwhasoo,sulwhasoo,0
2025-04-18,sylfirm,sylfirm,0
2025-04-18,the whoo,the whoo,1
2025-04-18,the whoo,the-whoo,0
2025-04-18,the whoo,the.whoo,0
2025-04-18,the whoo,the_whoo,0
2025-04-18,the whoo,thewhoo,0
2025-04-18,tirtir,tirtir,2
2025-04-18,tonymoly,tonymoly,0
2025-04-18,torriden,torriden,1
2025-04-18,ultraformer,ultraformer,0
2025-04-18,volnewmer,volnewmer,0
2025-04-18,wellage,wellage,0
2025-04-18,yesstyle,yesstyle,2
2025-04-19,a'pieu,a'pieu,0
2025-04-19,a'pieu,a-pieu,0
2025-04-19,a'pieu,a.pieu,0
2025-04-19,a'pieu,a_pieu,0
2025-04-19,a'pieu,ap,0
2025-04-19,a'pieu,apieu,0
2025-04-19,acropass,acropass,0
2025-04-19,age-r,age-r,1
2025-04-19,age-r,age.r,0
2025-04-19,age-r,age_r,0
2025-04-19,age-r,ager,0
2025-04-19,anua,anua,6
2025-04-19,atopalm,atopalm,0
2025-04-19,bbia,bbia,0
2025-04-19,be the skin,be the skin,8
2025-04-19,be the skin,be-the-skin,0
2025-04-19,be the skin,be.the.skin,0
2025-04-19,be the skin,be_the_skin,0
2025-04-19,be the skin,betheskin,0
2025-04-19,beauty of joseon,beauty of joseon,6
2025-04-19,beauty of joseon,beauty-of-joseon,0
2025-04-19,beauty of joseon,beauty.of.joseon,0
2025-04-19,beauty of joseon,beauty_of_joseon,0
2025-04-19,beauty of joseon,beautyofjoseon,0
2025-04-19,belif,belif,0
2025-04-19,biodance,biodance,0
2025-04-19,boncept,boncept,0
2025-04-19,booster pro,booster pro,1
2025-04-19,booster pro,booster-pro,0
2025-04-19,booster pro,booster.pro,0
2025-04-19,booster pro,booster_pro,0
2025-04-19,booster pro,boosterpro,0
2025-04-19,botulax,botulax,0
2025-04-19,cell fusion c,cell fusion c,0
2025-04-19,cell fusion c,cell-fusion-c,0
2025-04-19,cell fusion c,cell.fusion.c,0
2025-04-19,cell fusion c,cell_fusion_c,0
2025-04-19,cell fusion c,cellfusionc,0
2025-04-19,centellian,centellian,0
2025-04-19,coolfase,coolfase,0
2025-04-19,cosrx,cosrx,4
2025-04-19,dalba,dalba,0
2025-04-19,goodal,goodal,0
2025-04-19,hi focus shot,hi focus shot,2
2025-04-19,hi focus shot,hi-focus-shot,0
2025-04-19,hi focus shot,hi.focus.shot,0
2025-04-19,hi focus shot,hi_focus_shot,0
2025-04-19,hi focus shot,hifocusshot,0
2025-04-19,history of whoo,history of whoo,0
2025-04-19,history of whoo,history-of-whoo,0
2025-04-19,history of whoo,history.of.whoo,0
2025-04-19,history of whoo,history_of_whoo,0
2025-04-19,history of whoo,historyofwhoo,0
2025-04-19,hwahae,hwahae,0
2025-04-19,innisfree,innisfree,3
2025-04-19,innotox,innotox,2
2025-04-19,iope,iope,0
2025-04-19,jeuveau,jeuveau,0
2025-04-19,jevegel,jevegel,0
2025-04-19,jolse,jolse,0
2025-04-19,juvelook,juvelook,5
2025-04-19,laneige,laneige,3
2025-04-19,letybo,letybo,0
2025-04-19,madeca,madeca,0
2025-04-19,mamonde,mamonde,0
2025-04-19,manyo,manyo,2
2025-04-19,medicube,medicube,2
2025-04-19,merzy,merzy,0
2025-04-19,mighty patch,mighty patch,0
2025-04-19,mighty patch,mighty-patch,0
2025-04-19,mighty patch,mighty.patch,0
2025-04-19,mighty patch,mighty_patch,0
2025-04-19,mighty patch,mightypatch,0
2025-04-19,missha,missha,2
2025-04-19,mixoon,mixoon,0
2025-04-19,nabota,nabota,1
2025-04-19,newlux,newlux,0
2025-04-19,numbuzin,numbuzin,4
2025-04-19,ohui,ohui,0
2025-04-19,oligio,oligio,0
2025-04-19,olive young,olive young,4
2025-04-19,olive young,olive-young,0
2025-04-19,olive young,olive.young,0
2025-04-19,olive young,olive_young,0
2025-04-19,olive young,oliveyoung,0
2025-04-19,peripera,peripera,1
2025-04-19,potenza,potenza,0
2025-04-19,real barrier,real barrier,0
2025-04-19,real barrier,real-barrier,0
2025-04-19,real barrier,real.barrier,0
2025-04-19,real barrier,real_barrier,0
2025-04-19,real barrier,realbarrier,0
2025-04-19,reedle shot,reedle shot,0
2025-04-19,reedle shot,reedle-shot,0
2025-04-19,reedle shot,reedle.shot,0
2025-04-19,reedle shot,reedle_shot,0
2025-04-19,reedle shot,reedleshot,0
2025-04-19,rejuran,rejuran,2
2025-04-19,rentox,rentox,0
2025-04-19,rom&nd,rom&nd,1
2025-04-19,rom&nd,romnd,0
2025-04-19,round lab,round lab,1
2025-04-19,round lab,round-lab,0
2025-04-19,round lab,round.lab,0
2025-04-19,round lab,round_lab,0
2025-04-19,round lab,roundlab,1
2025-04-19,shurink,shurink,1
2025-04-19,skin1004,skin1004,5
2025-04-19,stylekorean,stylekorean,1
2025-04-19,stylevana,stylevana,1
2025-04-19,sulwhasoo,sulwhasoo,0
2025-04-19,sylfirm,sylfirm,1
2025-04-19,the whoo,the whoo,0
2025-04-19,the whoo,the-whoo,0
2025-04-19,the whoo,the.whoo,0
2025-04-19,the whoo,the_whoo,0
2025-04-19,the whoo,thewhoo,0
2025-04-19,tirtir,tirtir,3
2025-04-19,tonymoly,tonymoly,0
2025-04-19,torriden,torriden,0
2025-04-19,ultraformer,ultraformer,0
2025-04-19,volnewmer,volnewmer,0
2025-04-19,wellage,wellage,0
2025-04-19,yesstyle,yesstyle,3
2025-04-20,a'pieu,a'pieu,1
2025-04-20,a'pieu,a-pieu,0
2025-04-20,a'pieu,a.pieu,0
2025-04-20,a'pieu,a_pieu,0
2025-04-20,a'pieu,ap,1
2025-04-20,a'pieu,apieu,0
2025-04-20,acropass,acropass,0
2025-04-20,age-r,age-r,1
2025-04-20,age-r,age.r,0
2025-04-20,age-r,age_r,0
2025-04-20,age-r,ager,0
2025-04-20,anua,anua,0
2025-04-20,atopalm,atopalm,0
2025-04-20,bbia,bbia,0
2025-04-20,be the skin,be the skin,2
2025-04-20,be the skin,be-the-skin,0
2025-04-20,be the skin,be.the.skin,0
2025-04-20,be the skin,be_the_skin,0
2025-04-20,be the skin,betheskin,0
2025-04-20,beauty of joseon,beauty of joseon,5
2025-04-20,beauty of joseon,beauty-of-joseon,0
2025-04-20,beauty of joseon,beauty.of.joseon,0
2025-04-20,beauty of joseon,beauty_of_joseon,0
2025-04-20,beauty of joseon,beautyofjoseon,0
2025-04-20,belif,belif,1
2025-04-20,biodance,biodance,0
2025-04-20,boncept,boncept,0
2025-04-20,booster pro,booster pro,1
2025-04-20,booster pro,booster-pro,0
2025-04-20,booster pro,booster.pro,0
2025-04-20,booster pro,booster_pro,0
2025-04-20,booster pro,boosterpro,0
2025-04-20,botulax,botulax,1
2025-04-20,cell fusion c,cell fusion c,0
2025-04-20,cell fusion c,cell-fusion-c,0
2025-04-20,cell fusion c,cell.fusion.c,0
2025-04-20,cell fusion c,cell_fusion_c,0
2025-04-20,cell fusion c,cellfusionc,0
2025-04-20,centellian,centellian,0
2025-04-20,coolfase,coolfase,0
2025-04-20,cosrx,cosrx,2
2025-04-20,dalba,dalba,0
2025-04-20,goodal,goodal,1
2025-04-20,hi focus shot,hi focus shot,3
2025-04-20,hi focus shot,hi-focus-shot,0
2025-04-20,hi focus shot,hi.focus.shot,0
2025-04-20,hi focus shot,hi_focus_shot,0
2025-04-20,hi focus shot,hifocusshot,0
2025-04-20,history of whoo,history of whoo,0
2025-04-20,history of whoo,history-of-whoo,0
2025-04-20,history of whoo,history.of.whoo,0
2025-04-20,history of whoo,history_of_whoo,0
2025-04-20,history of whoo,historyofwhoo,0
2025-04-20,hwahae,hwahae,1
2025-04-20,innisfree,innisfree,3
2025-04-20,innotox,innotox,2
2025-04-20,iope,iope,0
2025-04-20,jeuveau,jeuveau,2
2025-04-20,jevegel,jevegel,0
2025-04-20,jolse,jolse,0
2025-04-20,juvelook,juvelook,0
2025-04-20,laneige,laneige,2
2025-04-20,letybo,letybo,0
2025-04-20,madeca,madeca,0
2025-04-20,mamonde,mamonde,0
2025-04-20,manyo,manyo,2
2025-04-20,medicube,medicube,4
2025-04-20,merzy,merzy,0
2025-04-20,mighty patch,mighty patch,0
2025-04-20,mighty patch,mighty-patch,0
2025-04-20,mighty patch,mighty.patch,0
2025-04-20,mighty patch,mighty_patch,0
2025-04-20,mighty patch,mightypatch,0
2025-04-20,missha,missha,0
2025-04-20,mixoon,mixoon,0
2025-04-20,nabota,nabota,0
2025-04-20,newlux,newlux,0
2025-04-20,numbuzin,numbuzin,0
2025-04-20,ohui,ohui,0
2025-04-20,oligio,oligio,0
2025-04-20,olive young,olive young,1
2025-04-20,olive young,olive-young,0
2025-04-20,olive young,olive.young,0
2025-04-20,olive young,olive_young,0
2025-04-20,olive young,oliveyoung,0
2025-04-20,peripera,peripera,2
2025-04-20,potenza,potenza,0
2025-04-20,real barrier,real barrier,0
2025-04-20,real barrier,real-barrier,0
2025-04-20,real barrier,real.barrier,0
2025-04-20,real barrier,real_barrier,0
2025-04-20,real barrier,realbarrier,0
2025-04-20,reedle shot,reedle shot,0
2025-04-20,reedle shot,reedle-shot,0
2025-04-20,reedle shot,reedle.shot,0
2025-04-20,reedle shot,reedle_shot,0
2025-04-20,reedle shot,reedleshot,0
2025-04-20,rejuran,rejuran,1
2025-04-20,rentox,rentox,0
2025-04-20,rom&nd,rom&nd,2
2025-04-20,rom&nd,romnd,0
2025-04-20,round lab,round lab,1
2025-04-20,round lab,round-lab,0
2025-04-20,round lab,round.lab,0
2025-04-20,round lab,round_lab,0
2025-04-20,round lab,roundlab,0
2025-04-20,shurink,shurink,1
2025-04-20,skin1004,skin1004,2
2025-04-20,stylekorean,stylekorean,0
2025-04-20,stylevana,stylevana,1
2025-04-20,sulwhasoo,sulwhasoo,0
2025-04-20,sylfirm,sylfirm,0
2025-04-20,the whoo,the whoo,0
2025-04-20,the whoo,the-whoo,0
2025-04-20,the whoo,the.whoo,0
2025-04-20,the whoo,the_whoo,0
2025-04-20,the whoo,thewhoo,0
2025-04-20,tirtir,tirtir,0
2025-04-20,tonymoly,tonymoly,0
2025-04-20,torriden,torriden,3
2025-04-20,ultraformer,ultraformer,0
2025-04-20,volnewmer,volnewmer,0
2025-04-20,wellage,wellage,0
2025-04-20,yesstyle,yesstyle,3
2025-04-21,a'pieu,a'pieu,0
2025-04-21,a'pieu,a-pieu,0
2025-04-21,a'pieu,a.pieu,0
2025-04-21,a'pieu,a_pieu,0
2025-04-21,a'pieu,ap,1
2025-04-21,a'pieu,apieu,0
2025-04-21,acropass,acropass,0
2025-04-21,age-r,age-r,2
2025-04-21,age-r,age.r,0
2025-04-21,age-r,age_r,0
2025-04-21,age-r,ager,0
2025-04-21,anua,anua,3
2025-04-21,atopalm,atopalm,0
2025-04-21,bbia,bbia,0
2025-04-21,be the skin,be the skin,7
2025-04-21,be the skin,be-the-skin,0
2025-04-21,be the skin,be.the.skin,0
2025-04-21,be the skin,be_the_skin,0
2025-04-21,be the skin,betheskin,0
2025-04-21,beauty of joseon,beauty of joseon,4
2025-04-21,beauty of joseon,beauty-of-joseon,0
2025-04-21,beauty of joseon,beauty.of.joseon,0
2025-04-21,beauty of joseon,beauty_of_joseon,0
2025-04-21,beauty of joseon,beautyofjoseon,0
2025-04-21,belif,belif,1
2025-04-21,biodance,biodance,1
2025-04-21,boncept,boncept,0
2025-04-21,booster pro,booster pro,2
2025-04-21,booster pro,booster-pro,0
2025-04-21,booster pro,booster.pro,0
2025-04-21,booster pro,booster_pro,0
2025-04-21,booster pro,boosterpro,0
2025-04-21,botulax,botulax,1
2025-04-21,cell fusion c,cell fusion c,1
2025-04-21,cell fusion c,cell-fusion-c,0
2025-04-21,cell fusion c,cell.fusion.c,0
2025-04-21,cell fusion c,cell_fusion_c,0
2025-04-21,cell fusion c,cellfusionc,0
2025-04-21,centellian,centellian,1
2025-04-21,coolfase,coolfase,0
2025-04-21,cosrx,cosrx,1
2025-04-21,dalba,dalba,0
2025-04-21,goodal,goodal,0
2025-04-21,hi focus shot,hi focus shot,4
2025-04-21,hi focus shot,hi-focus-shot,0
2025-04-21,hi focus shot,hi.focus.shot,0
2025-04-21,hi focus shot,hi_focus_shot,0
2025-04-21,hi focus shot,hifocusshot,0
2025-04-21,history of whoo,history of whoo,0
2025-04-21,history of whoo,history-of-whoo,0
2025-04-21,history of whoo,history.of.whoo,0
2025-04-21,history of whoo,history_of_whoo,0
2025-04-21,history of whoo,historyofwhoo,0
2025-04-21,hwahae,hwahae,0
2025-04-21,innisfree,innisfree,0
2025-04-21,innotox,innotox,0
2025-04-21,iope,iope,0
2025-04-21,jeuveau,jeuveau,0
2025-04-21,jevegel,jevegel,0
2025-04-21,jolse,jolse,3
2025-04-21,juvelook,juvelook,1
2025-04-21,laneige,laneige,3
2025-04-21,letybo,letybo,0
2025-04-21,madeca,madeca,1
2025-04-21,mamonde,mamonde,0
2025-04-21,manyo,manyo,0
2025-04-21,medicube,medicube,3
2025-04-21,merzy,merzy,0
2025-04-21,mighty patch,mighty patch,2
2025-04-21,mighty patch,mighty-patch,0
2025-04-21,mighty patch,mighty.patch,0
2025-04-21,mighty patch,mighty_patch,0
2025-04-21,mighty patch,mightypatch,0
2025-04-21,missha,missha,2
2025-04-21,mixoon,mixoon,0
2025-04-21,nabota,nabota,1
2025-04-21,newlux,newlux,0
2025-04-21,numbuzin,numbuzin,2
2025-04-21,ohui,ohui,0
2025-04-21,oligio,oligio,0
2025-04-21,olive young,olive young,5
2025-04-21,olive young,olive-young,0
2025-04-21,olive young,olive.young,0
2025-04-21,olive young,olive_young,0
2025-04-21,olive young,oliveyoung,0
2025-04-21,peripera,peripera,3
2025-04-21,potenza,potenza,0
2025-04-21,real barrier,real barrier,3
2025-04-21,real barrier,real-barrier,0
2025-04-21,real barrier,real.barrier,0
2025-04-21,real barrier,real_barrier,0
2025-04-21,real barrier,realbarrier,0
2025-04-21,reedle shot,reedle shot,0
2025-04-21,reedle shot,reedle-shot,0
2025-04-21,reedle shot,reedle.shot,0
2025-04-21,reedle shot,reedle_shot,0
2025-04-21,reedle shot,reedleshot,0
2025-04-21,rejuran,rejuran,1
2025-04-21,rentox,rentox,0
2025-04-21,rom&nd,rom&nd,1
2025-04-21,rom&nd,romnd,0
2025-04-21,round lab,round lab,1
2025-04-21,round lab,round-lab,0
2025-04-21,round lab,round.lab,0
2025-04-21,round lab,round_lab,0
2025-04-21,round lab,roundlab,2
2025-04-21,shurink,shurink,0
2025-04-21,skin1004,skin1004,6
2025-04-21,stylekorean,stylekorean,1
2025-04-21,stylevana,stylevana,0
2025-04-21,sulwhasoo,sulwhasoo,0
2025-04-21,sylfirm,sylfirm,0
2025-04-21,the whoo,the whoo,1
2025-04-21,the whoo,the-whoo,0
2025-04-21,the whoo,the.whoo,0
2025-04-21,the whoo,the_whoo,0
2025-04-21,the whoo,thewhoo,0
2025-04-21,tirtir,tirtir,2
2025-04-21,tonymoly,tonymoly,0
2025-04-21,torriden,torriden,1
2025-04-21,ultraformer,ultraformer,0
2025-04-21,volnewmer,volnewmer,0
2025-04-21,wellage,wellage,0
2025-04-21,yesstyle,yesstyle,7
2025-04-22,a'pieu,a'pieu,0
2025-04-22,a'pieu,a-pieu,0
2025-04-22,a'pieu,a.pieu,0
2025-04-22,a'pieu,a_pieu,0
2025-04-22,a'pieu,ap,0
2025-04-22,a'pieu,apieu,0
2025-04-22,acropass,acropass,0
2025-04-22,age-r,age-r,1
2025-04-22,age-r,age.r,0
2025-04-22,age-r,age_r,0
2025-04-22,age-r,ager,0
2025-04-22,anua,anua,5
2025-04-22,atopalm,atopalm,0
2025-04-22,bbia,bbia,0
2025-04-22,be the skin,be the skin,6
2025-04-22,be the skin,be-the-skin,0
2025-04-22,be the skin,be.the.skin,0
2025-04-22,be the skin,be_the_skin,0
2025-04-22,be the skin,betheskin,0
2025-04-22,beauty of joseon,beauty of joseon,5
2025-04-22,beauty of joseon,beauty-of-joseon,0
2025-04-22,beauty of joseon,beauty.of.joseon,0
2025-04-22,beauty of joseon,beauty_of_joseon,0
2025-04-22,beauty of joseon,beautyofjoseon,0
2025-04-22,belif,belif,0
2025-04-22,biodance,biodance,0
2025-04-22,boncept,boncept,0
2025-04-22,booster pro,booster pro,0
2025-04-22,booster pro,booster-pro,0
2025-04-22,booster pro,booster.pro,0
2025-04-22,booster pro,booster_pro,0
2025-04-22,booster pro,boosterpro,0
2025-04-22,botulax,botulax,0
2025-04-22,cell fusion c,cell fusion c,0
2025-04-22,cell fusion c,cell-fusion-c,0
2025-04-22,cell fusion c,cell.fusion.c,0
2025-04-22,cell fusion c,cell_fusion_c,0
2025-04-22,cell fusion c,cellfusionc,0
2025-04-22,centellian,centellian,0
2025-04-22,coolfase,coolfase,0
2025-04-22,cosrx,cosrx,7
2025-04-22,dalba,dalba,0
2025-04-22,goodal,goodal,0
2025-04-22,hi focus shot,hi focus shot,3
2025-04-22,hi focus shot,hi-focus-shot,0
2025-04-22,hi focus shot,hi.focus.shot,0
2025-04-22,hi focus shot,hi_focus_shot,0
2025-04-22,hi focus shot,hifocusshot,0
2025-04-22,history of whoo,history of whoo,0
2025-04-22,history of whoo,history-of-whoo,0
2025-04-22,history of whoo,history.of.whoo,0
2025-04-22,history of whoo,history_of_whoo,0
2025-04-22,history of whoo,historyofwhoo,0
2025-04-22,hwahae,hwahae,0
2025-04-22,innisfree,innisfree,3
2025-04-22,innotox,innotox,0
2025-04-22,iope,iope,0
2025-04-22,jeuveau,jeuveau,0
2025-04-22,jevegel,jevegel,0
2025-04-22,jolse,jolse,0
2025-04-22,juvelook,juvelook,1
2025-04-22,laneige,laneige,3
2025-04-22,letybo,letybo,0
2025-04-22,madeca,madeca,0
2025-04-22,mamonde,mamonde,1
2025-04-22,manyo,manyo,1
2025-04-22,medicube,medicube,4
2025-04-22,merzy,merzy,0
2025-04-22,mighty patch,mighty patch,1
2025-04-22,mighty patch,mighty-patch,0
2025-04-22,mighty patch,mighty.patch,0
2025-04-22,mighty patch,mighty_patch,0
2025-04-22,mighty patch,mightypatch,0
2025-04-22,missha,missha,0
2025-04-22,mixoon,mixoon,0
2025-04-22,nabota,nabota,0
2025-04-22,newlux,newlux,0
2025-04-22,numbuzin,numbuzin,3
2025-04-22,ohui,ohui,0
2025-04-22,oligio,oligio,0
2025-04-22,olive young,olive young,4
2025-04-22,olive young,olive-young,0
2025-04-22,olive young,olive.young,0
2025-04-22,olive young,olive_young,0
2025-04-22,olive young,oliveyoung,1
2025-04-22,peripera,peripera,2
2025-04-22,potenza,potenza,1
2025-04-22,real barrier,real barrier,0
2025-04-22,real barrier,real-barrier,0
2025-04-22,real barrier,real.barrier,0
2025-04-22,real barrier,real_barrier,0
2025-04-22,real barrier,realbarrier,0
2025-04-22,reedle shot,reedle shot,1
2025-04-22,reedle shot,reedle-shot,0
2025-04-22,reedle shot,reedle.shot,0
2025-04-22,reedle shot,reedle_shot,0
2025-04-22,reedle shot,reedleshot,0
2025-04-22,rejuran,rejuran,3
2025-04-22,rentox,rentox,0
2025-04-22,rom&nd,rom&nd,1
2025-04-22,rom&nd,romnd,0
2025-04-22,round lab,round lab,2
2025-04-22,round lab,round-lab,0
2025-04-22,round lab,round.lab,0
2025-04-22,round lab,round_lab,0
2025-04-22,round lab,roundlab,2
2025-04-22,shurink,shurink,0
2025-04-22,skin1004,skin1004,3
2025-04-22,stylekorean,stylekorean,3
2025-04-22,stylevana,stylevana,1
2025-04-22,sulwhasoo,sulwhasoo,0
2025-04-22,sylfirm,sylfirm,0
2025-04-22,the whoo,the whoo,0
2025-04-22,the whoo,the-whoo,0
2025-04-22,the whoo,the.whoo,0
2025-04-22,the whoo,the_whoo,0
2025-04-22,the whoo,thewhoo,0
2025-04-22,tirtir,tirtir,3
2025-04-22,tonymoly,tonymoly,0
2025-04-22,torriden,torriden,4
2025-04-22,ultraformer,ultraformer,0
2025-04-22,volnewmer,volnewmer,0
2025-04-22,wellage,wellage,0
2025-04-22,yesstyle,yesstyle,2
2025-04-23,a'pieu,a'pieu,0
2025-04-23,a'pieu,a-pieu,1
2025-04-23,a'pieu,a.pieu,0
2025-04-23,a'pieu,a_pieu,0
2025-04-23,a'pieu,ap,1
2025-04-23,a'pieu,apieu,0
2025-04-23,acropass,acropass,0
2025-04-23,age-r,age-r,1
2025-04-23,age-r,age.r,0
2025-04-23,age-r,age_r,0
2025-04-23,age-r,ager,0
2025-04-23,anua,anua,5
2025-04-23,atopalm,atopalm,0
2025-04-23,bbia,bbia,0
2025-04-23,be the skin,be the skin,11
2025-04-23,be the skin,be-the-skin,0
2025-04-23,be the skin,be.the.skin,0
2025-04-23,be the skin,be_the_skin,0
2025-04-23,be the skin,betheskin,0
2025-04-23,beauty of joseon,beauty of joseon,9
2025-04-23,beauty of joseon,beauty-of-joseon,0
2025-04-23,beauty of joseon,beauty.of.joseon,0
2025-04-23,beauty of joseon,beauty_of_joseon,0
2025-04-23,beauty of joseon,beautyofjoseon,0
2025-04-23,belif,belif,0
2025-04-23,biodance,biodance,0
2025-04-23,boncept,boncept,0
2025-04-23,booster pro,booster pro,0
2025-04-23,booster pro,booster-pro,0
2025-04-23,booster pro,booster.pro,0
2025-04-23,booster pro,booster_pro,0
2025-04-23,booster pro,boosterpro,0
2025-04-23,botulax,botulax,1
2025-04-23,cell fusion c,cell fusion c,1
2025-04-23,cell fusion c,cell-fusion-c,0
2025-04-23,cell fusion c,cell.fusion.c,0
2025-04-23,cell fusion c,cell_fusion_c,0
2025-04-23,cell fusion c,cellfusionc,0
2025-04-23,centellian,centellian,0
2025-04-23,coolfase,coolfase,0
2025-04-23,cosrx,cosrx,6
2025-04-23,dalba,dalba,1
2025-04-23,goodal,goodal,0
2025-04-23,hi focus shot,hi focus shot,1
2025-04-23,hi focus shot,hi-focus-shot,0
2025-04-23,hi focus shot,hi.focus.shot,0
2025-04-23,hi focus shot,hi_focus_shot,0
2025-04-23,hi focus shot,hifocusshot,0
2025-04-23,history of whoo,history of whoo,0
2025-04-23,history of whoo,history-of-whoo,0
2025-04-23,history of whoo,history.of.whoo,0
2025-04-23,history of whoo,history_of_whoo,0
2025-04-23,history of whoo,historyofwhoo,0
2025-04-23,hwahae,hwahae,0
2025-04-23,innisfree,innisfree,1
2025-04-23,innotox,innotox,0
2025-04-23,iope,iope,0
2025-04-23,jeuveau,jeuveau,0
2025-04-23,jevegel,jevegel,0
2025-04-23,jolse,jolse,0
2025-04-23,juvelook,juvelook,1
2025-04-23,laneige,laneige,7
2025-04-23,letybo,letybo,0
2025-04-23,madeca,madeca,0
2025-04-23,mamonde,mamonde,2
2025-04-23,manyo,manyo,2
2025-04-23,medicube,medicube,0
2025-04-23,merzy,merzy,0
2025-04-23,mighty patch,mighty patch,0
2025-04-23,mighty patch,mighty-patch,0
2025-04-23,mighty patch,mighty.patch,0
2025-04-23,mighty patch,mighty_patch,0
2025-04-23,mighty patch,mightypatch,0
2025-04-23,missha,missha,1
2025-04-23,mixoon,mixoon,0
2025-04-23,nabota,nabota,0
2025-04-23,newlux,newlux,0
2025-04-23,numbuzin,numbuzin,1
2025-04-23,ohui,ohui,0
2025-04-23,oligio,oligio,0
2025-04-23,olive young,olive young,7
2025-04-23,olive young,olive-young,0
2025-04-23,olive young,olive.young,0
2025-04-23,olive young,olive_young,0
2025-04-23,olive young,oliveyoung,0
2025-04-23,peripera,peripera,2
2025-04-23,potenza,potenza,0
2025-04-23,real barrier,real barrier,0
2025-04-23,real barrier,real-barrier,0
2025-04-23,real barrier,real.barrier,0
2025-04-23,real barrier,real_barrier,0
2025-04-23,real barrier,realbarrier,0
2025-04-23,reedle shot,reedle shot,0
2025-04-23,reedle shot,reedle-shot,0
2025-04-23,reedle shot,reedle.shot,0
2025-04-23,reedle shot,reedle_shot,0
2025-04-23,reedle shot,reedleshot,0
2025-04-23,rejuran,rejuran,0
2025-04-23,rentox,rentox,0
2025-04-23,rom&nd,rom&nd,1
2025-04-23,rom&nd,romnd,1
2025-04-23,round lab,round lab,2
2025-04-23,round lab,round-lab,0
2025-04-23,round lab,round.lab,0
2025-04-23,round lab,round_lab,0
2025-04-23,round lab,roundlab,0
2025-04-23,shurink,shurink,0
2025-04-23,skin1004,skin1004,3
2025-04-23,stylekorean,stylekorean,0
2025-04-23,stylevana,stylevana,1
2025-04-23,sulwhasoo,sulwhasoo,1
2025-04-23,sylfirm,sylfirm,0
2025-04-23,the whoo,the whoo,0
2025-04-23,the whoo,the-whoo,0
2025-04-23,the whoo,the.whoo,0
2025-04-23,the whoo,the_whoo,0
2025-04-23,the whoo,thewhoo,0
2025-04-23,tirtir,tirtir,2
2025-04-23,tonymoly,tonymoly,0
2025-04-23,torriden,torriden,1
2025-04-23,ultraformer,ultraformer,0
2025-04-23,volnewmer,volnewmer,0
2025-04-23,wellage,wellage,0
2025-04-23,yesstyle,yesstyle,4
2025-04-24,a'pieu,a'pieu,0
2025-04-24,a'pieu,a-pieu,0
2025-04-24,a'pieu,a.pieu,0
2025-04-24,a'pieu,a_pieu,0
2025-04-24,a'pieu,ap,0
2025-04-24,a'pieu,apieu,0
2025-04-24,acropass,acropass,0
2025-04-24,age-r,age-r,1
2025-04-24,age-r,age.r,0
2025-04-24,age-r,age_r,0
2025-04-24,age-r,ager,0
2025-04-24,anua,anua,0
2025-04-24,atopalm,atopalm,0
2025-04-24,bbia,bbia,0
2025-04-24,be the skin,be the skin,11
2025-04-24,be the skin,be-the-skin,0
2025-04-24,be the skin,be.the.skin,0
2025-04-24,be the skin,be_the_skin,0
2025-04-24,be the skin,betheskin,0
2025-04-24,beauty of joseon,beauty of joseon,2
2025-04-24,beauty of joseon,beauty-of-joseon,0
2025-04-24,beauty of joseon,beauty.of.joseon,0
2025-04-24,beauty of joseon,beauty_of_joseon,0
2025-04-24,beauty of joseon,beautyofjoseon,0
2025-04-24,belif,belif,0
2025-04-24,biodance,biodance,0
2025-04-24,boncept,boncept,0
2025-04-24,booster pro,booster pro,1
2025-04-24,booster pro,booster-pro,0
2025-04-24,booster pro,booster.pro,0
2025-04-24,booster pro,booster_pro,0
2025-04-24,booster pro,boosterpro,0
2025-04-24,botulax,botulax,0
2025-04-24,cell fusion c,cell fusion c,1
2025-04-24,cell fusion c,cell-fusion-c,0
2025-04-24,cell fusion c,cell.fusion.c,0
2025-04-24,cell fusion c,cell_fusion_c,0
2025-04-24,cell fusion c,cellfusionc,0
2025-04-24,centellian,centellian,0
2025-04-24,coolfase,coolfase,0
2025-04-24,cosrx,cosrx,8
2025-04-24,dalba,dalba,0
2025-04-24,goodal,goodal,1
2025-04-24,hi focus shot,hi focus shot,1
2025-04-24,hi focus shot,hi-focus-shot,0
2025-04-24,hi focus shot,hi.focus.shot,0
2025-04-24,hi focus shot,hi_focus_shot,0
2025-04-24,hi focus shot,hifocusshot,0
2025-04-24,history of whoo,history of whoo,0
2025-04-24,history of whoo,history-of-whoo,0
2025-04-24,history of whoo,history.of.whoo,0
2025-04-24,history of whoo,history_of_whoo,0
2025-04-24,history of whoo,historyofwhoo,0
2025-04-24,hwahae,hwahae,0
2025-04-24,innisfree,innisfree,2
2025-04-24,innotox,innotox,4
2025-04-24,iope,iope,0
2025-04-24,jeuveau,jeuveau,0
2025-04-24,jevegel,jevegel,0
2025-04-24,jolse,jolse,0
2025-04-24,juvelook,juvelook,0
2025-04-24,laneige,laneige,6
2025-04-24,letybo,letybo,0
2025-04-24,madeca,madeca,0
2025-04-24,mamonde,mamonde,1
2025-04-24,manyo,manyo,4
2025-04-24,medicube,medicube,4
2025-04-24,merzy,merzy,0
2025-04-24,mighty patch,mighty patch,0
2025-04-24,mighty patch,mighty-patch,0
2025-04-24,mighty patch,mighty.patch,0
2025-04-24,mighty patch,mighty_patch,0
2025-04-24,mighty patch,mightypatch,0
2025-04-24,missha,missha,0
2025-04-24,mixoon,mixoon,0
2025-04-24,nabota,nabota,0
2025-04-24,newlux,newlux,0
2025-04-24,numbuzin,numbuzin,4
2025-04-24,ohui,ohui,0
2025-04-24,oligio,oligio,0
2025-04-24,olive young,olive young,2
2025-04-24,olive young,olive-young,0
2025-04-24,olive young,olive.young,0
2025-04-24,olive young,olive_young,0
2025-04-24,olive young,oliveyoung,0
2025-04-24,peripera,peripera,4
2025-04-24,potenza,potenza,0
2025-04-24,real barrier,real barrier,0
2025-04-24,real barrier,real-barrier,0
2025-04-24,real barrier,real.barrier,0
2025-04-24,real barrier,real_barrier,0
2025-04-24,real barrier,realbarrier,0
2025-04-24,reedle shot,reedle shot,1
2025-04-24,reedle shot,reedle-shot,0
2025-04-24,reedle shot,reedle.shot,0
2025-04-24,reedle shot,reedle_shot,0
2025-04-24,reedle shot,reedleshot,0
2025-04-24,rejuran,rejuran,0
2025-04-24,rentox,rentox,0
2025-04-24,rom&nd,rom&nd,1
2025-04-24,rom&nd,romnd,1
2025-04-24,round lab,round lab,2
2025-04-24,round lab,round-lab,0
2025-04-24,round lab,round.lab,0
2025-04-24,round lab,round_lab,0
2025-04-24,round lab,roundlab,1
2025-04-24,shurink,shurink,0
2025-04-24,skin1004,skin1004,3
2025-04-24,stylekorean,stylekorean,1
2025-04-24,stylevana,stylevana,1
2025-04-24,sulwhasoo,sulwhasoo,1
2025-04-24,sylfirm,sylfirm,0
2025-04-24,the whoo,the whoo,0
2025-04-24,the whoo,the-whoo,0
2025-04-24,the whoo,the.whoo,0
2025-04-24,the whoo,the_whoo,0
2025-04-24,the whoo,thewhoo,0
2025-04-24,tirtir,tirtir,4
2025-04-24,tonymoly,tonymoly,0
2025-04-24,torriden,torriden,4
2025-04-24,ultraformer,ultraformer,0
2025-04-24,volnewmer,volnewmer,0
2025-04-24,wellage,wellage,0
2025-04-24,yesstyle,yesstyle,5
2025-04-25,a'pieu,a'pieu,0
2025-04-25,a'pieu,a-pieu,0
2025-04-25,a'pieu,a.pieu,0
2025-04-25,a'pieu,a_pieu,0
2025-04-25,a'pieu,ap,1
2025-04-25,a'pieu,apieu,0
2025-04-25,acropass,acropass,0
2025-04-25,age-r,age-r,0
2025-04-25,age-r,age.r,0
2025-04-25,age-r,age_r,0
2025-04-25,age-r,ager,0
2025-04-25,anua,anua,6
2025-04-25,atopalm,atopalm,0
2025-04-25,bbia,bbia,0
2025-04-25,be the skin,be the skin,14
2025-04-25,be the skin,be-the-skin,0
2025-04-25,be the skin,be.the.skin,0
2025-04-25,be the skin,be_the_skin,0
2025-04-25,be the skin,betheskin,0
2025-04-25,beauty of joseon,beauty of joseon,11
2025-04-25,beauty of joseon,beauty-of-joseon,0
2025-04-25,beauty of joseon,beauty.of.joseon,0
2025-04-25,beauty of joseon,beauty_of_joseon,0
2025-04-25,beauty of joseon,beautyofjoseon,0
2025-04-25,belif,belif,2
2025-04-25,biodance,biodance,0
2025-04-25,boncept,boncept,0
2025-04-25,booster pro,booster pro,0
2025-04-25,booster pro,booster-pro,0
2025-04-25,booster pro,booster.pro,0
2025-04-25,booster pro,booster_pro,0
2025-04-25,booster pro,boosterpro,0
2025-04-25,botulax,botulax,0
2025-04-25,cell fusion c,cell fusion c,2
2025-04-25,cell fusion c,cell-fusion-c,0
2025-04-25,cell fusion c,cell.fusion.c,0
2025-04-25,cell fusion c,cell_fusion_c,0
2025-04-25,cell fusion c,cellfusionc,0
2025-04-25,centellian,centellian,0
2025-04-25,coolfase,coolfase,0
2025-04-25,cosrx,cosrx,4
2025-04-25,dalba,dalba,0
2025-04-25,goodal,goodal,0
2025-04-25,hi focus shot,hi focus shot,2
2025-04-25,hi focus shot,hi-focus-shot,0
2025-04-25,hi focus shot,hi.focus.shot,0
2025-04-25,hi focus shot,hi_focus_shot,0
2025-04-25,hi focus shot,hifocusshot,0
2025-04-25,history of whoo,history of whoo,0
2025-04-25,history of whoo,history-of-whoo,0
2025-04-25,history of whoo,history.of.whoo,0
2025-04-25,history of whoo,history_of_whoo,0
2025-04-25,history of whoo,historyofwhoo,0
2025-04-25,hwahae,hwahae,0
2025-04-25,innisfree,innisfree,4
2025-04-25,innotox,innotox,1
2025-04-25,iope,iope,0
2025-04-25,jeuveau,jeuveau,0
2025-04-25,jevegel,jevegel,0
2025-04-25,jolse,jolse,0
2025-04-25,juvelook,juvelook,1
2025-04-25,laneige,laneige,5
2025-04-25,letybo,letybo,0
2025-04-25,madeca,madeca,0
2025-04-25,mamonde,mamonde,0
2025-04-25,manyo,manyo,1
2025-04-25,medicube,medicube,0
2025-04-25,merzy,merzy,0
2025-04-25,mighty patch,mighty patch,0
2025-04-25,mighty patch,mighty-patch,0
2025-04-25,mighty patch,mighty.patch,0
2025-04-25,mighty patch,mighty_patch,0
2025-04-25,mighty patch,mightypatch,0
2025-04-25,missha,missha,2
2025-04-25,mixoon,mixoon,0
2025-04-25,nabota,nabota,1
2025-04-25,newlux,newlux,0
2025-04-25,numbuzin,numbuzin,1
2025-04-25,ohui,ohui,0
2025-04-25,oligio,oligio,0
2025-04-25,olive young,olive young,4
2025-04-25,olive young,olive-young,0
2025-04-25,olive young,olive.young,0
2025-04-25,olive young,olive_young,0
2025-04-25,olive young,oliveyoung,1
2025-04-25,peripera,peripera,0
2025-04-25,potenza,potenza,0
2025-04-25,real barrier,real barrier,1
2025-04-25,real barrier,real-barrier,0
2025-04-25,real barrier,real.barrier,0
2025-04-25,real barrier,real_barrier,0
2025-04-25,real barrier,realbarrier,0
2025-04-25,reedle shot,reedle shot,2
2025-04-25,reedle shot,reedle-shot,0
2025-04-25,reedle shot,reedle.shot,0
2025-04-25,reedle shot,reedle_shot,0
2025-04-25,reedle shot,reedleshot,0
2025-04-25,rejuran,rejuran,1
2025-04-25,rentox,rentox,0
2025-04-25,rom&nd,rom&nd,1
2025-04-25,rom&nd,romnd,0
2025-04-25,round lab,round lab,4
2025-04-25,round lab,round-lab,0
2025-04-25,round lab,round.lab,0
2025-04-25,round lab,round_lab,0
2025-04-25,round lab,roundlab,1
2025-04-25,shurink,shurink,0
2025-04-25,skin1004,skin1004,4
2025-04-25,stylekorean,stylekorean,0
2025-04-25,stylevana,stylevana,1
2025-04-25,sulwhasoo,sulwhasoo,2
2025-04-25,sylfirm,sylfirm,0
2025-04-25,the whoo,the whoo,0
2025-04-25,the whoo,the-whoo,0
2025-04-25,the whoo,the.whoo,0
2025-04-25,the whoo,the_whoo,0
2025-04-25,the whoo,thewhoo,0
2025-04-25,tirtir,tirtir,5
2025-04-25,tonymoly,tonymoly,0
2025-04-25,torriden,torriden,6
2025-04-25,ultraformer,ultraformer,0
2025-04-25,volnewmer,volnewmer,0
2025-04-25,wellage,wellage,0
2025-04-25,yesstyle,yesstyle,7
2025-04-26,a'pieu,a'pieu,1
2025-04-26,a'pieu,a-pieu,0
2025-04-26,a'pieu,a.pieu,0
2025-04-26,a'pieu,a_pieu,0
2025-04-26,a'pieu,ap,1
2025-04-26,a'pieu,apieu,0
2025-04-26,acropass,acropass,0
2025-04-26,age-r,age-r,0
2025-04-26,age-r,age.r,0
2025-04-26,age-r,age_r,0
2025-04-26,age-r,ager,0
2025-04-26,anua,anua,0
2025-04-26,atopalm,atopalm,0
2025-04-26,bbia,bbia,0
2025-04-26,be the skin,be the skin,7
2025-04-26,be the skin,be-the-skin,0
2025-04-26,be the skin,be.the.skin,0
2025-04-26,be the skin,be_the_skin,0
2025-04-26,be the skin,betheskin,0
2025-04-26,beauty of joseon,beauty of joseon,2
2025-04-26,beauty of joseon,beauty-of-joseon,0
2025-04-26,beauty of joseon,beauty.of.joseon,0
2025-04-26,beauty of joseon,beauty_of_joseon,0
2025-04-26,beauty of joseon,beautyofjoseon,0
2025-04-26,belif,belif,0
2025-04-26,biodance,biodance,0
2025-04-26,boncept,boncept,0
2025-04-26,booster pro,booster pro,0
2025-04-26,booster pro,booster-pro,0
2025-04-26,booster pro,booster.pro,0
2025-04-26,booster pro,booster_pro,0
2025-04-26,booster pro,boosterpro,0
2025-04-26,botulax,botulax,0
2025-04-26,cell fusion c,cell fusion c,0
2025-04-26,cell fusion c,cell-fusion-c,0
2025-04-26,cell fusion c,cell.fusion.c,0
2025-04-26,cell fusion c,cell_fusion_c,0
2025-04-26,cell fusion c,cellfusionc,0
2025-04-26,centellian,centellian,0
2025-04-26,coolfase,coolfase,0
2025-04-26,cosrx,cosrx,4
2025-04-26,dalba,dalba,0
2025-04-26,goodal,goodal,0
2025-04-26,hi focus shot,hi focus shot,0
2025-04-26,hi focus shot,hi-focus-shot,0
2025-04-26,hi focus shot,hi.focus.shot,0
2025-04-26,hi focus shot,hi_focus_shot,0
2025-04-26,hi focus shot,hifocusshot,0
2025-04-26,history of whoo,history of whoo,0
2025-04-26,history of whoo,history-of-whoo,0
2025-04-26,history of whoo,history.of.whoo,0
2025-04-26,history of whoo,history_of_whoo,0
2025-04-26,history of whoo,historyofwhoo,0
2025-04-26,hwahae,hwahae,0
2025-04-26,innisfree,innisfree,4
2025-04-26,innotox,innotox,3
2025-04-26,iope,iope,0
2025-04-26,jeuveau,jeuveau,0
2025-04-26,jevegel,jevegel,0
2025-04-26,jolse,jolse,0
2025-04-26,juvelook,juvelook,0
2025-04-26,laneige,laneige,1
2025-04-26,letybo,letybo,0
2025-04-26,madeca,madeca,0
2025-04-26,mamonde,mamonde,0
2025-04-26,manyo,manyo,1
2025-04-26,medicube,medicube,3
2025-04-26,merzy,merzy,0
2025-04-26,mighty patch,mighty patch,0
2025-04-26,mighty patch,mighty-patch,0
2025-04-26,mighty patch,mighty.patch,0
2025-04-26,mighty patch,mighty_patch,0
2025-04-26,mighty patch,mightypatch,0
2025-04-26,missha,missha,1
2025-04-26,mixoon,mixoon,0
2025-04-26,nabota,nabota,0
2025-04-26,newlux,newlux,0
2025-04-26,numbuzin,numbuzin,1
2025-04-26,ohui,ohui,0
2025-04-26,oligio,oligio,0
2025-04-26,olive young,olive young,2
2025-04-26,olive young,olive-young,0
2025-04-26,olive young,olive.young,0
2025-04-26,olive young,olive_young,0
2025-04-26,olive young,oliveyoung,0
2025-04-26,peripera,peripera,3
2025-04-26,potenza,potenza,0
2025-04-26,real barrier,real barrier,0
2025-04-26,real barrier,real-barrier,0
2025-04-26,real barrier,real.barrier,0
2025-04-26,real barrier,real_barrier,0
2025-04-26,real barrier,realbarrier,0
2025-04-26,reedle shot,reedle shot,0
2025-04-26,reedle shot,reedle-shot,0
2025-04-26,reedle shot,reedle.shot,0
2025-04-26,reedle shot,reedle_shot,0
2025-04-26,reedle shot,reedleshot,0
2025-04-26,rejuran,rejuran,0
2025-04-26,rentox,rentox,0
2025-04-26,rom&nd,rom&nd,1
2025-04-26,rom&nd,romnd,0
2025-04-26,round lab,round lab,6
2025-04-26,round lab,round-lab,0
2025-04-26,round lab,round.lab,0
2025-04-26,round lab,round_lab,0
2025-04-26,round lab,roundlab,0
2025-04-26,shurink,shurink,0
2025-04-26,skin1004,skin1004,5
2025-04-26,stylekorean,stylekorean,0
2025-04-26,stylevana,stylevana,6
2025-04-26,sulwhasoo,sulwhasoo,0
2025-04-26,sylfirm,sylfirm,0
2025-04-26,the whoo,the whoo,0
2025-04-26,the whoo,the-whoo,0
2025-04-26,the whoo,the.whoo,0
2025-04-26,the whoo,the_whoo,0
2025-04-26,the whoo,thewhoo,0
2025-04-26,tirtir,tirtir,4
2025-04-26,tonymoly,tonymoly,1
2025-04-26,torriden,torriden,0
2025-04-26,ultraformer,ultraformer,0
2025-04-26,volnewmer,volnewmer,0
2025-04-26,wellage,wellage,0
2025-04-26,yesstyle,yesstyle,5
2025-04-27,a'pieu,a'pieu,0
2025-04-27,a'pieu,a-pieu,0
2025-04-27,a'pieu,a.pieu,0
2025-04-27,a'pieu,a_pieu,0
2025-04-27,a'pieu,ap,0
2025-04-27,a'pieu,apieu,0
2025-04-27,acropass,acropass,0
2025-04-27,age-r,age-r,0
2025-04-27,age-r,age.r,0
2025-04-27,age-r,age_r,0
2025-04-27,age-r,ager,0
2025-04-27,anua,anua,6
2025-04-27,atopalm,atopalm,0
2025-04-27,bbia,bbia,0
2025-04-27,be the skin,be the skin,10
2025-04-27,be the skin,be-the-skin,0
2025-04-27,be the skin,be.the.skin,0
2025-04-27,be the skin,be_the_skin,0
2025-04-27,be the skin,betheskin,0
2025-04-27,beauty of joseon,beauty of joseon,4
2025-04-27,beauty of joseon,beauty-of-joseon,0
2025-04-27,beauty of joseon,beauty.of.joseon,0
2025-04-27,beauty of joseon,beauty_of_joseon,0
2025-04-27,beauty of joseon,beautyofjoseon,0
2025-04-27,belif,belif,2
2025-04-27,biodance,biodance,0
2025-04-27,boncept,boncept,0
2025-04-27,booster pro,booster pro,1
2025-04-27,booster pro,booster-pro,0
2025-04-27,booster pro,booster.pro,0
2025-04-27,booster pro,booster_pro,0
2025-04-27,booster pro,boosterpro,0
2025-04-27,botulax,botulax,0
2025-04-27,cell fusion c,cell fusion c,0
2025-04-27,cell fusion c,cell-fusion-c,0
2025-04-27,cell fusion c,cell.fusion.c,0
2025-04-27,cell fusion c,cell_fusion_c,0
2025-04-27,cell fusion c,cellfusionc,0
2025-04-27,centellian,centellian,0
2025-04-27,coolfase,coolfase,0
2025-04-27,cosrx,cosrx,4
2025-04-27,dalba,dalba,0
2025-04-27,goodal,goodal,0
2025-04-27,hi focus shot,hi focus shot,0
2025-04-27,hi focus shot,hi-focus-shot,0
2025-04-27,hi focus shot,hi.focus.shot,0
2025-04-27,hi focus shot,hi_focus_shot,0
2025-04-27,hi focus shot,hifocusshot,0
2025-04-27,history of whoo,history of whoo,0
2025-04-27,history of whoo,history-of-whoo,0
2025-04-27,history of whoo,history.of.whoo,0
2025-04-27,history of whoo,history_of_whoo,0
2025-04-27,history of whoo,historyofwhoo,0
2025-04-27,hwahae,hwahae,0
2025-04-27,innisfree,innisfree,3
2025-04-27,innotox,innotox,0
2025-04-27,iope,iope,0
2025-04-27,jeuveau,jeuveau,0
2025-04-27,jevegel,jevegel,0
2025-04-27,jolse,jolse,0
2025-04-27,juvelook,juvelook,0
2025-04-27,laneige,laneige,1
2025-04-27,letybo,letybo,0
2025-04-27,madeca,madeca,0
2025-04-27,mamonde,mamonde,0
2025-04-27,manyo,manyo,0
2025-04-27,medicube,medicube,2
2025-04-27,merzy,merzy,0
2025-04-27,mighty patch,mighty patch,0
2025-04-27,mighty patch,mighty-patch,0
2025-04-27,mighty patch,mighty.patch,0
2025-04-27,mighty patch,mighty_patch,0
2025-04-27,mighty patch,mightypatch,0
2025-04-27,missha,missha,2
2025-04-27,mixoon,mixoon,0
2025-04-27,nabota,nabota,0
2025-04-27,newlux,newlux,0
2025-04-27,numbuzin,numbuzin,1
2025-04-27,ohui,ohui,0
2025-04-27,oligio,oligio,0
2025-04-27,olive young,olive young,6
2025-04-27,olive young,olive-young,0
2025-04-27,olive young,olive.young,0
2025-04-27,olive young,olive_young,0
2025-04-27,olive young,oliveyoung,0
2025-04-27,peripera,peripera,0
2025-04-27,potenza,potenza,0
2025-04-27,real barrier,real barrier,1
2025-04-27,real barrier,real-barrier,0
2025-04-27,real barrier,real.barrier,0
2025-04-27,real barrier,real_barrier,0
2025-04-27,real barrier,realbarrier,0
2025-04-27,reedle shot,reedle shot,0
2025-04-27,reedle shot,reedle-shot,0
2025-04-27,reedle shot,reedle.shot,0
2025-04-27,reedle shot,reedle_shot,0
2025-04-27,reedle shot,reedleshot,0
2025-04-27,rejuran,rejuran,0
2025-04-27,rentox,rentox,0
2025-04-27,rom&nd,rom&nd,2
2025-04-27,rom&nd,romnd,0
2025-04-27,round lab,round lab,6
2025-04-27,round lab,round-lab,0
2025-04-27,round lab,round.lab,0
2025-04-27,round lab,round_lab,0
2025-04-27,round lab,roundlab,0
2025-04-27,shurink,shurink,0
2025-04-27,skin1004,skin1004,2
2025-04-27,stylekorean,stylekorean,0
2025-04-27,stylevana,stylevana,4
2025-04-27,sulwhasoo,sulwhasoo,0
2025-04-27,sylfirm,sylfirm,0
2025-04-27,the whoo,the whoo,0
2025-04-27,the whoo,the-whoo,0
2025-04-27,the whoo,the.whoo,0
2025-04-27,the whoo,the_whoo,0
2025-04-27,the whoo,thewhoo,0
2025-04-27,tirtir,tirtir,4
2025-04-27,tonymoly,tonymoly,0
2025-04-27,torriden,torriden,1
2025-04-27,ultraformer,ultraformer,0
2025-04-27,volnewmer,volnewmer,0
2025-04-27,wellage,wellage,0
2025-04-27,yesstyle,yesstyle,1
2025-04-28,a'pieu,a'pieu,0
2025-04-28,a'pieu,a-pieu,0
2025-04-28,a'pieu,a.pieu,0
2025-04-28,a'pieu,a_pieu,0
2025-04-28,a'pieu,ap,1
2025-04-28,a'pieu,apieu,0
2025-04-28,acropass,acropass,0
2025-04-28,age-r,age-r,0
2025-04-28,age-r,age.r,0
2025-04-28,age-r,age_r,0
2025-04-28,age-r,ager,0
2025-04-28,anua,anua,1
2025-04-28,atopalm,atopalm,0
2025-04-28,bbia,bbia,0
2025-04-28,be the skin,be the skin,4
2025-04-28,be the skin,be-the-skin,0
2025-04-28,be the skin,be.the.skin,0
2025-04-28,be the skin,be_the_skin,0
2025-04-28,be the skin,betheskin,0
2025-04-28,beauty of joseon,beauty of joseon,4
2025-04-28,beauty of joseon,beauty-of-joseon,0
2025-04-28,beauty of joseon,beauty.of.joseon,0
2025-04-28,beauty of joseon,beauty_of_joseon,0
2025-04-28,beauty of joseon,beautyofjoseon,0
2025-04-28,belif,belif,1
2025-04-28,biodance,biodance,0
2025-04-28,boncept,boncept,0
2025-04-28,booster pro,booster pro,2
2025-04-28,booster pro,booster-pro,0
2025-04-28,booster pro,booster.pro,0
2025-04-28,booster pro,booster_pro,0
2025-04-28,booster pro,boosterpro,0
2025-04-28,botulax,botulax,0
2025-04-28,cell fusion c,cell fusion c,1
2025-04-28,cell fusion c,cell-fusion-c,0
2025-04-28,cell fusion c,cell.fusion.c,0
2025-04-28,cell fusion c,cell_fusion_c,0
2025-04-28,cell fusion c,cellfusionc,0
2025-04-28,centellian,centellian,0
2025-04-28,coolfase,coolfase,0
2025-04-28,cosrx,cosrx,8
2025-04-28,dalba,dalba,0
2025-04-28,goodal,goodal,0
2025-04-28,hi focus shot,hi focus shot,0
2025-04-28,hi focus shot,hi-focus-shot,0
2025-04-28,hi focus shot,hi.focus.shot,0
2025-04-28,hi focus shot,hi_focus_shot,0
2025-04-28,hi focus shot,hifocusshot,0
2025-04-28,history of whoo,history of whoo,0
2025-04-28,history of whoo,history-of-whoo,0
2025-04-28,history of whoo,history.of.whoo,0
2025-04-28,history of whoo,history_of_whoo,0
2025-04-28,history of whoo,historyofwhoo,0
2025-04-28,hwahae,hwahae,1
2025-04-28,innisfree,innisfree,6
2025-04-28,innotox,innotox,3
2025-04-28,iope,iope,1
2025-04-28,jeuveau,jeuveau,0
2025-04-28,jevegel,jevegel,0
2025-04-28,jolse,jolse,0
2025-04-28,juvelook,juvelook,0
2025-04-28,laneige,laneige,3
2025-04-28,letybo,letybo,0
2025-04-28,madeca,madeca,0
2025-04-28,mamonde,mamonde,0
2025-04-28,manyo,manyo,0
2025-04-28,medicube,medicube,3
2025-04-28,merzy,merzy,0
2025-04-28,mighty patch,mighty patch,1
2025-04-28,mighty patch,mighty-patch,0
2025-04-28,mighty patch,mighty.patch,0
2025-04-28,mighty patch,mighty_patch,0
2025-04-28,mighty patch,mightypatch,0
2025-04-28,missha,missha,2
2025-04-28,mixoon,mixoon,0
2025-04-28,nabota,nabota,0
2025-04-28,newlux,newlux,0
2025-04-28,numbuzin,numbuzin,1
2025-04-28,ohui,ohui,0
2025-04-28,oligio,oligio,0
2025-04-28,olive young,olive young,6
2025-04-28,olive young,olive-young,0
2025-04-28,olive young,olive.young,0
2025-04-28,olive young,olive_young,0
2025-04-28,olive young,oliveyoung,1
2025-04-28,peripera,peripera,2
2025-04-28,potenza,potenza,0
2025-04-28,real barrier,real barrier,0
2025-04-28,real barrier,real-barrier,0
2025-04-28,real barrier,real.barrier,0
2025-04-28,real barrier,real_barrier,0
2025-04-28,real barrier,realbarrier,0
2025-04-28,reedle shot,reedle shot,1
2025-04-28,reedle shot,reedle-shot,0
2025-04-28,reedle shot,reedle.shot,0
2025-04-28,reedle shot,reedle_shot,0
2025-04-28,reedle shot,reedleshot,0
2025-04-28,rejuran,rejuran,2
2025-04-28,rentox,rentox,0
2025-04-28,rom&nd,rom&nd,2
2025-04-28,rom&nd,romnd,0
2025-04-28,round lab,round lab,5
2025-04-28,round lab,round-lab,0
2025-04-28,round lab,round.lab,0
2025-04-28,round lab,round_lab,0
2025-04-28,round lab,roundlab,0
2025-04-28,shurink,shurink,0
2025-04-28,skin1004,skin1004,3
2025-04-28,stylekorean,stylekorean,1
2025-04-28,stylevana,stylevana,2
2025-04-28,sulwhasoo,sulwhasoo,0
2025-04-28,sylfirm,sylfirm,0
2025-04-28,the whoo,the whoo,0
2025-04-28,the whoo,the-whoo,0
2025-04-28,the whoo,the.whoo,0
2025-04-28,the whoo,the_whoo,0
2025-04-28,the whoo,thewhoo,0
2025-04-28,tirtir,tirtir,2
2025-04-28,tonymoly,tonymoly,0
2025-04-28,torriden,torriden,3
2025-04-28,ultraformer,ultraformer,0
2025-04-28,volnewmer,volnewmer,0
2025-04-28,wellage,wellage,0
2025-04-28,yesstyle,yesstyle,9
2025-04-29,a'pieu,a'pieu,0
2025-04-29,a'pieu,a-pieu,0
2025-04-29,a'pieu,a.pieu,0
2025-04-29,a'pieu,a_pieu,0
2025-04-29,a'pieu,ap,0
2025-04-29,a'pieu,apieu,0
2025-04-29,acropass,acropass,0
2025-04-29,age-r,age-r,1
2025-04-29,age-r,age.r,0
2025-04-29,age-r,age_r,0
2025-04-29,age-r,ager,0
2025-04-29,anua,anua,5
2025-04-29,atopalm,atopalm,0
2025-04-29,bbia,bbia,1
2025-04-29,be the skin,be the skin,16
2025-04-29,be the skin,be-the-skin,0
2025-04-29,be the skin,be.the.skin,0
2025-04-29,be the skin,be_the_skin,0
2025-04-29,be the skin,betheskin,0
2025-04-29,beauty of joseon,beauty of joseon,10
2025-04-29,beauty of joseon,beauty-of-joseon,0
2025-04-29,beauty of joseon,beauty.of.joseon,0
2025-04-29,beauty of joseon,beauty_of_joseon,0
2025-04-29,beauty of joseon,beautyofjoseon,0
2025-04-29,belif,belif,0
2025-04-29,biodance,biodance,0
2025-04-29,boncept,boncept,0
2025-04-29,booster pro,booster pro,0
2025-04-29,booster pro,booster-pro,0
2025-04-29,booster pro,booster.pro,0
2025-04-29,booster pro,booster_pro,0
2025-04-29,booster pro,boosterpro,0
2025-04-29,botulax,botulax,0
2025-04-29,cell fusion c,cell fusion c,0
2025-04-29,cell fusion c,cell-fusion-c,0
2025-04-29,cell fusion c,cell.fusion.c,0
2025-04-29,cell fusion c,cell_fusion_c,0
2025-04-29,cell fusion c,cellfusionc,0
2025-04-29,centellian,centellian,0
2025-04-29,coolfase,coolfase,0
2025-04-29,cosrx,cosrx,6
2025-04-29,dalba,dalba,0
2025-04-29,goodal,goodal,1
2025-04-29,hi focus shot,hi focus shot,1
2025-04-29,hi focus shot,hi-focus-shot,0
2025-04-29,hi focus shot,hi.focus.shot,0
2025-04-29,hi focus shot,hi_focus_shot,0
2025-04-29,hi focus shot,hifocusshot,0
2025-04-29,history of whoo,history of whoo,0
2025-04-29,history of whoo,history-of-whoo,0
2025-04-29,history of whoo,history.of.whoo,0
2025-04-29,history of whoo,history_of_whoo,0
2025-04-29,history of whoo,historyofwhoo,0
2025-04-29,hwahae,hwahae,0
2025-04-29,innisfree,innisfree,3
2025-04-29,innotox,innotox,2
2025-04-29,iope,iope,0
2025-04-29,jeuveau,jeuveau,0
2025-04-29,jevegel,jevegel,0
2025-04-29,jolse,jolse,1
2025-04-29,juvelook,juvelook,0
2025-04-29,laneige,laneige,3
2025-04-29,letybo,letybo,0
2025-04-29,madeca,madeca,0
2025-04-29,mamonde,mamonde,0
2025-04-29,manyo,manyo,0
2025-04-29,medicube,medicube,2
2025-04-29,merzy,merzy,0
2025-04-29,mighty patch,mighty patch,0
2025-04-29,mighty patch,mighty-patch,0
2025-04-29,mighty patch,mighty.patch,0
2025-04-29,mighty patch,mighty_patch,0
2025-04-29,mighty patch,mightypatch,0
2025-04-29,missha,missha,0
2025-04-29,mixoon,mixoon,0
2025-04-29,nabota,nabota,0
2025-04-29,newlux,newlux,0
2025-04-29,numbuzin,numbuzin,3
2025-04-29,ohui,ohui,0
2025-04-29,oligio,oligio,0
2025-04-29,olive young,olive young,1
2025-04-29,olive young,olive-young,0
2025-04-29,olive young,olive.young,0
2025-04-29,olive young,olive_young,0
2025-04-29,olive young,oliveyoung,0
2025-04-29,peripera,peripera,1
2025-04-29,potenza,potenza,0
2025-04-29,real barrier,real barrier,0
2025-04-29,real barrier,real-barrier,0
2025-04-29,real barrier,real.barrier,0
2025-04-29,real barrier,real_barrier,0
2025-04-29,real barrier,realbarrier,0
2025-04-29,reedle shot,reedle shot,1
2025-04-29,reedle shot,reedle-shot,0
2025-04-29,reedle shot,reedle.shot,0
2025-04-29,reedle shot,reedle_shot,0
2025-04-29,reedle shot,reedleshot,0
2025-04-29,rejuran,rejuran,2
2025-04-29,rentox,rentox,0
2025-04-29,rom&nd,rom&nd,2
2025-04-29,rom&nd,romnd,0
2025-04-29,round lab,round lab,3
2025-04-29,round lab,round-lab,0
2025-04-29,round lab,round.lab,0
2025-04-29,round lab,round_lab,0
2025-04-29,round lab,roundlab,1
2025-04-29,shurink,shurink,2
2025-04-29,skin1004,skin1004,9
2025-04-29,stylekorean,stylekorean,0
2025-04-29,stylevana,stylevana,2
2025-04-29,sulwhasoo,sulwhasoo,2
2025-04-29,sylfirm,sylfirm,0
2025-04-29,the whoo,the whoo,0
2025-04-29,the whoo,the-whoo,0
2025-04-29,the whoo,the.whoo,0
2025-04-29,the whoo,the_whoo,0
2025-04-29,the whoo,thewhoo,0
2025-04-29,tirtir,tirtir,3
2025-04-29,tonymoly,tonymoly,1
2025-04-29,torriden,torriden,0
2025-04-29,ultraformer,ultraformer,0
2025-04-29,volnewmer,volnewmer,0
2025-04-29,wellage,wellage,0
2025-04-29,yesstyle,yesstyle,6
2025-04-30,a'pieu,a'pieu,0
2025-04-30,a'pieu,a-pieu,0
2025-04-30,a'pieu,a.pieu,0
2025-04-30,a'pieu,a_pieu,0
2025-04-30,a'pieu,ap,0
2025-04-30,a'pieu,apieu,0
2025-04-30,acropass,acropass,0
2025-04-30,age-r,age-r,2
2025-04-30,age-r,age.r,0
2025-04-30,age-r,age_r,0
2025-04-30,age-r,ager,0
2025-04-30,anua,anua,0
2025-04-30,atopalm,atopalm,0
2025-04-30,bbia,bbia,0
2025-04-30,be the skin,be the skin,12
2025-04-30,be the skin,be-the-skin,0
2025-04-30,be the skin,be.the.skin,0
2025-04-30,be the skin,be_the_skin,0
2025-04-30,be the skin,betheskin,0
2025-04-30,beauty of joseon,beauty of joseon,3
2025-04-30,beauty of joseon,beauty-of-joseon,0
2025-04-30,beauty of joseon,beauty.of.joseon,0
2025-04-30,beauty of joseon,beauty_of_joseon,0
2025-04-30,beauty of joseon,beautyofjoseon,0
2025-04-30,belif,belif,0
2025-04-30,biodance,biodance,0
2025-04-30,boncept,boncept,0
2025-04-30,booster pro,booster pro,2
2025-04-30,booster pro,booster-pro,0
2025-04-30,booster pro,booster.pro,0
2025-04-30,booster pro,booster_pro,0
2025-04-30,booster pro,boosterpro,0
2025-04-30,botulax,botulax,0
2025-04-30,cell fusion c,cell fusion c,0
2025-04-30,cell fusion c,cell-fusion-c,0
2025-04-30,cell fusion c,cell.fusion.c,0
2025-04-30,cell fusion c,cell_fusion_c,0
2025-04-30,cell fusion c,cellfusionc,0
2025-04-30,centellian,centellian,0
2025-04-30,coolfase,coolfase,0
2025-04-30,cosrx,cosrx,2
2025-04-30,dalba,dalba,0
2025-04-30,goodal,goodal,0
2025-04-30,hi focus shot,hi focus shot,1
2025-04-30,hi focus shot,hi-focus-shot,0
2025-04-30,hi focus shot,hi.focus.shot,0
2025-04-30,hi focus shot,hi_focus_shot,0
2025-04-30,hi focus shot,hifocusshot,0
2025-04-30,history of whoo,history of whoo,0
2025-04-30,history of whoo,history-of-whoo,0
2025-04-30,history of whoo,history.of.whoo,0
2025-04-30,history of whoo,history_of_whoo,0
2025-04-30,history of whoo,historyofwhoo,0
2025-04-30,hwahae,hwahae,0
2025-04-30,innisfree,innisfree,2
2025-04-30,innotox,innotox,2
2025-04-30,iope,iope,0
2025-04-30,jeuveau,jeuveau,0
2025-04-30,jevegel,jevegel,0
2025-04-30,jolse,jolse,0
2025-04-30,juvelook,juvelook,0
2025-04-30,laneige,laneige,3
2025-04-30,letybo,letybo,0
2025-04-30,madeca,madeca,0
2025-04-30,mamonde,mamonde,0
2025-04-30,manyo,manyo,1
2025-04-30,medicube,medicube,3
2025-04-30,merzy,merzy,0
2025-04-30,mighty patch,mighty patch,0
2025-04-30,mighty patch,mighty-patch,0
2025-04-30,mighty patch,mighty.patch,0
2025-04-30,mighty patch,mighty_patch,0
2025-04-30,mighty patch,mightypatch,0
2025-04-30,missha,missha,1
2025-04-30,mixoon,mixoon,1
2025-04-30,nabota,nabota,0
2025-04-30,newlux,newlux,0
2025-04-30,numbuzin,numbuzin,1
2025-04-30,ohui,ohui,0
2025-04-30,oligio,oligio,0
2025-04-30,olive young,olive young,3
2025-04-30,olive young,olive-young,0
2025-04-30,olive young,olive.young,0
2025-04-30,olive young,olive_young,0
2025-04-30,olive young,oliveyoung,1
2025-04-30,peripera,peripera,2
2025-04-30,potenza,potenza,0
2025-04-30,real barrier,real barrier,1
2025-04-30,real barrier,real-barrier,0
2025-04-30,real barrier,real.barrier,0
2025-04-30,real barrier,real_barrier,0
2025-04-30,real barrier,realbarrier,0
2025-04-30,reedle shot,reedle shot,1
2025-04-30,reedle shot,reedle-shot,0
2025-04-30,reedle shot,reedle.shot,0
2025-04-30,reedle shot,reedle_shot,0
2025-04-30,reedle shot,reedleshot,0
2025-04-30,rejuran,rejuran,2
2025-04-30,rentox,rentox,0
2025-04-30,rom&nd,rom&nd,1
2025-04-30,rom&nd,romnd,1
2025-04-30,round lab,round lab,2
2025-04-30,round lab,round-lab,0
2025-04-30,round lab,round.lab,0
2025-04-30,round lab,round_lab,0
2025-04-30,round lab,roundlab,0
2025-04-30,shurink,shurink,0
2025-04-30,skin1004,skin1004,5
2025-04-30,stylekorean,stylekorean,1
2025-04-30,stylevana,stylevana,5
2025-04-30,sulwhasoo,sulwhasoo,1
2025-04-30,sylfirm,sylfirm,0
2025-04-30,the whoo,the whoo,0
2025-04-30,the whoo,the-whoo,0
2025-04-30,the whoo,the.whoo,0
2025-04-30,the whoo,the_whoo,0
2025-04-30,the whoo,thewhoo,0
2025-04-30,tirtir,tirtir,4
2025-04-30,tonymoly,tonymoly,1
2025-04-30,torriden,torriden,0
2025-04-30,ultraformer,ultraformer,0
2025-04-30,volnewmer,volnewmer,0
2025-04-30,wellage,wellage,0
2025-04-30,yesstyle,yesstyle,3
2025-05-01,a'pieu,a'pieu,0
2025-05-01,a'pieu,a-pieu,0
2025-05-01,a'pieu,a.pieu,0
2025-05-01,a'pieu,a_pieu,0
2025-05-01,a'pieu,ap,0
2025-05-01,a'pieu,apieu,0
2025-05-01,acropass,acropass,0
2025-05-01,age-r,age-r,1
2025-05-01,age-r,age.r,0
2025-05-01,age-r,age_r,0
2025-05-01,age-r,ager,0
2025-05-01,anua,anua,3
2025-05-01,atopalm,atopalm,0
2025-05-01,bbia,bbia,0
2025-05-01,be the skin,be the skin,3
2025-05-01,be the skin,be-the-skin,0
2025-05-01,be the skin,be.the.skin,0
2025-05-01,be the skin,be_the_skin,0
2025-05-01,be the skin,betheskin,0
2025-05-01,beauty of joseon,beauty of joseon,9
2025-05-01,beauty of joseon,beauty-of-joseon,0
2025-05-01,beauty of joseon,beauty.of.joseon,0
2025-05-01,beauty of joseon,beauty_of_joseon,0
2025-05-01,beauty of joseon,beautyofjoseon,1
2025-05-01,belif,belif,0
2025-05-01,biodance,biodance,0
2025-05-01,boncept,boncept,0
2025-05-01,booster pro,booster pro,0
2025-05-01,booster pro,booster-pro,0
2025-05-01,booster pro,booster.pro,0
2025-05-01,booster pro,booster_pro,0
2025-05-01,booster pro,boosterpro,0
2025-05-01,botulax,botulax,0
2025-05-01,cell fusion c,cell fusion c,0
2025-05-01,cell fusion c,cell-fusion-c,0
2025-05-01,cell fusion c,cell.fusion.c,0
2025-05-01,cell fusion c,cell_fusion_c,0
2025-05-01,cell fusion c,cellfusionc,0
2025-05-01,centellian,centellian,0
2025-05-01,coolfase,coolfase,0
2025-05-01,cosrx,cosrx,5
2025-05-01,dalba,dalba,0
2025-05-01,goodal,goodal,2
2025-05-01,hi focus shot,hi focus shot,0
2025-05-01,hi focus shot,hi-focus-shot,0
2025-05-01,hi focus shot,hi.focus.shot,0
2025-05-01,hi focus shot,hi_focus_shot,0
2025-05-01,hi focus shot,hifocusshot,0
2025-05-01,history of whoo,history of whoo,0
2025-05-01,history of whoo,history-of-whoo,0
2025-05-01,history of whoo,history.of.whoo,0
2025-05-01,history of whoo,history_of_whoo,0
2025-05-01,history of whoo,historyofwhoo,0
2025-05-01,hwahae,hwahae,0
2025-05-01,innisfree,innisfree,4
2025-05-01,innotox,innotox,0
2025-05-01,iope,iope,1
2025-05-01,jeuveau,jeuveau,0
2025-05-01,jevegel,jevegel,0
2025-05-01,jolse,jolse,0
2025-05-01,juvelook,juvelook,0
2025-05-01,laneige,laneige,5
2025-05-01,letybo,letybo,0
2025-05-01,madeca,madeca,0
2025-05-01,mamonde,mamonde,0
2025-05-01,manyo,manyo,2
2025-05-01,medicube,medicube,3
2025-05-01,merzy,merzy,0
2025-05-01,mighty patch,mighty patch,0
2025-05-01,mighty patch,mighty-patch,0
2025-05-01,mighty patch,mighty.patch,0
2025-05-01,mighty patch,mighty_patch,0
2025-05-01,mighty patch,mightypatch,0
2025-05-01,missha,missha,1
2025-05-01,mixoon,mixoon,0
2025-05-01,nabota,nabota,0
2025-05-01,newlux,newlux,0
2025-05-01,numbuzin,numbuzin,2
2025-05-01,ohui,ohui,0
2025-05-01,oligio,oligio,0
2025-05-01,olive young,olive young,5
2025-05-01,olive young,olive-young,0
2025-05-01,olive young,olive.young,0
2025-05-01,olive young,olive_young,0
2025-05-01,olive young,oliveyoung,0
2025-05-01,peripera,peripera,4
2025-05-01,potenza,potenza,0
2025-05-01,real barrier,real barrier,0
2025-05-01,real barrier,real-barrier,0
2025-05-01,real barrier,real.barrier,0
2025-05-01,real barrier,real_barrier,0
2025-05-01,real barrier,realbarrier,0
2025-05-01,reedle shot,reedle shot,2
2025-05-01,reedle shot,reedle-shot,0
2025-05-01,reedle shot,reedle.shot,0
2025-05-01,reedle shot,reedle_shot,0
2025-05-01,reedle shot,reedleshot,0
2025-05-01,rejuran,rejuran,2
2025-05-01,rentox,rentox,0
2025-05-01,rom&nd,rom&nd,0
2025-05-01,rom&nd,romnd,0
2025-05-01,round lab,round lab,3
2025-05-01,round lab,round-lab,0
2025-05-01,round lab,round.lab,0
2025-05-01,round lab,round_lab,0
2025-05-01,round lab,roundlab,0
2025-05-01,shurink,shurink,0
2025-05-01,skin1004,skin1004,6
2025-05-01,stylekorean,stylekorean,0
2025-05-01,stylevana,stylevana,0
2025-05-01,sulwhasoo,sulwhasoo,1
2025-05-01,sylfirm,sylfirm,0
2025-05-01,the whoo,the whoo,0
2025-05-01,the whoo,the-whoo,0
2025-05-01,the whoo,the.whoo,0
2025-05-01,the whoo,the_whoo,0
2025-05-01,the whoo,thewhoo,0
2025-05-01,tirtir,tirtir,3
2025-05-01,tonymoly,tonymoly,0
2025-05-01,torriden,torriden,2
2025-05-01,ultraformer,ultraformer,0
2025-05-01,volnewmer,volnewmer,0
2025-05-01,wellage,wellage,0
2025-05-01,yesstyle,yesstyle,7
2025-05-02,a'pieu,a'pieu,0
2025-05-02,a'pieu,a-pieu,0
2025-05-02,a'pieu,a.pieu,0
2025-05-02,a'pieu,a_pieu,0
2025-05-02,a'pieu,ap,1
2025-05-02,a'pieu,apieu,0
2025-05-02,acropass,acropass,0
2025-05-02,age-r,age-r,0
2025-05-02,age-r,age.r,0
2025-05-02,age-r,age_r,0
2025-05-02,age-r,ager,0
2025-05-02,anua,anua,0
2025-05-02,atopalm,atopalm,0
2025-05-02,bbia,bbia,0
2025-05-02,be the skin,be the skin,9
2025-05-02,be the skin,be-the-skin,0
2025-05-02,be the skin,be.the.skin,0
2025-05-02,be the skin,be_the_skin,0
2025-05-02,be the skin,betheskin,0
2025-05-02,beauty of joseon,beauty of joseon,5
2025-05-02,beauty of joseon,beauty-of-joseon,0
2025-05-02,beauty of joseon,beauty.of.joseon,0
2025-05-02,beauty of joseon,beauty_of_joseon,0
2025-05-02,beauty of joseon,beautyofjoseon,0
2025-05-02,belif,belif,0
2025-05-02,biodance,biodance,0
2025-05-02,boncept,boncept,0
2025-05-02,booster pro,booster pro,1
2025-05-02,booster pro,booster-pro,0
2025-05-02,booster pro,booster.pro,0
2025-05-02,booster pro,booster_pro,0
2025-05-02,booster pro,boosterpro,0
2025-05-02,botulax,botulax,0
2025-05-02,cell fusion c,cell fusion c,1
2025-05-02,cell fusion c,cell-fusion-c,0
2025-05-02,cell fusion c,cell.fusion.c,0
2025-05-02,cell fusion c,cell_fusion_c,0
2025-05-02,cell fusion c,cellfusionc,0
2025-05-02,centellian,centellian,0
2025-05-02,coolfase,coolfase,0
2025-05-02,cosrx,cosrx,4
2025-05-02,dalba,dalba,0
2025-05-02,goodal,goodal,4
2025-05-02,hi focus shot,hi focus shot,0
2025-05-02,hi focus shot,hi-focus-shot,0
2025-05-02,hi focus shot,hi.focus.shot,0
2025-05-02,hi focus shot,hi_focus_shot,0
2025-05-02,hi focus shot,hifocusshot,0
2025-05-02,history of whoo,history of whoo,0
2025-05-02,history of whoo,history-of-whoo,0
2025-05-02,history of whoo,history.of.whoo,0
2025-05-02,history of whoo,history_of_whoo,0
2025-05-02,history of whoo,historyofwhoo,0
2025-05-02,hwahae,hwahae,0
2025-05-02,innisfree,innisfree,4
2025-05-02,innotox,innotox,2
2025-05-02,iope,iope,0
2025-05-02,jeuveau,jeuveau,0
2025-05-02,jevegel,jevegel,0
2025-05-02,jolse,jolse,0
2025-05-02,juvelook,juvelook,1
2025-05-02,laneige,laneige,3
2025-05-02,letybo,letybo,0
2025-05-02,madeca,madeca,0
2025-05-02,mamonde,mamonde,0
2025-05-02,manyo,manyo,1
2025-05-02,medicube,medicube,4
2025-05-02,merzy,merzy,0
2025-05-02,mighty patch,mighty patch,0
2025-05-02,mighty patch,mighty-patch,0
2025-05-02,mighty patch,mighty.patch,0
2025-05-02,mighty patch,mighty_patch,0
2025-05-02,mighty patch,mightypatch,0
2025-05-02,missha,missha,0
2025-05-02,mixoon,mixoon,1
2025-05-02,nabota,nabota,0
2025-05-02,newlux,newlux,0
2025-05-02,numbuzin,numbuzin,1
2025-05-02,ohui,ohui,0
2025-05-02,oligio,oligio,0
2025-05-02,olive young,olive young,2
2025-05-02,olive young,olive-young,0
2025-05-02,olive young,olive.young,0
2025-05-02,olive young,olive_young,0
2025-05-02,olive young,oliveyoung,0
2025-05-02,peripera,peripera,4
2025-05-02,potenza,potenza,0
2025-05-02,real barrier,real barrier,0
2025-05-02,real barrier,real-barrier,0
2025-05-02,real barrier,real.barrier,0
2025-05-02,real barrier,real_barrier,0
2025-05-02,real barrier,realbarrier,0
2025-05-02,reedle shot,reedle shot,0
2025-05-02,reedle shot,reedle-shot,0
2025-05-02,reedle shot,reedle.shot,0
2025-05-02,reedle shot,reedle_shot,0
2025-05-02,reedle shot,reedleshot,0
2025-05-02,rejuran,rejuran,1
2025-05-02,rentox,rentox,0
2025-05-02,rom&nd,rom&nd,3
2025-05-02,rom&nd,romnd,0
2025-05-02,round lab,round lab,4
2025-05-02,round lab,round-lab,0
2025-05-02,round lab,round.lab,0
2025-05-02,round lab,round_lab,0
2025-05-02,round lab,roundlab,1
2025-05-02,shurink,shurink,1
2025-05-02,skin1004,skin1004,5
2025-05-02,stylekorean,stylekorean,1
2025-05-02,stylevana,stylevana,0
2025-05-02,sulwhasoo,sulwhasoo,0
2025-05-02,sylfirm,sylfirm,0
2025-05-02,the whoo,the whoo,0
2025-05-02,the whoo,the-whoo,0
2025-05-02,the whoo,the.whoo,0
2025-05-02,the whoo,the_whoo,0
2025-05-02,the whoo,thewhoo,0
2025-05-02,tirtir,tirtir,1
2025-05-02,tonymoly,tonymoly,0
2025-05-02,torriden,torriden,1
2025-05-02,ultraformer,ultraformer,0
2025-05-02,volnewmer,volnewmer,0
2025-05-02,wellage,wellage,0
2025-05-02,yesstyle,yesstyle,7
2025-05-03,a'pieu,a'pieu,1
2025-05-03,a'pieu,a-pieu,0
2025-05-03,a'pieu,a.pieu,0
2025-05-03,a'pieu,a_pieu,0
2025-05-03,a'pieu,ap,2
2025-05-03,a'pieu,apieu,0
2025-05-03,acropass,acropass,0
2025-05-03,age-r,age-r,0
2025-05-03,age-r,age.r,0
2025-05-03,age-r,age_r,0
2025-05-03,age-r,ager,0
2025-05-03,anua,anua,1
2025-05-03,atopalm,atopalm,0
2025-05-03,bbia,bbia,0
2025-05-03,be the skin,be the skin,13
2025-05-03,be the skin,be-the-skin,0
2025-05-03,be the skin,be.the.skin,0
2025-05-03,be the skin,be_the_skin,0
2025-05-03,be the skin,betheskin,0
2025-05-03,beauty of joseon,beauty of joseon,4
2025-05-03,beauty of joseon,beauty-of-joseon,0
2025-05-03,beauty of joseon,beauty.of.joseon,0
2025-05-03,beauty of joseon,beauty_of_joseon,0
2025-05-03,beauty of joseon,beautyofjoseon,0
2025-05-03,belif,belif,0
2025-05-03,biodance,biodance,0
2025-05-03,boncept,boncept,0
2025-05-03,booster pro,booster pro,1
2025-05-03,booster pro,booster-pro,0
2025-05-03,booster pro,booster.pro,0
2025-05-03,booster pro,booster_pro,0
2025-05-03,booster pro,boosterpro,0
2025-05-03,botulax,botulax,0
2025-05-03,cell fusion c,cell fusion c,1
2025-05-03,cell fusion c,cell-fusion-c,0
2025-05-03,cell fusion c,cell.fusion.c,0
2025-05-03,cell fusion c,cell_fusion_c,0
2025-05-03,cell fusion c,cellfusionc,0
2025-05-03,centellian,centellian,0
2025-05-03,coolfase,coolfase,0
2025-05-03,cosrx,cosrx,7
2025-05-03,dalba,dalba,0
2025-05-03,goodal,goodal,0
2025-05-03,hi focus shot,hi focus shot,2
2025-05-03,hi focus shot,hi-focus-shot,0
2025-05-03,hi focus shot,hi.focus.shot,0
2025-05-03,hi focus shot,hi_focus_shot,0
2025-05-03,hi focus shot,hifocusshot,0
2025-05-03,history of whoo,history of whoo,0
2025-05-03,history of whoo,history-of-whoo,0
2025-05-03,history of whoo,history.of.whoo,0
2025-05-03,history of whoo,history_of_whoo,0
2025-05-03,history of whoo,historyofwhoo,0
2025-05-03,hwahae,hwahae,0
2025-05-03,innisfree,innisfree,0
2025-05-03,innotox,innotox,2
2025-05-03,iope,iope,0
2025-05-03,jeuveau,jeuveau,0
2025-05-03,jevegel,jevegel,0
2025-05-03,jolse,jolse,0
2025-05-03,juvelook,juvelook,1
2025-05-03,laneige,laneige,4
2025-05-03,letybo,letybo,0
2025-05-03,madeca,madeca,0
2025-05-03,mamonde,mamonde,0
2025-05-03,manyo,manyo,0
2025-05-03,medicube,medicube,4
2025-05-03,merzy,merzy,0
2025-05-03,mighty patch,mighty patch,0
2025-05-03,mighty patch,mighty-patch,0
2025-05-03,mighty patch,mighty.patch,0
2025-05-03,mighty patch,mighty_patch,0
2025-05-03,mighty patch,mightypatch,0
2025-05-03,missha,missha,0
2025-05-03,mixoon,mixoon,0
2025-05-03,nabota,nabota,0
2025-05-03,newlux,newlux,0
2025-05-03,numbuzin,numbuzin,1
2025-05-03,ohui,ohui,0
2025-05-03,oligio,oligio,0
2025-05-03,olive young,olive young,2
2025-05-03,olive young,olive-young,0
2025-05-03,olive young,olive.young,0
2025-05-03,olive young,olive_young,0
2025-05-03,olive young,oliveyoung,0
2025-05-03,peripera,peripera,0
2025-05-03,potenza,potenza,1
2025-05-03,real barrier,real barrier,1
2025-05-03,real barrier,real-barrier,0
2025-05-03,real barrier,real.barrier,0
2025-05-03,real barrier,real_barrier,0
2025-05-03,real barrier,realbarrier,0
2025-05-03,reedle shot,reedle shot,0
2025-05-03,reedle shot,reedle-shot,0
2025-05-03,reedle shot,reedle.shot,0
2025-05-03,reedle shot,reedle_shot,0
2025-05-03,reedle shot,reedleshot,0
2025-05-03,rejuran,rejuran,3
2025-05-03,rentox,rentox,0
2025-05-03,rom&nd,rom&nd,2
2025-05-03,rom&nd,romnd,0
2025-05-03,round lab,round lab,2
2025-05-03,round lab,round-lab,0
2025-05-03,round lab,round.lab,0
2025-05-03,round lab,round_lab,0
2025-05-03,round lab,roundlab,2
2025-05-03,shurink,shurink,0
2025-05-03,skin1004,skin1004,10
2025-05-03,stylekorean,stylekorean,1
2025-05-03,stylevana,stylevana,2
2025-05-03,sulwhasoo,sulwhasoo,1
2025-05-03,sylfirm,sylfirm,0
2025-05-03,the whoo,the whoo,0
2025-05-03,the whoo,the-whoo,0
2025-05-03,the whoo,the.whoo,0
2025-05-03,the whoo,the_whoo,0
2025-05-03,the whoo,thewhoo,0
2025-05-03,tirtir,tirtir,1
2025-05-03,tonymoly,tonymoly,0
2025-05-03,torriden,torriden,1
2025-05-03,ultraformer,ultraformer,0
2025-05-03,volnewmer,volnewmer,0
2025-05-03,wellage,wellage,0
2025-05-03,yesstyle,yesstyle,2
2025-05-04,a'pieu,a'pieu,0
2025-05-04,a'pieu,a-pieu,0
2025-05-04,a'pieu,a.pieu,0
2025-05-04,a'pieu,a_pieu,0
2025-05-04,a'pieu,ap,0
2025-05-04,a'pieu,apieu,0
2025-05-04,acropass,acropass,0
2025-05-04,age-r,age-r,0
2025-05-04,age-r,age.r,0
2025-05-04,age-r,age_r,0
2025-05-04,age-r,ager,0
2025-05-04,anua,anua,4
2025-05-04,atopalm,atopalm,0
2025-05-04,bbia,bbia,0
2025-05-04,be the skin,be the skin,9
2025-05-04,be the skin,be-the-skin,0
2025-05-04,be the skin,be.the.skin,0
2025-05-04,be the skin,be_the_skin,0
2025-05-04,be the skin,betheskin,0
2025-05-04,beauty of joseon,beauty of joseon,5
2025-05-04,beauty of joseon,beauty-of-joseon,0
2025-05-04,beauty of joseon,beauty.of.joseon,0
2025-05-04,beauty of joseon,beauty_of_joseon,0
2025-05-04,beauty of joseon,beautyofjoseon,0
2025-05-04,belif,belif,0
2025-05-04,biodance,biodance,0
2025-05-04,boncept,boncept,0
2025-05-04,booster pro,booster pro,0
2025-05-04,booster pro,booster-pro,0
2025-05-04,booster pro,booster.pro,0
2025-05-04,booster pro,booster_pro,0
2025-05-04,booster pro,boosterpro,0
2025-05-04,botulax,botulax,0
2025-05-04,cell fusion c,cell fusion c,0
2025-05-04,cell fusion c,cell-fusion-c,0
2025-05-04,cell fusion c,cell.fusion.c,0
2025-05-04,cell fusion c,cell_fusion_c,0
2025-05-04,cell fusion c,cellfusionc,0
2025-05-04,centellian,centellian,0
2025-05-04,coolfase,coolfase,0
2025-05-04,cosrx,cosrx,10
2025-05-04,dalba,dalba,0
2025-05-04,goodal,goodal,1
2025-05-04,hi focus shot,hi focus shot,3
2025-05-04,hi focus shot,hi-focus-shot,0
2025-05-04,hi focus shot,hi.focus.shot,0
2025-05-04,hi focus shot,hi_focus_shot,0
2025-05-04,hi focus shot,hifocusshot,0
2025-05-04,history of whoo,history of whoo,0
2025-05-04,history of whoo,history-of-whoo,0
2025-05-04,history of whoo,history.of.whoo,0
2025-05-04,history of whoo,history_of_whoo,0
2025-05-04,history of whoo,historyofwhoo,0
2025-05-04,hwahae,hwahae,0
2025-05-04,innisfree,innisfree,2
2025-05-04,innotox,innotox,1
2025-05-04,iope,iope,0
2025-05-04,jeuveau,jeuveau,0
2025-05-04,jevegel,jevegel,0
2025-05-04,jolse,jolse,0
2025-05-04,juvelook,juvelook,1
2025-05-04,laneige,laneige,5
2025-05-04,letybo,letybo,0
2025-05-04,madeca,madeca,0
2025-05-04,mamonde,mamonde,0
2025-05-04,manyo,manyo,0
2025-05-04,medicube,medicube,1
2025-05-04,merzy,merzy,0
2025-05-04,mighty patch,mighty patch,0
2025-05-04,mighty patch,mighty-patch,0
2025-05-04,mighty patch,mighty.patch,0
2025-05-04,mighty patch,mighty_patch,0
2025-05-04,mighty patch,mightypatch,0
2025-05-04,missha,missha,0
2025-05-04,mixoon,mixoon,0
2025-05-04,nabota,nabota,0
2025-05-04,newlux,newlux,0
2025-05-04,numbuzin,numbuzin,1
2025-05-04,ohui,ohui,0
2025-05-04,oligio,oligio,0
2025-05-04,olive young,olive young,1
2025-05-04,olive young,olive-young,0
2025-05-04,olive young,olive.young,0
2025-05-04,olive young,olive_young,0
2025-05-04,olive young,oliveyoung,0
2025-05-04,peripera,peripera,3
2025-05-04,potenza,potenza,0
2025-05-04,real barrier,real barrier,0
2025-05-04,real barrier,real-barrier,0
2025-05-04,real barrier,real.barrier,0
2025-05-04,real barrier,real_barrier,0
2025-05-04,real barrier,realbarrier,0
2025-05-04,reedle shot,reedle shot,2
2025-05-04,reedle shot,reedle-shot,0
2025-05-04,reedle shot,reedle.shot,0
2025-05-04,reedle shot,reedle_shot,0
2025-05-04,reedle shot,reedleshot,0
2025-05-04,rejuran,rejuran,2
2025-05-04,rentox,rentox,0
2025-05-04,rom&nd,rom&nd,0
2025-05-04,rom&nd,romnd,0
2025-05-04,round lab,round lab,1
2025-05-04,round lab,round-lab,0
2025-05-04,round lab,round.lab,0
2025-05-04,round lab,round_lab,0
2025-05-04,round lab,roundlab,1
2025-05-04,shurink,shurink,0
2025-05-04,skin1004,skin1004,12
2025-05-04,stylekorean,stylekorean,1
2025-05-04,stylevana,stylevana,1
2025-05-04,sulwhasoo,sulwhasoo,1
2025-05-04,sylfirm,sylfirm,0
2025-05-04,the whoo,the whoo,0
2025-05-04,the whoo,the-whoo,0
2025-05-04,the whoo,the.whoo,0
2025-05-04,the whoo,the_whoo,0
2025-05-04,the whoo,thewhoo,0
2025-05-04,tirtir,tirtir,7
2025-05-04,tonymoly,tonymoly,0
2025-05-04,torriden,torriden,0
2025-05-04,ultraformer,ultraformer,0
2025-05-04,volnewmer,volnewmer,0
2025-05-04,wellage,wellage,0
2025-05-04,yesstyle,yesstyle,4
2025-05-05,a'pieu,a'pieu,0
2025-05-05,a'pieu,a-pieu,0
2025-05-05,a'pieu,a.pieu,0
2025-05-05,a'pieu,a_pieu,0
2025-05-05,a'pieu,ap,0
2025-05-05,a'pieu,apieu,0
2025-05-05,acropass,acropass,0
2025-05-05,age-r,age-r,1
2025-05-05,age-r,age.r,0
2025-05-05,age-r,age_r,0
2025-05-05,age-r,ager,0
2025-05-05,anua,anua,3
2025-05-05,atopalm,atopalm,0
2025-05-05,bbia,bbia,0
2025-05-05,be the skin,be the skin,6
2025-05-05,be the skin,be-the-skin,0
2025-05-05,be the skin,be.the.skin,0
2025-05-05,be the skin,be_the_skin,0
2025-05-05,be the skin,betheskin,0
2025-05-05,beauty of joseon,beauty of joseon,6
2025-05-05,beauty of joseon,beauty-of-joseon,0
2025-05-05,beauty of joseon,beauty.of.joseon,0
2025-05-05,beauty of joseon,beauty_of_joseon,0
2025-05-05,beauty of joseon,beautyofjoseon,0
2025-05-05,belif,belif,1
2025-05-05,biodance,biodance,1
2025-05-05,boncept,boncept,0
2025-05-05,booster pro,booster pro,1
2025-05-05,booster pro,booster-pro,0
2025-05-05,booster pro,booster.pro,0
2025-05-05,booster pro,booster_pro,0
2025-05-05,booster pro,boosterpro,0
2025-05-05,botulax,botulax,0
2025-05-05,cell fusion c,cell fusion c,1
2025-05-05,cell fusion c,cell-fusion-c,0
2025-05-05,cell fusion c,cell.fusion.c,0
2025-05-05,cell fusion c,cell_fusion_c,0
2025-05-05,cell fusion c,cellfusionc,0
2025-05-05,centellian,centellian,0
2025-05-05,coolfase,coolfase,0
2025-05-05,cosrx,cosrx,2
2025-05-05,dalba,dalba,0
2025-05-05,goodal,goodal,0
2025-05-05,hi focus shot,hi focus shot,3
2025-05-05,hi focus shot,hi-focus-shot,0
2025-05-05,hi focus shot,hi.focus.shot,0
2025-05-05,hi focus shot,hi_focus_shot,0
2025-05-05,hi focus shot,hifocusshot,0
2025-05-05,history of whoo,history of whoo,0
2025-05-05,history of whoo,history-of-whoo,0
2025-05-05,history of whoo,history.of.whoo,0
2025-05-05,history of whoo,history_of_whoo,0
2025-05-05,history of whoo,historyofwhoo,0
2025-05-05,hwahae,hwahae,0
2025-05-05,innisfree,innisfree,4
2025-05-05,innotox,innotox,0
2025-05-05,iope,iope,0
2025-05-05,jeuveau,jeuveau,0
2025-05-05,jevegel,jevegel,0
2025-05-05,jolse,jolse,0
2025-05-05,juvelook,juvelook,1
2025-05-05,laneige,laneige,2
2025-05-05,letybo,letybo,0
2025-05-05,madeca,madeca,0
2025-05-05,mamonde,mamonde,0
2025-05-05,manyo,manyo,0
2025-05-05,medicube,medicube,5
2025-05-05,merzy,merzy,0
2025-05-05,mighty patch,mighty patch,0
2025-05-05,mighty patch,mighty-patch,0
2025-05-05,mighty patch,mighty.patch,0
2025-05-05,mighty patch,mighty_patch,0
2025-05-05,mighty patch,mightypatch,0
2025-05-05,missha,missha,1
2025-05-05,mixoon,mixoon,0
2025-05-05,nabota,nabota,0
2025-05-05,newlux,newlux,0
2025-05-05,numbuzin,numbuzin,2
2025-05-05,ohui,ohui,0
2025-05-05,oligio,oligio,0
2025-05-05,olive young,olive young,2
2025-05-05,olive young,olive-young,0
2025-05-05,olive young,olive.young,0
2025-05-05,olive young,olive_young,0
2025-05-05,olive young,oliveyoung,0
2025-05-05,peripera,peripera,1
2025-05-05,potenza,potenza,2
2025-05-05,real barrier,real barrier,1
2025-05-05,real barrier,real-barrier,0
2025-05-05,real barrier,real.barrier,0
2025-05-05,real barrier,real_barrier,0
2025-05-05,real barrier,realbarrier,0
2025-05-05,reedle shot,reedle shot,2
2025-05-05,reedle shot,reedle-shot,0
2025-05-05,reedle shot,reedle.shot,0
2025-05-05,reedle shot,reedle_shot,0
2025-05-05,reedle shot,reedleshot,0
2025-05-05,rejuran,rejuran,1
2025-05-05,rentox,rentox,0
2025-05-05,rom&nd,rom&nd,1
2025-05-05,rom&nd,romnd,0
2025-05-05,round lab,round lab,5
2025-05-05,round lab,round-lab,0
2025-05-05,round lab,round.lab,0
2025-05-05,round lab,round_lab,0
2025-05-05,round lab,roundlab,0
2025-05-05,shurink,shurink,0
2025-05-05,skin1004,skin1004,8
2025-05-05,stylekorean,stylekorean,2
2025-05-05,stylevana,stylevana,0
2025-05-05,sulwhasoo,sulwhasoo,1
2025-05-05,sylfirm,sylfirm,0
2025-05-05,the whoo,the whoo,1
2025-05-05,the whoo,the-whoo,0
2025-05-05,the whoo,the.whoo,0
2025-05-05,the whoo,the_whoo,0
2025-05-05,the whoo,thewhoo,0
2025-05-05,tirtir,tirtir,3
2025-05-05,tonymoly,tonymoly,0
2025-05-05,torriden,torriden,0
2025-05-05,ultraformer,ultraformer,0
2025-05-05,volnewmer,volnewmer,0
2025-05-05,wellage,wellage,0
2025-05-05,yesstyle,yesstyle,1
2025-05-06,a'pieu,a'pieu,1
2025-05-06,a'pieu,a-pieu,0
2025-05-06,a'pieu,a.pieu,0
2025-05-06,a'pieu,a_pieu,0
2025-05-06,a'pieu,ap,0
2025-05-06,a'pieu,apieu,0
2025-05-06,acropass,acropass,0
2025-05-06,age-r,age-r,0
2025-05-06,age-r,age.r,0
2025-05-06,age-r,age_r,0
2025-05-06,age-r,ager,0
2025-05-06,anua,anua,5
2025-05-06,atopalm,atopalm,0
2025-05-06,bbia,bbia,1
2025-05-06,be the skin,be the skin,6
2025-05-06,be the skin,be-the-skin,0
2025-05-06,be the skin,be.the.skin,0
2025-05-06,be the skin,be_the_skin,0
2025-05-06,be the skin,betheskin,0
2025-05-06,beauty of joseon,beauty of joseon,3
2025-05-06,beauty of joseon,beauty-of-joseon,0
2025-05-06,beauty of joseon,beauty.of.joseon,0
2025-05-06,beauty of joseon,beauty_of_joseon,0
2025-05-06,beauty of joseon,beautyofjoseon,0
2025-05-06,belif,belif,1
2025-05-06,biodance,biodance,0
2025-05-06,boncept,boncept,0
2025-05-06,booster pro,booster pro,1
2025-05-06,booster pro,booster-pro,0
2025-05-06,booster pro,booster.pro,0
2025-05-06,booster pro,booster_pro,0
2025-05-06,booster pro,boosterpro,0
2025-05-06,botulax,botulax,1
2025-05-06,cell fusion c,cell fusion c,1
2025-05-06,cell fusion c,cell-fusion-c,0
2025-05-06,cell fusion c,cell.fusion.c,0
2025-05-06,cell fusion c,cell_fusion_c,0
2025-05-06,cell fusion c,cellfusionc,0
2025-05-06,centellian,centellian,0
2025-05-06,coolfase,coolfase,0
2025-05-06,cosrx,cosrx,6
2025-05-06,dalba,dalba,0
2025-05-06,goodal,goodal,3
2025-05-06,hi focus shot,hi focus shot,0
2025-05-06,hi focus shot,hi-focus-shot,0
2025-05-06,hi focus shot,hi.focus.shot,0
2025-05-06,hi focus shot,hi_focus_shot,0
2025-05-06,hi focus shot,hifocusshot,0
2025-05-06,history of whoo,history of whoo,0
2025-05-06,history of whoo,history-of-whoo,0
2025-05-06,history of whoo,history.of.whoo,0
2025-05-06,history of whoo,history_of_whoo,0
2025-05-06,history of whoo,historyofwhoo,0
2025-05-06,hwahae,hwahae,0
2025-05-06,innisfree,innisfree,3
2025-05-06,innotox,innotox,4
2025-05-06,iope,iope,0
2025-05-06,jeuveau,jeuveau,0
2025-05-06,jevegel,jevegel,0
2025-05-06,jolse,jolse,0
2025-05-06,juvelook,juvelook,0
2025-05-06,laneige,laneige,1
2025-05-06,letybo,letybo,0
2025-05-06,madeca,madeca,0
2025-05-06,mamonde,mamonde,0
2025-05-06,manyo,manyo,2
2025-05-06,medicube,medicube,2
2025-05-06,merzy,merzy,0
2025-05-06,mighty patch,mighty patch,1
2025-05-06,mighty patch,mighty-patch,0
2025-05-06,mighty patch,mighty.patch,0
2025-05-06,mighty patch,mighty_patch,0
2025-05-06,mighty patch,mightypatch,0
2025-05-06,missha,missha,1
2025-05-06,mixoon,mixoon,0
2025-05-06,nabota,nabota,2
2025-05-06,newlux,newlux,0
2025-05-06,numbuzin,numbuzin,1
2025-05-06,ohui,ohui,0
2025-05-06,oligio,oligio,0
2025-05-06,olive young,olive young,4
2025-05-06,olive young,olive-young,0
2025-05-06,olive young,olive.young,0
2025-05-06,olive young,olive_young,0
2025-05-06,olive young,oliveyoung,0
2025-05-06,peripera,peripera,2
2025-05-06,potenza,potenza,0
2025-05-06,real barrier,real barrier,0
2025-05-06,real barrier,real-barrier,0
2025-05-06,real barrier,real.barrier,0
2025-05-06,real barrier,real_barrier,0
2025-05-06,real barrier,realbarrier,0
2025-05-06,reedle shot,reedle shot,0
2025-05-06,reedle shot,reedle-shot,0
2025-05-06,reedle shot,reedle.shot,0
2025-05-06,reedle shot,reedle_shot,0
2025-05-06,reedle shot,reedleshot,0
2025-05-06,rejuran,rejuran,2
2025-05-06,rentox,rentox,1
2025-05-06,rom&nd,rom&nd,1
2025-05-06,rom&nd,romnd,1
2025-05-06,round lab,round lab,4
2025-05-06,round lab,round-lab,0
2025-05-06,round lab,round.lab,0
2025-05-06,round lab,round_lab,0
2025-05-06,round lab,roundlab,0
2025-05-06,shurink,shurink,0
2025-05-06,skin1004,skin1004,3
2025-05-06,stylekorean,stylekorean,0
2025-05-06,stylevana,stylevana,3
2025-05-06,sulwhasoo,sulwhasoo,0
2025-05-06,sylfirm,sylfirm,0
2025-05-06,the whoo,the whoo,0
2025-05-06,the whoo,the-whoo,0
2025-05-06,the whoo,the.whoo,0
2025-05-06,the whoo,the_whoo,0
2025-05-06,the whoo,thewhoo,0
2025-05-06,tirtir,tirtir,4
2025-05-06,tonymoly,tonymoly,0
2025-05-06,torriden,torriden,0
2025-05-06,ultraformer,ultraformer,0
2025-05-06,volnewmer,volnewmer,0
2025-05-06,wellage,wellage,1
2025-05-06,yesstyle,yesstyle,1
2025-05-07,a'pieu,a'pieu,0
2025-05-07,a'pieu,a-pieu,0
2025-05-07,a'pieu,a.pieu,0
2025-05-07,a'pieu,a_pieu,0
2025-05-07,a'pieu,ap,1
2025-05-07,a'pieu,apieu,0
2025-05-07,acropass,acropass,0
2025-05-07,age-r,age-r,0
2025-05-07,age-r,age.r,0
2025-05-07,age-r,age_r,0
2025-05-07,age-r,ager,0
2025-05-07,anua,anua,3
2025-05-07,atopalm,atopalm,0
2025-05-07,bbia,bbia,0
2025-05-07,be the skin,be the skin,9
2025-05-07,be the skin,be-the-skin,0
2025-05-07,be the skin,be.the.skin,0
2025-05-07,be the skin,be_the_skin,0
2025-05-07,be the skin,betheskin,0
2025-05-07,beauty of joseon,beauty of joseon,5
2025-05-07,beauty of joseon,beauty-of-joseon,0
2025-05-07,beauty of joseon,beauty.of.joseon,0
2025-05-07,beauty of joseon,beauty_of_joseon,0
2025-05-07,beauty of joseon,beautyofjoseon,0
2025-05-07,belif,belif,1
2025-05-07,biodance,biodance,1
2025-05-07,boncept,boncept,0
2025-05-07,booster pro,booster pro,1
2025-05-07,booster pro,booster-pro,0
2025-05-07,booster pro,booster.pro,0
2025-05-07,booster pro,booster_pro,0
2025-05-07,booster pro,boosterpro,0
2025-05-07,botulax,botulax,0
2025-05-07,cell fusion c,cell fusion c,0
2025-05-07,cell fusion c,cell-fusion-c,0
2025-05-07,cell fusion c,cell.fusion.c,0
2025-05-07,cell fusion c,cell_fusion_c,0
2025-05-07,cell fusion c,cellfusionc,0
2025-05-07,centellian,centellian,0
2025-05-07,coolfase,coolfase,0
2025-05-07,cosrx,cosrx,8
2025-05-07,dalba,dalba,1
2025-05-07,goodal,goodal,2
2025-05-07,hi focus shot,hi focus shot,0
2025-05-07,hi focus shot,hi-focus-shot,0
2025-05-07,hi focus shot,hi.focus.shot,0
2025-05-07,hi focus shot,hi_focus_shot,0
2025-05-07,hi focus shot,hifocusshot,0
2025-05-07,history of whoo,history of whoo,0
2025-05-07,history of whoo,history-of-whoo,0
2025-05-07,history of whoo,history.of.whoo,0
2025-05-07,history of whoo,history_of_whoo,0
2025-05-07,history of whoo,historyofwhoo,0
2025-05-07,hwahae,hwahae,0
2025-05-07,innisfree,innisfree,2
2025-05-07,innotox,innotox,0
2025-05-07,iope,iope,0
2025-05-07,jeuveau,jeuveau,1
2025-05-07,jevegel,jevegel,0
2025-05-07,jolse,jolse,0
2025-05-07,juvelook,juvelook,0
2025-05-07,laneige,laneige,5
2025-05-07,letybo,letybo,0
2025-05-07,madeca,madeca,0
2025-05-07,mamonde,mamonde,0
2025-05-07,manyo,manyo,1
2025-05-07,medicube,medicube,1
2025-05-07,merzy,merzy,0
2025-05-07,mighty patch,mighty patch,0
2025-05-07,mighty patch,mighty-patch,0
2025-05-07,mighty patch,mighty.patch,0
2025-05-07,mighty patch,mighty_patch,0
2025-05-07,mighty patch,mightypatch,0
2025-05-07,missha,missha,0
2025-05-07,mixoon,mixoon,0
2025-05-07,nabota,nabota,1
2025-05-07,newlux,newlux,0
2025-05-07,numbuzin,numbuzin,3
2025-05-07,ohui,ohui,0
2025-05-07,oligio,oligio,0
2025-05-07,olive young,olive young,2
2025-05-07,olive young,olive-young,0
2025-05-07,olive young,olive.young,0
2025-05-07,olive young,olive_young,0
2025-05-07,olive young,oliveyoung,0
2025-05-07,peripera,peripera,2
2025-05-07,potenza,potenza,0
2025-05-07,real barrier,real barrier,0
2025-05-07,real barrier,real-barrier,0
2025-05-07,real barrier,real.barrier,0
2025-05-07,real barrier,real_barrier,0
2025-05-07,real barrier,realbarrier,0
2025-05-07,reedle shot,reedle shot,1
2025-05-07,reedle shot,reedle-shot,0
2025-05-07,reedle shot,reedle.shot,0
2025-05-07,reedle shot,reedle_shot,0
2025-05-07,reedle shot,reedleshot,0
2025-05-07,rejuran,rejuran,2
2025-05-07,rentox,rentox,1
2025-05-07,rom&nd,rom&nd,5
2025-05-07,rom&nd,romnd,0
2025-05-07,round lab,round lab,3
2025-05-07,round lab,round-lab,0
2025-05-07,round lab,round.lab,0
2025-05-07,round lab,round_lab,0
2025-05-07,round lab,roundlab,0
2025-05-07,shurink,shurink,0
2025-05-07,skin1004,skin1004,7
2025-05-07,stylekorean,stylekorean,2
2025-05-07,stylevana,stylevana,2
2025-05-07,sulwhasoo,sulwhasoo,1
2025-05-07,sylfirm,sylfirm,0
2025-05-07,the whoo,the whoo,0
2025-05-07,the whoo,the-whoo,0
2025-05-07,the whoo,the.whoo,0
2025-05-07,the whoo,the_whoo,0
2025-05-07,the whoo,thewhoo,0
2025-05-07,tirtir,tirtir,6
2025-05-07,tonymoly,tonymoly,2
2025-05-07,torriden,torriden,3
2025-05-07,ultraformer,ultraformer,0
2025-05-07,volnewmer,volnewmer,0
2025-05-07,wellage,wellage,0
2025-05-07,yesstyle,yesstyle,11
2025-05-08,a'pieu,a'pieu,0
2025-05-08,a'pieu,a-pieu,0
2025-05-08,a'pieu,a.pieu,0
2025-05-08,a'pieu,a_pieu,0
2025-05-08,a'pieu,ap,1
2025-05-08,a'pieu,apieu,0
2025-05-08,acropass,acropass,0
2025-05-08,age-r,age-r,1
2025-05-08,age-r,age.r,0
2025-05-08,age-r,age_r,0
2025-05-08,age-r,ager,0
2025-05-08,anua,anua,1
2025-05-08,atopalm,atopalm,0
2025-05-08,bbia,bbia,0
2025-05-08,be the skin,be the skin,9
2025-05-08,be the skin,be-the-skin,0
2025-05-08,be the skin,be.the.skin,0
2025-05-08,be the skin,be_the_skin,0
2025-05-08,be the skin,betheskin,0
2025-05-08,beauty of joseon,beauty of joseon,1
2025-05-08,beauty of joseon,beauty-of-joseon,0
2025-05-08,beauty of joseon,beauty.of.joseon,0
2025-05-08,beauty of joseon,beauty_of_joseon,0
2025-05-08,beauty of joseon,beautyofjoseon,0
2025-05-08,belif,belif,0
2025-05-08,biodance,biodance,0
2025-05-08,boncept,boncept,0
2025-05-08,booster pro,booster pro,0
2025-05-08,booster pro,booster-pro,0
2025-05-08,booster pro,booster.pro,0
2025-05-08,booster pro,booster_pro,0
2025-05-08,booster pro,boosterpro,0
2025-05-08,botulax,botulax,0
2025-05-08,cell fusion c,cell fusion c,0
2025-05-08,cell fusion c,cell-fusion-c,0
2025-05-08,cell fusion c,cell.fusion.c,0
2025-05-08,cell fusion c,cell_fusion_c,0
2025-05-08,cell fusion c,cellfusionc,0
2025-05-08,centellian,centellian,0
2025-05-08,coolfase,coolfase,0
2025-05-08,cosrx,cosrx,3
2025-05-08,dalba,dalba,2
2025-05-08,goodal,goodal,0
2025-05-08,hi focus shot,hi focus shot,1
2025-05-08,hi focus shot,hi-focus-shot,0
2025-05-08,hi focus shot,hi.focus.shot,0
2025-05-08,hi focus shot,hi_focus_shot,0
2025-05-08,hi focus shot,hifocusshot,0
2025-05-08,history of whoo,history of whoo,0
2025-05-08,history of whoo,history-of-whoo,0
2025-05-08,history of whoo,history.of.whoo,0
2025-05-08,history of whoo,history_of_whoo,0
2025-05-08,history of whoo,historyofwhoo,0
2025-05-08,hwahae,hwahae,0
2025-05-08,innisfree,innisfree,4
2025-05-08,innotox,innotox,4
2025-05-08,iope,iope,0
2025-05-08,jeuveau,jeuveau,0
2025-05-08,jevegel,jevegel,0
2025-05-08,jolse,jolse,0
2025-05-08,juvelook,juvelook,0
2025-05-08,laneige,laneige,2
2025-05-08,letybo,letybo,0
2025-05-08,madeca,madeca,0
2025-05-08,mamonde,mamonde,0
2025-05-08,manyo,manyo,0
2025-05-08,medicube,medicube,4
2025-05-08,merzy,merzy,0
2025-05-08,mighty patch,mighty patch,0
2025-05-08,mighty patch,mighty-patch,0
2025-05-08,mighty patch,mighty.patch,0
2025-05-08,mighty patch,mighty_patch,0
2025-05-08,mighty patch,mightypatch,0
2025-05-08,missha,missha,0
2025-05-08,mixoon,mixoon,0
2025-05-08,nabota,nabota,0
2025-05-08,newlux,newlux,0
2025-05-08,numbuzin,numbuzin,1
2025-05-08,ohui,ohui,0
2025-05-08,oligio,oligio,0
2025-05-08,olive young,olive young,2
2025-05-08,olive young,olive-young,0
2025-05-08,olive young,olive.young,0
2025-05-08,olive young,olive_young,0
2025-05-08,olive young,oliveyoung,0
2025-05-08,peripera,peripera,4
2025-05-08,potenza,potenza,0
2025-05-08,real barrier,real barrier,1
2025-05-08,real barrier,real-barrier,0
2025-05-08,real barrier,real.barrier,0
2025-05-08,real barrier,real_barrier,0
2025-05-08,real barrier,realbarrier,0
2025-05-08,reedle shot,reedle shot,2
2025-05-08,reedle shot,reedle-shot,0
2025-05-08,reedle shot,reedle.shot,0
2025-05-08,reedle shot,reedle_shot,0
2025-05-08,reedle shot,reedleshot,0
2025-05-08,rejuran,rejuran,2
2025-05-08,rentox,rentox,0
2025-05-08,rom&nd,rom&nd,3
2025-05-08,rom&nd,romnd,0
2025-05-08,round lab,round lab,4
2025-05-08,round lab,round-lab,0
2025-05-08,round lab,round.lab,0
2025-05-08,round lab,round_lab,0
2025-05-08,round lab,roundlab,0
2025-05-08,shurink,shurink,0
2025-05-08,skin1004,skin1004,5
2025-05-08,stylekorean,stylekorean,0
2025-05-08,stylevana,stylevana,1
2025-05-08,sulwhasoo,sulwhasoo,2
2025-05-08,sylfirm,sylfirm,0
2025-05-08,the whoo,the whoo,0
2025-05-08,the whoo,the-whoo,0
2025-05-08,the whoo,the.whoo,0
2025-05-08,the whoo,the_whoo,0
2025-05-08,the whoo,thewhoo,0
2025-05-08,tirtir,tirtir,1
2025-05-08,tonymoly,tonymoly,1
2025-05-08,torriden,torriden,2
2025-05-08,ultraformer,ultraformer,0
2025-05-08,volnewmer,volnewmer,0
2025-05-08,wellage,wellage,0
2025-05-08,yesstyle,yesstyle,3
2025-05-09,a'pieu,a'pieu,0
2025-05-09,a'pieu,a-pieu,0
2025-05-09,a'pieu,a.pieu,0
2025-05-09,a'pieu,a_pieu,0
2025-05-09,a'pieu,ap,1
2025-05-09,a'pieu,apieu,0
2025-05-09,acropass,acropass,0
2025-05-09,age-r,age-r,0
2025-05-09,age-r,age.r,0
2025-05-09,age-r,age_r,0
2025-05-09,age-r,ager,0
2025-05-09,anua,anua,1
2025-05-09,atopalm,atopalm,0
2025-05-09,bbia,bbia,0
2025-05-09,be the skin,be the skin,11
2025-05-09,be the skin,be-the-skin,0
2025-05-09,be the skin,be.the.skin,0
2025-05-09,be the skin,be_the_skin,0
2025-05-09,be the skin,betheskin,0
2025-05-09,beauty of joseon,beauty of joseon,8
2025-05-09,beauty of joseon,beauty-of-joseon,0
2025-05-09,beauty of joseon,beauty.of.joseon,0
2025-05-09,beauty of joseon,beauty_of_joseon,0
2025-05-09,beauty of joseon,beautyofjoseon,0
2025-05-09,belif,belif,1
2025-05-09,biodance,biodance,2
2025-05-09,boncept,boncept,0
2025-05-09,booster pro,booster pro,0
2025-05-09,booster pro,booster-pro,0
2025-05-09,booster pro,booster.pro,0
2025-05-09,booster pro,booster_pro,0
2025-05-09,booster pro,boosterpro,0
2025-05-09,botulax,botulax,0
2025-05-09,cell fusion c,cell fusion c,0
2025-05-09,cell fusion c,cell-fusion-c,0
2025-05-09,cell fusion c,cell.fusion.c,0
2025-05-09,cell fusion c,cell_fusion_c,0
2025-05-09,cell fusion c,cellfusionc,0
2025-05-09,centellian,centellian,0
2025-05-09,coolfase,coolfase,0
2025-05-09,cosrx,cosrx,10
2025-05-09,dalba,dalba,0
2025-05-09,goodal,goodal,0
2025-05-09,hi focus shot,hi focus shot,1
2025-05-09,hi focus shot,hi-focus-shot,0
2025-05-09,hi focus shot,hi.focus.shot,0
2025-05-09,hi focus shot,hi_focus_shot,0
2025-05-09,hi focus shot,hifocusshot,0
2025-05-09,history of whoo,history of whoo,0
2025-05-09,history of whoo,history-of-whoo,0
2025-05-09,history of whoo,history.of.whoo,0
2025-05-09,history of whoo,history_of_whoo,0
2025-05-09,history of whoo,historyofwhoo,0
2025-05-09,hwahae,hwahae,0
2025-05-09,innisfree,innisfree,7
2025-05-09,innotox,innotox,3
2025-05-09,iope,iope,1
2025-05-09,jeuveau,jeuveau,1
2025-05-09,jevegel,jevegel,0
2025-05-09,jolse,jolse,0
2025-05-09,juvelook,juvelook,0
2025-05-09,laneige,laneige,4
2025-05-09,letybo,letybo,0
2025-05-09,madeca,madeca,0
2025-05-09,mamonde,mamonde,1
2025-05-09,manyo,manyo,3
2025-05-09,medicube,medicube,3
2025-05-09,merzy,merzy,0
2025-05-09,mighty patch,mighty patch,0
2025-05-09,mighty patch,mighty-patch,0
2025-05-09,mighty patch,mighty.patch,0
2025-05-09,mighty patch,mighty_patch,0
2025-05-09,mighty patch,mightypatch,0
2025-05-09,missha,missha,2
2025-05-09,mixoon,mixoon,0
2025-05-09,nabota,nabota,1
2025-05-09,newlux,newlux,0
2025-05-09,numbuzin,numbuzin,1
2025-05-09,ohui,ohui,0
2025-05-09,oligio,oligio,0
2025-05-09,olive young,olive young,1
2025-05-09,olive young,olive-young,0
2025-05-09,olive young,olive.young,0
2025-05-09,olive young,olive_young,0
2025-05-09,olive young,oliveyoung,0
2025-05-09,peripera,peripera,5
2025-05-09,potenza,potenza,0
2025-05-09,real barrier,real barrier,0
2025-05-09,real barrier,real-barrier,0
2025-05-09,real barrier,real.barrier,0
2025-05-09,real barrier,real_barrier,0
2025-05-09,real barrier,realbarrier,0
2025-05-09,reedle shot,reedle shot,0
2025-05-09,reedle shot,reedle-shot,0
2025-05-09,reedle shot,reedle.shot,0
2025-05-09,reedle shot,reedle_shot,0
2025-05-09,reedle shot,reedleshot,0
2025-05-09,rejuran,rejuran,3
2025-05-09,rentox,rentox,0
2025-05-09,rom&nd,rom&nd,4
2025-05-09,rom&nd,romnd,0
2025-05-09,round lab,round lab,2
2025-05-09,round lab,round-lab,0
2025-05-09,round lab,round.lab,0
2025-05-09,round lab,round_lab,0
2025-05-09,round lab,roundlab,0
2025-05-09,shurink,shurink,0
2025-05-09,skin1004,skin1004,7
2025-05-09,stylekorean,stylekorean,0
2025-05-09,stylevana,stylevana,0
2025-05-09,sulwhasoo,sulwhasoo,0
2025-05-09,sylfirm,sylfirm,1
2025-05-09,the whoo,the whoo,0
2025-05-09,the whoo,the-whoo,0
2025-05-09,the whoo,the.whoo,0
2025-05-09,the whoo,the_whoo,0
2025-05-09,the whoo,thewhoo,0
2025-05-09,tirtir,tirtir,1
2025-05-09,tonymoly,tonymoly,1
2025-05-09,torriden,torriden,3
2025-05-09,ultraformer,ultraformer,0
2025-05-09,volnewmer,volnewmer,0
2025-05-09,wellage,wellage,0
2025-05-09,yesstyle,yesstyle,2
2025-05-10,a'pieu,a'pieu,1
2025-05-10,a'pieu,a-pieu,0
2025-05-10,a'pieu,a.pieu,0
2025-05-10,a'pieu,a_pieu,0
2025-05-10,a'pieu,ap,3
2025-05-10,a'pieu,apieu,0
2025-05-10,acropass,acropass,0
2025-05-10,age-r,age-r,1
2025-05-10,age-r,age.r,0
2025-05-10,age-r,age_r,0
2025-05-10,age-r,ager,0
2025-05-10,anua,anua,4
2025-05-10,atopalm,atopalm,0
2025-05-10,bbia,bbia,0
2025-05-10,be the skin,be the skin,8
2025-05-10,be the skin,be-the-skin,0
2025-05-10,be the skin,be.the.skin,0
2025-05-10,be the skin,be_the_skin,0
2025-05-10,be the skin,betheskin,0
2025-05-10,beauty of joseon,beauty of joseon,7
2025-05-10,beauty of joseon,beauty-of-joseon,0
2025-05-10,beauty of joseon,beauty.of.joseon,0
2025-05-10,beauty of joseon,beauty_of_joseon,0
2025-05-10,beauty of joseon,beautyofjoseon,0
2025-05-10,belif,belif,0
2025-05-10,biodance,biodance,0
2025-05-10,boncept,boncept,0
2025-05-10,booster pro,booster pro,0
2025-05-10,booster pro,booster-pro,0
2025-05-10,booster pro,booster.pro,0
2025-05-10,booster pro,booster_pro,0
2025-05-10,booster pro,boosterpro,0
2025-05-10,botulax,botulax,0
2025-05-10,cell fusion c,cell fusion c,3
2025-05-10,cell fusion c,cell-fusion-c,0
2025-05-10,cell fusion c,cell.fusion.c,0
2025-05-10,cell fusion c,cell_fusion_c,0
2025-05-10,cell fusion c,cellfusionc,0
2025-05-10,centellian,centellian,0
2025-05-10,coolfase,coolfase,0
2025-05-10,cosrx,cosrx,8
2025-05-10,dalba,dalba,1
2025-05-10,goodal,goodal,0
2025-05-10,hi focus shot,hi focus shot,0
2025-05-10,hi focus shot,hi-focus-shot,0
2025-05-10,hi focus shot,hi.focus.shot,0
2025-05-10,hi focus shot,hi_focus_shot,0
2025-05-10,hi focus shot,hifocusshot,0
2025-05-10,history of whoo,history of whoo,0
2025-05-10,history of whoo,history-of-whoo,0
2025-05-10,history of whoo,history.of.whoo,0
2025-05-10,history of whoo,history_of_whoo,0
2025-05-10,history of whoo,historyofwhoo,0
2025-05-10,hwahae,hwahae,0
2025-05-10,innisfree,innisfree,3
2025-05-10,innotox,innotox,2
2025-05-10,iope,iope,0
2025-05-10,jeuveau,jeuveau,0
2025-05-10,jevegel,jevegel,0
2025-05-10,jolse,jolse,0
2025-05-10,juvelook,juvelook,0
2025-05-10,laneige,laneige,5
2025-05-10,letybo,letybo,0
2025-05-10,madeca,madeca,0
2025-05-10,mamonde,mamonde,0
2025-05-10,manyo,manyo,1
2025-05-10,medicube,medicube,2
2025-05-10,merzy,merzy,0
2025-05-10,mighty patch,mighty patch,2
2025-05-10,mighty patch,mighty-patch,0
2025-05-10,mighty patch,mighty.patch,0
2025-05-10,mighty patch,mighty_patch,0
2025-05-10,mighty patch,mightypatch,0
2025-05-10,missha,missha,1
2025-05-10,mixoon,mixoon,0
2025-05-10,nabota,nabota,1
2025-05-10,newlux,newlux,0
2025-05-10,numbuzin,numbuzin,0
2025-05-10,ohui,ohui,0
2025-05-10,oligio,oligio,1
2025-05-10,olive young,olive young,1
2025-05-10,olive young,olive-young,0
2025-05-10,olive young,olive.young,0
2025-05-10,olive young,olive_young,0
2025-05-10,olive young,oliveyoung,0
2025-05-10,peripera,peripera,1
2025-05-10,potenza,potenza,0
2025-05-10,real barrier,real barrier,1
2025-05-10,real barrier,real-barrier,0
2025-05-10,real barrier,real.barrier,0
2025-05-10,real barrier,real_barrier,0
2025-05-10,real barrier,realbarrier,0
2025-05-10,reedle shot,reedle shot,0
2025-05-10,reedle shot,reedle-shot,0
2025-05-10,reedle shot,reedle.shot,0
2025-05-10,reedle shot,reedle_shot,0
2025-05-10,reedle shot,reedleshot,0
2025-05-10,rejuran,rejuran,0
2025-05-10,rentox,rentox,0
2025-05-10,rom&nd,rom&nd,1
2025-05-10,rom&nd,romnd,0
2025-05-10,round lab,round lab,2
2025-05-10,round lab,round-lab,0
2025-05-10,round lab,round.lab,0
2025-05-10,round lab,round_lab,0
2025-05-10,round lab,roundlab,0
2025-05-10,shurink,shurink,0
2025-05-10,skin1004,skin1004,10
2025-05-10,stylekorean,stylekorean,0
2025-05-10,stylevana,stylevana,2
2025-05-10,sulwhasoo,sulwhasoo,0
2025-05-10,sylfirm,sylfirm,0
2025-05-10,the whoo,the whoo,0
2025-05-10,the whoo,the-whoo,0
2025-05-10,the whoo,the.whoo,0
2025-05-10,the whoo,the_whoo,0
2025-05-10,the whoo,thewhoo,0
2025-05-10,tirtir,tirtir,6
2025-05-10,tonymoly,tonymoly,0
2025-05-10,torriden,torriden,3
2025-05-10,ultraformer,ultraformer,0
2025-05-10,volnewmer,volnewmer,0
2025-05-10,wellage,wellage,0
2025-05-10,yesstyle,yesstyle,3
2025-05-11,a'pieu,a'pieu,0
2025-05-11,a'pieu,a-pieu,0
2025-05-11,a'pieu,a.pieu,0
2025-05-11,a'pieu,a_pieu,0
2025-05-11,a'pieu,ap,1
2025-05-11,a'pieu,apieu,0
2025-05-11,acropass,acropass,0
2025-05-11,age-r,age-r,1
2025-05-11,age-r,age.r,0
2025-05-11,age-r,age_r,0
2025-05-11,age-r,ager,0
2025-05-11,anua,anua,2
2025-05-11,atopalm,atopalm,0
2025-05-11,bbia,bbia,0
2025-05-11,be the skin,be the skin,8
2025-05-11,be the skin,be-the-skin,0
2025-05-11,be the skin,be.the.skin,0
2025-05-11,be the skin,be_the_skin,0
2025-05-11,be the skin,betheskin,0
2025-05-11,beauty of joseon,beauty of joseon,6
2025-05-11,beauty of joseon,beauty-of-joseon,0
2025-05-11,beauty of joseon,beauty.of.joseon,0
2025-05-11,beauty of joseon,beauty_of_joseon,0
2025-05-11,beauty of joseon,beautyofjoseon,0
2025-05-11,belif,belif,0
2025-05-11,biodance,biodance,0
2025-05-11,boncept,boncept,0
2025-05-11,booster pro,booster pro,2
2025-05-11,booster pro,booster-pro,0
2025-05-11,booster pro,booster.pro,0
2025-05-11,booster pro,booster_pro,0
2025-05-11,booster pro,boosterpro,0
2025-05-11,botulax,botulax,0
2025-05-11,cell fusion c,cell fusion c,0
2025-05-11,cell fusion c,cell-fusion-c,0
2025-05-11,cell fusion c,cell.fusion.c,0
2025-05-11,cell fusion c,cell_fusion_c,0
2025-05-11,cell fusion c,cellfusionc,0
2025-05-11,centellian,centellian,0
2025-05-11,coolfase,coolfase,0
2025-05-11,cosrx,cosrx,12
2025-05-11,dalba,dalba,0
2025-05-11,goodal,goodal,1
2025-05-11,hi focus shot,hi focus shot,2
2025-05-11,hi focus shot,hi-focus-shot,0
2025-05-11,hi focus shot,hi.focus.shot,0
2025-05-11,hi focus shot,hi_focus_shot,0
2025-05-11,hi focus shot,hifocusshot,0
2025-05-11,history of whoo,history of whoo,0
2025-05-11,history of whoo,history-of-whoo,0
2025-05-11,history of whoo,history.of.whoo,0
2025-05-11,history of whoo,history_of_whoo,0
2025-05-11,history of whoo,historyofwhoo,0
2025-05-11,hwahae,hwahae,0
2025-05-11,innisfree,innisfree,3
2025-05-11,innotox,innotox,1
2025-05-11,iope,iope,0
2025-05-11,jeuveau,jeuveau,0
2025-05-11,jevegel,jevegel,0
2025-05-11,jolse,jolse,0
2025-05-11,juvelook,juvelook,0
2025-05-11,laneige,laneige,4
2025-05-11,letybo,letybo,0
2025-05-11,madeca,madeca,0
2025-05-11,mamonde,mamonde,1
2025-05-11,manyo,manyo,2
2025-05-11,medicube,medicube,2
2025-05-11,merzy,merzy,0
2025-05-11,mighty patch,mighty patch,0
2025-05-11,mighty patch,mighty-patch,0
2025-05-11,mighty patch,mighty.patch,0
2025-05-11,mighty patch,mighty_patch,0
2025-05-11,mighty patch,mightypatch,0
2025-05-11,missha,missha,0
2025-05-11,mixoon,mixoon,0
2025-05-11,nabota,nabota,0
2025-05-11,newlux,newlux,0
2025-05-11,numbuzin,numbuzin,2
2025-05-11,ohui,ohui,0
2025-05-11,oligio,oligio,0
2025-05-11,olive young,olive young,1
2025-05-11,olive young,olive-young,0
2025-05-11,olive young,olive.young,0
2025-05-11,olive young,olive_young,0
2025-05-11,olive young,oliveyoung,0
2025-05-11,peripera,peripera,2
2025-05-11,potenza,potenza,0
2025-05-11,real barrier,real barrier,1
2025-05-11,real barrier,real-barrier,0
2025-05-11,real barrier,real.barrier,0
2025-05-11,real barrier,real_barrier,0
2025-05-11,real barrier,realbarrier,0
2025-05-11,reedle shot,reedle shot,1
2025-05-11,reedle shot,reedle-shot,0
2025-05-11,reedle shot,reedle.shot,0
2025-05-11,reedle shot,reedle_shot,0
2025-05-11,reedle shot,reedleshot,0
2025-05-11,rejuran,rejuran,4
2025-05-11,rentox,rentox,0
2025-05-11,rom&nd,rom&nd,2
2025-05-11,rom&nd,romnd,0
2025-05-11,round lab,round lab,4
2025-05-11,round lab,round-lab,0
2025-05-11,round lab,round.lab,0
2025-05-11,round lab,round_lab,0
2025-05-11,round lab,roundlab,0
2025-05-11,shurink,shurink,0
2025-05-11,skin1004,skin1004,4
2025-05-11,stylekorean,stylekorean,0
2025-05-11,stylevana,stylevana,2
2025-05-11,sulwhasoo,sulwhasoo,0
2025-05-11,sylfirm,sylfirm,0
2025-05-11,the whoo,the whoo,0
2025-05-11,the whoo,the-whoo,0
2025-05-11,the whoo,the.whoo,0
2025-05-11,the whoo,the_whoo,0
2025-05-11,the whoo,thewhoo,0
2025-05-11,tirtir,tirtir,3
2025-05-11,tonymoly,tonymoly,2
2025-05-11,torriden,torriden,1
2025-05-11,ultraformer,ultraformer,0
2025-05-11,volnewmer,volnewmer,0
2025-05-11,wellage,wellage,0
2025-05-11,yesstyle,yesstyle,4
2025-05-12,a'pieu,a'pieu,0
2025-05-12,a'pieu,a-pieu,1
2025-05-12,a'pieu,a.pieu,0
2025-05-12,a'pieu,a_pieu,0
2025-05-12,a'pieu,ap,1
2025-05-12,a'pieu,apieu,0
2025-05-12,acropass,acropass,0
2025-05-12,age-r,age-r,1
2025-05-12,age-r,age.r,0
2025-05-12,age-r,age_r,0
2025-05-12,age-r,ager,0
2025-05-12,anua,anua,0
2025-05-12,atopalm,atopalm,0
2025-05-12,bbia,bbia,0
2025-05-12,be the skin,be the skin,9
2025-05-12,be the skin,be-the-skin,0
2025-05-12,be the skin,be.the.skin,0
2025-05-12,be the skin,be_the_skin,0
2025-05-12,be the skin,betheskin,0
2025-05-12,beauty of joseon,beauty of joseon,7
2025-05-12,beauty of joseon,beauty-of-joseon,0
2025-05-12,beauty of joseon,beauty.of.joseon,0
2025-05-12,beauty of joseon,beauty_of_joseon,0
2025-05-12,beauty of joseon,beautyofjoseon,0
2025-05-12,belif,belif,0
2025-05-12,biodance,biodance,0
2025-05-12,boncept,boncept,0
2025-05-12,booster pro,booster pro,1
2025-05-12,booster pro,booster-pro,0
2025-05-12,booster pro,booster.pro,0
2025-05-12,booster pro,booster_pro,0
2025-05-12,booster pro,boosterpro,0
2025-05-12,botulax,botulax,0
2025-05-12,cell fusion c,cell fusion c,0
2025-05-12,cell fusion c,cell-fusion-c,0
2025-05-12,cell fusion c,cell.fusion.c,0
2025-05-12,cell fusion c,cell_fusion_c,0
2025-05-12,cell fusion c,cellfusionc,0
2025-05-12,centellian,centellian,0
2025-05-12,coolfase,coolfase,0
2025-05-12,cosrx,cosrx,4
2025-05-12,dalba,dalba,0
2025-05-12,goodal,goodal,1
2025-05-12,hi focus shot,hi focus shot,1
2025-05-12,hi focus shot,hi-focus-shot,0
2025-05-12,hi focus shot,hi.focus.shot,0
2025-05-12,hi focus shot,hi_focus_shot,0
2025-05-12,hi focus shot,hifocusshot,0
2025-05-12,history of whoo,history of whoo,0
2025-05-12,history of whoo,history-of-whoo,0
2025-05-12,history of whoo,history.of.whoo,0
2025-05-12,history of whoo,history_of_whoo,0
2025-05-12,history of whoo,historyofwhoo,0
2025-05-12,hwahae,hwahae,0
2025-05-12,innisfree,innisfree,7
2025-05-12,innotox,innotox,1
2025-05-12,iope,iope,0
2025-05-12,jeuveau,jeuveau,0
2025-05-12,jevegel,jevegel,0
2025-05-12,jolse,jolse,0
2025-05-12,juvelook,juvelook,0
2025-05-12,laneige,laneige,5
2025-05-12,letybo,letybo,0
2025-05-12,madeca,madeca,0
2025-05-12,mamonde,mamonde,2
2025-05-12,manyo,manyo,4
2025-05-12,medicube,medicube,3
2025-05-12,merzy,merzy,0
2025-05-12,mighty patch,mighty patch,0
2025-05-12,mighty patch,mighty-patch,0
2025-05-12,mighty patch,mighty.patch,0
2025-05-12,mighty patch,mighty_patch,0
2025-05-12,mighty patch,mightypatch,0
2025-05-12,missha,missha,2
2025-05-12,mixoon,mixoon,0
2025-05-12,nabota,nabota,0
2025-05-12,newlux,newlux,0
2025-05-12,numbuzin,numbuzin,2
2025-05-12,ohui,ohui,0
2025-05-12,oligio,oligio,0
2025-05-12,olive young,olive young,1
2025-05-12,olive young,olive-young,0
2025-05-12,olive young,olive.young,0
2025-05-12,olive young,olive_young,0
2025-05-12,olive young,oliveyoung,0
2025-05-12,peripera,peripera,1
2025-05-12,potenza,potenza,1
2025-05-12,real barrier,real barrier,0
2025-05-12,real barrier,real-barrier,0
2025-05-12,real barrier,real.barrier,0
2025-05-12,real barrier,real_barrier,0
2025-05-12,real barrier,realbarrier,0
2025-05-12,reedle shot,reedle shot,1
2025-05-12,reedle shot,reedle-shot,0
2025-05-12,reedle shot,reedle.shot,0
2025-05-12,reedle shot,reedle_shot,0
2025-05-12,reedle shot,reedleshot,0
2025-05-12,rejuran,rejuran,3
2025-05-12,rentox,rentox,0
2025-05-12,rom&nd,rom&nd,0
2025-05-12,rom&nd,romnd,0
2025-05-12,round lab,round lab,4
2025-05-12,round lab,round-lab,0
2025-05-12,round lab,round.lab,0
2025-05-12,round lab,round_lab,0
2025-05-12,round lab,roundlab,0
2025-05-12,shurink,shurink,0
2025-05-12,skin1004,skin1004,7
2025-05-12,stylekorean,stylekorean,0
2025-05-12,stylevana,stylevana,2
2025-05-12,sulwhasoo,sulwhasoo,1
2025-05-12,sylfirm,sylfirm,1
2025-05-12,the whoo,the whoo,0
2025-05-12,the whoo,the-whoo,0
2025-05-12,the whoo,the.whoo,0
2025-05-12,the whoo,the_whoo,0
2025-05-12,the whoo,thewhoo,0
2025-05-12,tirtir,tirtir,3
2025-05-12,tonymoly,tonymoly,0
2025-05-12,torriden,torriden,2
2025-05-12,ultraformer,ultraformer,0
2025-05-12,volnewmer,volnewmer,0
2025-05-12,wellage,wellage,0
2025-05-12,yesstyle,yesstyle,6
2025-05-13,a'pieu,a'pieu,1
2025-05-13,a'pieu,a-pieu,0
2025-05-13,a'pieu,a.pieu,0
2025-05-13,a'pieu,a_pieu,0
2025-05-13,a'pieu,ap,0
2025-05-13,a'pieu,apieu,0
2025-05-13,acropass,acropass,0
2025-05-13,age-r,age-r,1
2025-05-13,age-r,age.r,0
2025-05-13,age-r,age_r,0
2025-05-13,age-r,ager,0
2025-05-13,anua,anua,4
2025-05-13,atopalm,atopalm,0
2025-05-13,bbia,bbia,0
2025-05-13,be the skin,be the skin,11
2025-05-13,be the skin,be-the-skin,0
2025-05-13,be the skin,be.the.skin,0
2025-05-13,be the skin,be_the_skin,0
2025-05-13,be the skin,betheskin,0
2025-05-13,beauty of joseon,beauty of joseon,16
2025-05-13,beauty of joseon,beauty-of-joseon,0
2025-05-13,beauty of joseon,beauty.of.joseon,0
2025-05-13,beauty of joseon,beauty_of_joseon,0
2025-05-13,beauty of joseon,beautyofjoseon,0
2025-05-13,belif,belif,0
2025-05-13,biodance,biodance,0
2025-05-13,boncept,boncept,0
2025-05-13,booster pro,booster pro,0
2025-05-13,booster pro,booster-pro,0
2025-05-13,booster pro,booster.pro,0
2025-05-13,booster pro,booster_pro,0
2025-05-13,booster pro,boosterpro,0
2025-05-13,botulax,botulax,0
2025-05-13,cell fusion c,cell fusion c,1
2025-05-13,cell fusion c,cell-fusion-c,0
2025-05-13,cell fusion c,cell.fusion.c,0
2025-05-13,cell fusion c,cell_fusion_c,0
2025-05-13,cell fusion c,cellfusionc,0
2025-05-13,centellian,centellian,0
2025-05-13,coolfase,coolfase,0
2025-05-13,cosrx,cosrx,9
2025-05-13,dalba,dalba,0
2025-05-13,goodal,goodal,0
2025-05-13,hi focus shot,hi focus shot,3
2025-05-13,hi focus shot,hi-focus-shot,0
2025-05-13,hi focus shot,hi.focus.shot,0
2025-05-13,hi focus shot,hi_focus_shot,0
2025-05-13,hi focus shot,hifocusshot,0
2025-05-13,history of whoo,history of whoo,0
2025-05-13,history of whoo,history-of-whoo,0
2025-05-13,history of whoo,history.of.whoo,0
2025-05-13,history of whoo,history_of_whoo,0
2025-05-13,history of whoo,historyofwhoo,0
2025-05-13,hwahae,hwahae,0
2025-05-13,innisfree,innisfree,6
2025-05-13,innotox,innotox,3
2025-05-13,iope,iope,0
2025-05-13,jeuveau,jeuveau,0
2025-05-13,jevegel,jevegel,0
2025-05-13,jolse,jolse,0
2025-05-13,juvelook,juvelook,0
2025-05-13,laneige,laneige,8
2025-05-13,letybo,letybo,0
2025-05-13,madeca,madeca,0
2025-05-13,mamonde,mamonde,1
2025-05-13,manyo,manyo,2
2025-05-13,medicube,medicube,2
2025-05-13,merzy,merzy,0
2025-05-13,mighty patch,mighty patch,0
2025-05-13,mighty patch,mighty-patch,0
2025-05-13,mighty patch,mighty.patch,0
2025-05-13,mighty patch,mighty_patch,0
2025-05-13,mighty patch,mightypatch,0
2025-05-13,missha,missha,1
2025-05-13,mixoon,mixoon,0
2025-05-13,nabota,nabota,0
2025-05-13,newlux,newlux,0
2025-05-13,numbuzin,numbuzin,0
2025-05-13,ohui,ohui,0
2025-05-13,oligio,oligio,0
2025-05-13,olive young,olive young,4
2025-05-13,olive young,olive-young,0
2025-05-13,olive young,olive.young,0
2025-05-13,olive young,olive_young,0
2025-05-13,olive young,oliveyoung,0
2025-05-13,peripera,peripera,1
2025-05-13,potenza,potenza,0
2025-05-13,real barrier,real barrier,0
2025-05-13,real barrier,real-barrier,0
2025-05-13,real barrier,real.barrier,0
2025-05-13,real barrier,real_barrier,0
2025-05-13,real barrier,realbarrier,0
2025-05-13,reedle shot,reedle shot,1
2025-05-13,reedle shot,reedle-shot,0
2025-05-13,reedle shot,reedle.shot,0
2025-05-13,reedle shot,reedle_shot,0
2025-05-13,reedle shot,reedleshot,0
2025-05-13,rejuran,rejuran,1
2025-05-13,rentox,rentox,0
2025-05-13,rom&nd,rom&nd,2
2025-05-13,rom&nd,romnd,0
2025-05-13,round lab,round lab,1
2025-05-13,round lab,round-lab,0
2025-05-13,round lab,round.lab,0
2025-05-13,round lab,round_lab,0
2025-05-13,round lab,roundlab,3
2025-05-13,shurink,shurink,0
2025-05-13,skin1004,skin1004,3
2025-05-13,stylekorean,stylekorean,1
2025-05-13,stylevana,stylevana,0
2025-05-13,sulwhasoo,sulwhasoo,1
2025-05-13,sylfirm,sylfirm,0
2025-05-13,the whoo,the whoo,0
2025-05-13,the whoo,the-whoo,0
2025-05-13,the whoo,the.whoo,0
2025-05-13,the whoo,the_whoo,0
2025-05-13,the whoo,thewhoo,0
2025-05-13,tirtir,tirtir,6
2025-05-13,tonymoly,tonymoly,0
2025-05-13,torriden,torriden,3
2025-05-13,ultraformer,ultraformer,0
2025-05-13,volnewmer,volnewmer,0
2025-05-13,wellage,wellage,0
2025-05-13,yesstyle,yesstyle,3
2025-05-14,a'pieu,a'pieu,0
2025-05-14,a'pieu,a-pieu,0
2025-05-14,a'pieu,a.pieu,0
2025-05-14,a'pieu,a_pieu,0
2025-05-14,a'pieu,ap,2
2025-05-14,a'pieu,apieu,0
2025-05-14,acropass,acropass,0
2025-05-14,age-r,age-r,0
2025-05-14,age-r,age.r,0
2025-05-14,age-r,age_r,0
2025-05-14,age-r,ager,0
2025-05-14,anua,anua,3
2025-05-14,atopalm,atopalm,0
2025-05-14,bbia,bbia,0
2025-05-14,be the skin,be the skin,3
2025-05-14,be the skin,be-the-skin,0
2025-05-14,be the skin,be.the.skin,0
2025-05-14,be the skin,be_the_skin,0
2025-05-14,be the skin,betheskin,0
2025-05-14,beauty of joseon,beauty of joseon,11
2025-05-14,beauty of joseon,beauty-of-joseon,0
2025-05-14,beauty of joseon,beauty.of.joseon,0
2025-05-14,beauty of joseon,beauty_of_joseon,0
2025-05-14,beauty of joseon,beautyofjoseon,0
2025-05-14,belif,belif,0
2025-05-14,biodance,biodance,0
2025-05-14,boncept,boncept,0
2025-05-14,booster pro,booster pro,0
2025-05-14,booster pro,booster-pro,0
2025-05-14,booster pro,booster.pro,0
2025-05-14,booster pro,booster_pro,0
2025-05-14,booster pro,boosterpro,0
2025-05-14,botulax,botulax,0
2025-05-14,cell fusion c,cell fusion c,0
2025-05-14,cell fusion c,cell-fusion-c,0
2025-05-14,cell fusion c,cell.fusion.c,0
2025-05-14,cell fusion c,cell_fusion_c,0
2025-05-14,cell fusion c,cellfusionc,0
2025-05-14,centellian,centellian,0
2025-05-14,coolfase,coolfase,0
2025-05-14,cosrx,cosrx,7
2025-05-14,dalba,dalba,1
2025-05-14,goodal,goodal,1
2025-05-14,hi focus shot,hi focus shot,2
2025-05-14,hi focus shot,hi-focus-shot,0
2025-05-14,hi focus shot,hi.focus.shot,0
2025-05-14,hi focus shot,hi_focus_shot,0
2025-05-14,hi focus shot,hifocusshot,0
2025-05-14,history of whoo,history of whoo,0
2025-05-14,history of whoo,history-of-whoo,0
2025-05-14,history of whoo,history.of.whoo,0
2025-05-14,history of whoo,history_of_whoo,0
2025-05-14,history of whoo,historyofwhoo,0
2025-05-14,hwahae,hwahae,0
2025-05-14,innisfree,innisfree,2
2025-05-14,innotox,innotox,2
2025-05-14,iope,iope,0
2025-05-14,jeuveau,jeuveau,0
2025-05-14,jevegel,jevegel,0
2025-05-14,jolse,jolse,0
2025-05-14,juvelook,juvelook,0
2025-05-14,laneige,laneige,4
2025-05-14,letybo,letybo,0
2025-05-14,madeca,madeca,0
2025-05-14,mamonde,mamonde,0
2025-05-14,manyo,manyo,0
2025-05-14,medicube,medicube,4
2025-05-14,merzy,merzy,0
2025-05-14,mighty patch,mighty patch,0
2025-05-14,mighty patch,mighty-patch,0
2025-05-14,mighty patch,mighty.patch,0
2025-05-14,mighty patch,mighty_patch,0
2025-05-14,mighty patch,mightypatch,0
2025-05-14,missha,missha,2
2025-05-14,mixoon,mixoon,1
2025-05-14,nabota,nabota,1
2025-05-14,newlux,newlux,0
2025-05-14,numbuzin,numbuzin,2
2025-05-14,ohui,ohui,0
2025-05-14,oligio,oligio,0
2025-05-14,olive young,olive young,3
2025-05-14,olive young,olive-young,0
2025-05-14,olive young,olive.young,0
2025-05-14,olive young,olive_young,0
2025-05-14,olive young,oliveyoung,1
2025-05-14,peripera,peripera,11
2025-05-14,potenza,potenza,1
2025-05-14,real barrier,real barrier,0
2025-05-14,real barrier,real-barrier,0
2025-05-14,real barrier,real.barrier,0
2025-05-14,real barrier,real_barrier,0
2025-05-14,real barrier,realbarrier,0
2025-05-14,reedle shot,reedle shot,0
2025-05-14,reedle shot,reedle-shot,0
2025-05-14,reedle shot,reedle.shot,0
2025-05-14,reedle shot,reedle_shot,0
2025-05-14,reedle shot,reedleshot,0
2025-05-14,rejuran,rejuran,1
2025-05-14,rentox,rentox,0
2025-05-14,rom&nd,rom&nd,1
2025-05-14,rom&nd,romnd,0
2025-05-14,round lab,round lab,7
2025-05-14,round lab,round-lab,0
2025-05-14,round lab,round.lab,0
2025-05-14,round lab,round_lab,0
2025-05-14,round lab,roundlab,0
2025-05-14,shurink,shurink,0
2025-05-14,skin1004,skin1004,10
2025-05-14,stylekorean,stylekorean,0
2025-05-14,stylevana,stylevana,1
2025-05-14,sulwhasoo,sulwhasoo,0
2025-05-14,sylfirm,sylfirm,0
2025-05-14,the whoo,the whoo,0
2025-05-14,the whoo,the-whoo,0
2025-05-14,the whoo,the.whoo,0
2025-05-14,the whoo,the_whoo,0
2025-05-14,the whoo,thewhoo,0
2025-05-14,tirtir,tirtir,3
2025-05-14,tonymoly,tonymoly,0
2025-05-14,torriden,torriden,3
2025-05-14,ultraformer,ultraformer,0
2025-05-14,volnewmer,volnewmer,0
2025-05-14,wellage,wellage,0
2025-05-14,yesstyle,yesstyle,5
2025-05-15,a'pieu,a'pieu,0
2025-05-15,a'pieu,a-pieu,0
2025-05-15,a'pieu,a.pieu,0
2025-05-15,a'pieu,a_pieu,0
2025-05-15,a'pieu,ap,0
2025-05-15,a'pieu,apieu,0
2025-05-15,acropass,acropass,0
2025-05-15,age-r,age-r,1
2025-05-15,age-r,age.r,0
2025-05-15,age-r,age_r,0
2025-05-15,age-r,ager,0
2025-05-15,anua,anua,4
2025-05-15,atopalm,atopalm,0
2025-05-15,bbia,bbia,0
2025-05-15,be the skin,be the skin,6
2025-05-15,be the skin,be-the-skin,0
2025-05-15,be the skin,be.the.skin,0
2025-05-15,be the skin,be_the_skin,0
2025-05-15,be the skin,betheskin,0
2025-05-15,beauty of joseon,beauty of joseon,5
2025-05-15,beauty of joseon,beauty-of-joseon,0
2025-05-15,beauty of joseon,beauty.of.joseon,0
2025-05-15,beauty of joseon,beauty_of_joseon,0
2025-05-15,beauty of joseon,beautyofjoseon,0
2025-05-15,belif,belif,0
2025-05-15,biodance,biodance,0
2025-05-15,boncept,boncept,0
2025-05-15,booster pro,booster pro,1
2025-05-15,booster pro,booster-pro,0
2025-05-15,booster pro,booster.pro,0
2025-05-15,booster pro,booster_pro,0
2025-05-15,booster pro,boosterpro,0
2025-05-15,botulax,botulax,0
2025-05-15,cell fusion c,cell fusion c,1
2025-05-15,cell fusion c,cell-fusion-c,0
2025-05-15,cell fusion c,cell.fusion.c,0
2025-05-15,cell fusion c,cell_fusion_c,0
2025-05-15,cell fusion c,cellfusionc,0
2025-05-15,centellian,centellian,0
2025-05-15,coolfase,coolfase,0
2025-05-15,cosrx,cosrx,12
2025-05-15,dalba,dalba,0
2025-05-15,goodal,goodal,0
2025-05-15,hi focus shot,hi focus shot,1
2025-05-15,hi focus shot,hi-focus-shot,0
2025-05-15,hi focus shot,hi.focus.shot,0
2025-05-15,hi focus shot,hi_focus_shot,0
2025-05-15,hi focus shot,hifocusshot,0
2025-05-15,history of whoo,history of whoo,0
2025-05-15,history of whoo,history-of-whoo,0
2025-05-15,history of whoo,history.of.whoo,0
2025-05-15,history of whoo,history_of_whoo,0
2025-05-15,history of whoo,historyofwhoo,0
2025-05-15,hwahae,hwahae,0
2025-05-15,innisfree,innisfree,4
2025-05-15,innotox,innotox,2
2025-05-15,iope,iope,0
2025-05-15,jeuveau,jeuveau,0
2025-05-15,jevegel,jevegel,0
2025-05-15,jolse,jolse,0
2025-05-15,juvelook,juvelook,0
2025-05-15,laneige,laneige,0
2025-05-15,letybo,letybo,0
2025-05-15,madeca,madeca,0
2025-05-15,mamonde,mamonde,0
2025-05-15,manyo,manyo,0
2025-05-15,medicube,medicube,5
2025-05-15,merzy,merzy,0
2025-05-15,mighty patch,mighty patch,0
2025-05-15,mighty patch,mighty-patch,0
2025-05-15,mighty patch,mighty.patch,0
2025-05-15,mighty patch,mighty_patch,0
2025-05-15,mighty patch,mightypatch,0
2025-05-15,missha,missha,0
2025-05-15,mixoon,mixoon,0
2025-05-15,nabota,nabota,0
2025-05-15,newlux,newlux,0
2025-05-15,numbuzin,numbuzin,3
2025-05-15,ohui,ohui,0
2025-05-15,oligio,oligio,0
2025-05-15,olive young,olive young,3
2025-05-15,olive young,olive-young,0
2025-05-15,olive young,olive.young,0
2025-05-15,olive young,olive_young,0
2025-05-15,olive young,oliveyoung,0
2025-05-15,peripera,peripera,2
2025-05-15,potenza,potenza,1
2025-05-15,real barrier,real barrier,0
2025-05-15,real barrier,real-barrier,0
2025-05-15,real barrier,real.barrier,0
2025-05-15,real barrier,real_barrier,0
2025-05-15,real barrier,realbarrier,0
2025-05-15,reedle shot,reedle shot,0
2025-05-15,reedle shot,reedle-shot,0
2025-05-15,reedle shot,reedle.shot,0
2025-05-15,reedle shot,reedle_shot,0
2025-05-15,reedle shot,reedleshot,0
2025-05-15,rejuran,rejuran,1
2025-05-15,rentox,rentox,0
2025-05-15,rom&nd,rom&nd,1
2025-05-15,rom&nd,romnd,0
2025-05-15,round lab,round lab,3
2025-05-15,round lab,round-lab,0
2025-05-15,round lab,round.lab,0
2025-05-15,round lab,round_lab,0
2025-05-15,round lab,roundlab,0
2025-05-15,shurink,shurink,0
2025-05-15,skin1004,skin1004,4
2025-05-15,stylekorean,stylekorean,1
2025-05-15,stylevana,stylevana,0
2025-05-15,sulwhasoo,sulwhasoo,0
2025-05-15,sylfirm,sylfirm,0
2025-05-15,the whoo,the whoo,0
2025-05-15,the whoo,the-whoo,0
2025-05-15,the whoo,the.whoo,0
2025-05-15,the whoo,the_whoo,0
2025-05-15,the whoo,thewhoo,0
2025-05-15,tirtir,tirtir,2
2025-05-15,tonymoly,tonymoly,1
2025-05-15,torriden,torriden,2
2025-05-15,ultraformer,ultraformer,0
2025-05-15,volnewmer,volnewmer,0
2025-05-15,wellage,wellage,0
2025-05-15,yesstyle,yesstyle,8
2025-05-16,a'pieu,a'pieu,0
2025-05-16,a'pieu,a-pieu,0
2025-05-16,a'pieu,a.pieu,0
2025-05-16,a'pieu,a_pieu,0
2025-05-16,a'pieu,ap,0
2025-05-16,a'pieu,apieu,0
2025-05-16,acropass,acropass,0
2025-05-16,age-r,age-r,2
2025-05-16,age-r,age.r,0
2025-05-16,age-r,age_r,0
2025-05-16,age-r,ager,0
2025-05-16,anua,anua,7
2025-05-16,atopalm,atopalm,0
2025-05-16,bbia,bbia,0
2025-05-16,be the skin,be the skin,4
2025-05-16,be the skin,be-the-skin,0
2025-05-16,be the skin,be.the.skin,0
2025-05-16,be the skin,be_the_skin,0
2025-05-16,be the skin,betheskin,0
2025-05-16,beauty of joseon,beauty of joseon,10
2025-05-16,beauty of joseon,beauty-of-joseon,0
2025-05-16,beauty of joseon,beauty.of.joseon,0
2025-05-16,beauty of joseon,beauty_of_joseon,0
2025-05-16,beauty of joseon,beautyofjoseon,0
2025-05-16,belif,belif,2
2025-05-16,biodance,biodance,0
2025-05-16,boncept,boncept,0
2025-05-16,booster pro,booster pro,0
2025-05-16,booster pro,booster-pro,0
2025-05-16,booster pro,booster.pro,0
2025-05-16,booster pro,booster_pro,0
2025-05-16,booster pro,boosterpro,0
2025-05-16,botulax,botulax,0
2025-05-16,cell fusion c,cell fusion c,0
2025-05-16,cell fusion c,cell-fusion-c,0
2025-05-16,cell fusion c,cell.fusion.c,0
2025-05-16,cell fusion c,cell_fusion_c,0
2025-05-16,cell fusion c,cellfusionc,0
2025-05-16,centellian,centellian,0
2025-05-16,coolfase,coolfase,0
2025-05-16,cosrx,cosrx,5
2025-05-16,dalba,dalba,0
2025-05-16,goodal,goodal,0
2025-05-16,hi focus shot,hi focus shot,2
2025-05-16,hi focus shot,hi-focus-shot,0
2025-05-16,hi focus shot,hi.focus.shot,0
2025-05-16,hi focus shot,hi_focus_shot,0
2025-05-16,hi focus shot,hifocusshot,0
2025-05-16,history of whoo,history of whoo,0
2025-05-16,history of whoo,history-of-whoo,0
2025-05-16,history of whoo,history.of.whoo,0
2025-05-16,history of whoo,history_of_whoo,0
2025-05-16,history of whoo,historyofwhoo,0
2025-05-16,hwahae,hwahae,0
2025-05-16,innisfree,innisfree,3
2025-05-16,innotox,innotox,2
2025-05-16,iope,iope,0
2025-05-16,jeuveau,jeuveau,0
2025-05-16,jevegel,jevegel,0
2025-05-16,jolse,jolse,0
2025-05-16,juvelook,juvelook,1
2025-05-16,laneige,laneige,4
2025-05-16,letybo,letybo,0
2025-05-16,madeca,madeca,0
2025-05-16,mamonde,mamonde,0
2025-05-16,manyo,manyo,0
2025-05-16,medicube,medicube,1
2025-05-16,merzy,merzy,0
2025-05-16,mighty patch,mighty patch,0
2025-05-16,mighty patch,mighty-patch,0
2025-05-16,mighty patch,mighty.patch,0
2025-05-16,mighty patch,mighty_patch,0
2025-05-16,mighty patch,mightypatch,0
2025-05-16,missha,missha,2
2025-05-16,mixoon,mixoon,0
2025-05-16,nabota,nabota,0
2025-05-16,newlux,newlux,0
2025-05-16,numbuzin,numbuzin,0
2025-05-16,ohui,ohui,0
2025-05-16,oligio,oligio,0
2025-05-16,olive young,olive young,3
2025-05-16,olive young,olive-young,0
2025-05-16,olive young,olive.young,0
2025-05-16,olive young,olive_young,0
2025-05-16,olive young,oliveyoung,0
2025-05-16,peripera,peripera,4
2025-05-16,potenza,potenza,0
2025-05-16,real barrier,real barrier,0
2025-05-16,real barrier,real-barrier,0
2025-05-16,real barrier,real.barrier,0
2025-05-16,real barrier,real_barrier,0
2025-05-16,real barrier,realbarrier,0
2025-05-16,reedle shot,reedle shot,0
2025-05-16,reedle shot,reedle-shot,0
2025-05-16,reedle shot,reedle.shot,0
2025-05-16,reedle shot,reedle_shot,0
2025-05-16,reedle shot,reedleshot,0
2025-05-16,rejuran,rejuran,2
2025-05-16,rentox,rentox,0
2025-05-16,rom&nd,rom&nd,4
2025-05-16,rom&nd,romnd,0
2025-05-16,round lab,round lab,6
2025-05-16,round lab,round-lab,0
2025-05-16,round lab,round.lab,0
2025-05-16,round lab,round_lab,0
2025-05-16,round lab,roundlab,2
2025-05-16,shurink,shurink,0
2025-05-16,skin1004,skin1004,5
2025-05-16,stylekorean,stylekorean,1
2025-05-16,stylevana,stylevana,0
2025-05-16,sulwhasoo,sulwhasoo,0
2025-05-16,sylfirm,sylfirm,0
2025-05-16,the whoo,the whoo,0
2025-05-16,the whoo,the-whoo,0
2025-05-16,the whoo,the.whoo,0
2025-05-16,the whoo,the_whoo,0
2025-05-16,the whoo,thewhoo,0
2025-05-16,tirtir,tirtir,1
2025-05-16,tonymoly,tonymoly,0
2025-05-16,torriden,torriden,4
2025-05-16,ultraformer,ultraformer,0
2025-05-16,volnewmer,volnewmer,0
2025-05-16,wellage,wellage,0
2025-05-16,yesstyle,yesstyle,2
2025-05-17,a'pieu,a'pieu,0
2025-05-17,a'pieu,a-pieu,0
2025-05-17,a'pieu,a.pieu,0
2025-05-17,a'pieu,a_pieu,0
2025-05-17,a'pieu,ap,1
2025-05-17,a'pieu,apieu,0
2025-05-17,acropass,acropass,0
2025-05-17,age-r,age-r,1
2025-05-17,age-r,age.r,0
2025-05-17,age-r,age_r,0
2025-05-17,age-r,ager,0
2025-05-17,anua,anua,3
2025-05-17,atopalm,atopalm,0
2025-05-17,bbia,bbia,1
2025-05-17,be the skin,be the skin,4
2025-05-17,be the skin,be-the-skin,0
2025-05-17,be the skin,be.the.skin,0
2025-05-17,be the skin,be_the_skin,0
2025-05-17,be the skin,betheskin,0
2025-05-17,beauty of joseon,beauty of joseon,12
2025-05-17,beauty of joseon,beauty-of-joseon,0
2025-05-17,beauty of joseon,beauty.of.joseon,0
2025-05-17,beauty of joseon,beauty_of_joseon,0
2025-05-17,beauty of joseon,beautyofjoseon,0
2025-05-17,belif,belif,0
2025-05-17,biodance,biodance,0
2025-05-17,boncept,boncept,0
2025-05-17,booster pro,booster pro,3
2025-05-17,booster pro,booster-pro,0
2025-05-17,booster pro,booster.pro,0
2025-05-17,booster pro,booster_pro,0
2025-05-17,booster pro,boosterpro,0
2025-05-17,botulax,botulax,2
2025-05-17,cell fusion c,cell fusion c,1
2025-05-17,cell fusion c,cell-fusion-c,0
2025-05-17,cell fusion c,cell.fusion.c,0
2025-05-17,cell fusion c,cell_fusion_c,0
2025-05-17,cell fusion c,cellfusionc,0
2025-05-17,centellian,centellian,0
2025-05-17,coolfase,coolfase,0
2025-05-17,cosrx,cosrx,5
2025-05-17,dalba,dalba,0
2025-05-17,goodal,goodal,0
2025-05-17,hi focus shot,hi focus shot,1
2025-05-17,hi focus shot,hi-focus-shot,0
2025-05-17,hi focus shot,hi.focus.shot,0
2025-05-17,hi focus shot,hi_focus_shot,0
2025-05-17,hi focus shot,hifocusshot,0
2025-05-17,history of whoo,history of whoo,0
2025-05-17,history of whoo,history-of-whoo,0
2025-05-17,history of whoo,history.of.whoo,0
2025-05-17,history of whoo,history_of_whoo,0
2025-05-17,history of whoo,historyofwhoo,0
2025-05-17,hwahae,hwahae,0
2025-05-17,innisfree,innisfree,6
2025-05-17,innotox,innotox,0
2025-05-17,iope,iope,0
2025-05-17,jeuveau,jeuveau,0
2025-05-17,jevegel,jevegel,0
2025-05-17,jolse,jolse,0
2025-05-17,juvelook,juvelook,0
2025-05-17,laneige,laneige,7
2025-05-17,letybo,letybo,0
2025-05-17,madeca,madeca,1
2025-05-17,mamonde,mamonde,0
2025-05-17,manyo,manyo,0
2025-05-17,medicube,medicube,4
2025-05-17,merzy,merzy,0
2025-05-17,mighty patch,mighty patch,0
2025-05-17,mighty patch,mighty-patch,0
2025-05-17,mighty patch,mighty.patch,0
2025-05-17,mighty patch,mighty_patch,0
2025-05-17,mighty patch,mightypatch,0
2025-05-17,missha,missha,1
2025-05-17,mixoon,mixoon,0
2025-05-17,nabota,nabota,0
2025-05-17,newlux,newlux,0
2025-05-17,numbuzin,numbuzin,0
2025-05-17,ohui,ohui,0
2025-05-17,oligio,oligio,0
2025-05-17,olive young,olive young,4
2025-05-17,olive young,olive-young,0
2025-05-17,olive young,olive.young,0
2025-05-17,olive young,olive_young,0
2025-05-17,olive young,oliveyoung,0
2025-05-17,peripera,peripera,4
2025-05-17,potenza,potenza,0
2025-05-17,real barrier,real barrier,0
2025-05-17,real barrier,real-barrier,0
2025-05-17,real barrier,real.barrier,0
2025-05-17,real barrier,real_barrier,0
2025-05-17,real barrier,realbarrier,0
2025-05-17,reedle shot,reedle shot,2
2025-05-17,reedle shot,reedle-shot,0
2025-05-17,reedle shot,reedle.shot,0
2025-05-17,reedle shot,reedle_shot,0
2025-05-17,reedle shot,reedleshot,0
2025-05-17,rejuran,rejuran,0
2025-05-17,rentox,rentox,0
2025-05-17,rom&nd,rom&nd,6
2025-05-17,rom&nd,romnd,0
2025-05-17,round lab,round lab,4
2025-05-17,round lab,round-lab,0
2025-05-17,round lab,round.lab,0
2025-05-17,round lab,round_lab,0
2025-05-17,round lab,roundlab,2
2025-05-17,shurink,shurink,0
2025-05-17,skin1004,skin1004,10
2025-05-17,stylekorean,stylekorean,0
2025-05-17,stylevana,stylevana,1
2025-05-17,sulwhasoo,sulwhasoo,1
2025-05-17,sylfirm,sylfirm,0
2025-05-17,the whoo,the whoo,0
2025-05-17,the whoo,the-whoo,0
2025-05-17,the whoo,the.whoo,0
2025-05-17,the whoo,the_whoo,0
2025-05-17,the whoo,thewhoo,0
2025-05-17,tirtir,tirtir,1
2025-05-17,tonymoly,tonymoly,0
2025-05-17,torriden,torriden,3
2025-05-17,ultraformer,ultraformer,0
2025-05-17,volnewmer,volnewmer,0
2025-05-17,wellage,wellage,0
2025-05-17,yesstyle,yesstyle,8
2025-05-18,a'pieu,a'pieu,0
2025-05-18,a'pieu,a-pieu,0
2025-05-18,a'pieu,a.pieu,0
2025-05-18,a'pieu,a_pieu,0
2025-05-18,a'pieu,ap,0
2025-05-18,a'pieu,apieu,0
2025-05-18,acropass,acropass,0
2025-05-18,age-r,age-r,1
2025-05-18,age-r,age.r,0
2025-05-18,age-r,age_r,0
2025-05-18,age-r,ager,0
2025-05-18,anua,anua,4
2025-05-18,atopalm,atopalm,0
2025-05-18,bbia,bbia,0
2025-05-18,be the skin,be the skin,8
2025-05-18,be the skin,be-the-skin,0
2025-05-18,be the skin,be.the.skin,0
2025-05-18,be the skin,be_the_skin,0
2025-05-18,be the skin,betheskin,0
2025-05-18,beauty of joseon,beauty of joseon,7
2025-05-18,beauty of joseon,beauty-of-joseon,0
2025-05-18,beauty of joseon,beauty.of.joseon,0
2025-05-18,beauty of joseon,beauty_of_joseon,0
2025-05-18,beauty of joseon,beautyofjoseon,0
2025-05-18,belif,belif,0
2025-05-18,biodance,biodance,0
2025-05-18,boncept,boncept,0
2025-05-18,booster pro,booster pro,1
2025-05-18,booster pro,booster-pro,0
2025-05-18,booster pro,booster.pro,0
2025-05-18,booster pro,booster_pro,0
2025-05-18,booster pro,boosterpro,0
2025-05-18,botulax,botulax,0
2025-05-18,cell fusion c,cell fusion c,1
2025-05-18,cell fusion c,cell-fusion-c,0
2025-05-18,cell fusion c,cell.fusion.c,0
2025-05-18,cell fusion c,cell_fusion_c,0
2025-05-18,cell fusion c,cellfusionc,0
2025-05-18,centellian,centellian,0
2025-05-18,coolfase,coolfase,0
2025-05-18,cosrx,cosrx,6
2025-05-18,dalba,dalba,0
2025-05-18,goodal,goodal,3
2025-05-18,hi focus shot,hi focus shot,1
2025-05-18,hi focus shot,hi-focus-shot,0
2025-05-18,hi focus shot,hi.focus.shot,0
2025-05-18,hi focus shot,hi_focus_shot,0
2025-05-18,hi focus shot,hifocusshot,0
2025-05-18,history of whoo,history of whoo,0
2025-05-18,history of whoo,history-of-whoo,0
2025-05-18,history of whoo,history.of.whoo,0
2025-05-18,history of whoo,history_of_whoo,0
2025-05-18,history of whoo,historyofwhoo,0
2025-05-18,hwahae,hwahae,0
2025-05-18,innisfree,innisfree,1
2025-05-18,innotox,innotox,3
2025-05-18,iope,iope,0
2025-05-18,jeuveau,jeuveau,0
2025-05-18,jevegel,jevegel,0
2025-05-18,jolse,jolse,0
2025-05-18,juvelook,juvelook,0
2025-05-18,laneige,laneige,5
2025-05-18,letybo,letybo,0
2025-05-18,madeca,madeca,0
2025-05-18,mamonde,mamonde,0
2025-05-18,manyo,manyo,0
2025-05-18,medicube,medicube,4
2025-05-18,merzy,merzy,0
2025-05-18,mighty patch,mighty patch,0
2025-05-18,mighty patch,mighty-patch,0
2025-05-18,mighty patch,mighty.patch,0
2025-05-18,mighty patch,mighty_patch,0
2025-05-18,mighty patch,mightypatch,0
2025-05-18,missha,missha,0
2025-05-18,mixoon,mixoon,0
2025-05-18,nabota,nabota,0
2025-05-18,newlux,newlux,0
2025-05-18,numbuzin,numbuzin,1
2025-05-18,ohui,ohui,0
2025-05-18,oligio,oligio,0
2025-05-18,olive young,olive young,4
2025-05-18,olive young,olive-young,0
2025-05-18,olive young,olive.young,0
2025-05-18,olive young,olive_young,0
2025-05-18,olive young,oliveyoung,0
2025-05-18,peripera,peripera,2
2025-05-18,potenza,potenza,1
2025-05-18,real barrier,real barrier,2
2025-05-18,real barrier,real-barrier,0
2025-05-18,real barrier,real.barrier,0
2025-05-18,real barrier,real_barrier,0
2025-05-18,real barrier,realbarrier,0
2025-05-18,reedle shot,reedle shot,0
2025-05-18,reedle shot,reedle-shot,0
2025-05-18,reedle shot,reedle.shot,0
2025-05-18,reedle shot,reedle_shot,0
2025-05-18,reedle shot,reedleshot,0
2025-05-18,rejuran,rejuran,0
2025-05-18,rentox,rentox,1
2025-05-18,rom&nd,rom&nd,4
2025-05-18,rom&nd,romnd,0
2025-05-18,round lab,round lab,4
2025-05-18,round lab,round-lab,0
2025-05-18,round lab,round.lab,0
2025-05-18,round lab,round_lab,0
2025-05-18,round lab,roundlab,0
2025-05-18,shurink,shurink,0
2025-05-18,skin1004,skin1004,4
2025-05-18,stylekorean,stylekorean,0
2025-05-18,stylevana,stylevana,1
2025-05-18,sulwhasoo,sulwhasoo,0
2025-05-18,sylfirm,sylfirm,0
2025-05-18,the whoo,the whoo,0
2025-05-18,the whoo,the-whoo,0
2025-05-18,the whoo,the.whoo,0
2025-05-18,the whoo,the_whoo,0
2025-05-18,the whoo,thewhoo,0
2025-05-18,tirtir,tirtir,2
2025-05-18,tonymoly,tonymoly,0
2025-05-18,torriden,torriden,2
2025-05-18,ultraformer,ultraformer,0
2025-05-18,volnewmer,volnewmer,0
2025-05-18,wellage,wellage,0
2025-05-18,yesstyle,yesstyle,2
2025-05-19,a'pieu,a'pieu,0
2025-05-19,a'pieu,a-pieu,0
2025-05-19,a'pieu,a.pieu,0
2025-05-19,a'pieu,a_pieu,0
2025-05-19,a'pieu,ap,1
2025-05-19,a'pieu,apieu,0
2025-05-19,acropass,acropass,0
2025-05-19,age-r,age-r,0
2025-05-19,age-r,age.r,0
2025-05-19,age-r,age_r,0
2025-05-19,age-r,ager,0
2025-05-19,anua,anua,3
2025-05-19,atopalm,atopalm,0
2025-05-19,bbia,bbia,0
2025-05-19,be the skin,be the skin,9
2025-05-19,be the skin,be-the-skin,0
2025-05-19,be the skin,be.the.skin,0
2025-05-19,be the skin,be_the_skin,0
2025-05-19,be the skin,betheskin,0
2025-05-19,beauty of joseon,beauty of joseon,5
2025-05-19,beauty of joseon,beauty-of-joseon,0
2025-05-19,beauty of joseon,beauty.of.joseon,0
2025-05-19,beauty of joseon,beauty_of_joseon,0
2025-05-19,beauty of joseon,beautyofjoseon,0
2025-05-19,belif,belif,0
2025-05-19,biodance,biodance,0
2025-05-19,boncept,boncept,0
2025-05-19,booster pro,booster pro,0
2025-05-19,booster pro,booster-pro,0
2025-05-19,booster pro,booster.pro,0
2025-05-19,booster pro,booster_pro,0
2025-05-19,booster pro,boosterpro,0
2025-05-19,botulax,botulax,0
2025-05-19,cell fusion c,cell fusion c,1
2025-05-19,cell fusion c,cell-fusion-c,0
2025-05-19,cell fusion c,cell.fusion.c,0
2025-05-19,cell fusion c,cell_fusion_c,0
2025-05-19,cell fusion c,cellfusionc,0
2025-05-19,centellian,centellian,0
2025-05-19,coolfase,coolfase,0
2025-05-19,cosrx,cosrx,6
2025-05-19,dalba,dalba,1
2025-05-19,goodal,goodal,1
2025-05-19,hi focus shot,hi focus shot,2
2025-05-19,hi focus shot,hi-focus-shot,0
2025-05-19,hi focus shot,hi.focus.shot,0
2025-05-19,hi focus shot,hi_focus_shot,0
2025-05-19,hi focus shot,hifocusshot,0
2025-05-19,history of whoo,history of whoo,0
2025-05-19,history of whoo,history-of-whoo,0
2025-05-19,history of whoo,history.of.whoo,0
2025-05-19,history of whoo,history_of_whoo,0
2025-05-19,history of whoo,historyofwhoo,0
2025-05-19,hwahae,hwahae,0
2025-05-19,innisfree,innisfree,7
2025-05-19,innotox,innotox,1
2025-05-19,iope,iope,0
2025-05-19,jeuveau,jeuveau,0
2025-05-19,jevegel,jevegel,0
2025-05-19,jolse,jolse,0
2025-05-19,juvelook,juvelook,0
2025-05-19,laneige,laneige,2
2025-05-19,letybo,letybo,0
2025-05-19,madeca,madeca,0
2025-05-19,mamonde,mamonde,0
2025-05-19,manyo,manyo,0
2025-05-19,medicube,medicube,1
2025-05-19,merzy,merzy,0
2025-05-19,mighty patch,mighty patch,0
2025-05-19,mighty patch,mighty-patch,0
2025-05-19,mighty patch,mighty.patch,0
2025-05-19,mighty patch,mighty_patch,0
2025-05-19,mighty patch,mightypatch,0
2025-05-19,missha,missha,2
2025-05-19,mixoon,mixoon,0
2025-05-19,nabota,nabota,0
2025-05-19,newlux,newlux,0
2025-05-19,numbuzin,numbuzin,1
2025-05-19,ohui,ohui,0
2025-05-19,oligio,oligio,0
2025-05-19,olive young,olive young,3
2025-05-19,olive young,olive-young,0
2025-05-19,olive young,olive.young,0
2025-05-19,olive young,olive_young,0
2025-05-19,olive young,oliveyoung,0
2025-05-19,peripera,peripera,0
2025-05-19,potenza,potenza,0
2025-05-19,real barrier,real barrier,1
2025-05-19,real barrier,real-barrier,0
2025-05-19,real barrier,real.barrier,0
2025-05-19,real barrier,real_barrier,0
2025-05-19,real barrier,realbarrier,0
2025-05-19,reedle shot,reedle shot,0
2025-05-19,reedle shot,reedle-shot,0
2025-05-19,reedle shot,reedle.shot,0
2025-05-19,reedle shot,reedle_shot,0
2025-05-19,reedle shot,reedleshot,0
2025-05-19,rejuran,rejuran,0
2025-05-19,rentox,rentox,0
2025-05-19,rom&nd,rom&nd,2
2025-05-19,rom&nd,romnd,0
2025-05-19,round lab,round lab,1
2025-05-19,round lab,round-lab,0
2025-05-19,round lab,round.lab,0
2025-05-19,round lab,round_lab,0
2025-05-19,round lab,roundlab,0
2025-05-19,shurink,shurink,0
2025-05-19,skin1004,skin1004,4
2025-05-19,stylekorean,stylekorean,0
2025-05-19,stylevana,stylevana,1
2025-05-19,sulwhasoo,sulwhasoo,0
2025-05-19,sylfirm,sylfirm,0
2025-05-19,the whoo,the whoo,0
2025-05-19,the whoo,the-whoo,0
2025-05-19,the whoo,the.whoo,0
2025-05-19,the whoo,the_whoo,0
2025-05-19,the whoo,thewhoo,0
2025-05-19,tirtir,tirtir,4
2025-05-19,tonymoly,tonymoly,0
2025-05-19,torriden,torriden,1
2025-05-19,ultraformer,ultraformer,0
2025-05-19,volnewmer,volnewmer,0
2025-05-19,wellage,wellage,0
2025-05-19,yesstyle,yesstyle,2
2025-05-20,a'pieu,a'pieu,0
2025-05-20,a'pieu,a-pieu,0
2025-05-20,a'pieu,a.pieu,0
2025-05-20,a'pieu,a_pieu,0
2025-05-20,a'pieu,ap,0
2025-05-20,a'pieu,apieu,0
2025-05-20,acropass,acropass,0
2025-05-20,age-r,age-r,3
2025-05-20,age-r,age.r,0
2025-05-20,age-r,age_r,0
2025-05-20,age-r,ager,0
2025-05-20,anua,anua,4
2025-05-20,atopalm,atopalm,0
2025-05-20,bbia,bbia,0
2025-05-20,be the skin,be the skin,16
2025-05-20,be the skin,be-the-skin,0
2025-05-20,be the skin,be.the.skin,0
2025-05-20,be the skin,be_the_skin,0
2025-05-20,be the skin,betheskin,0
2025-05-20,beauty of joseon,beauty of joseon,5
2025-05-20,beauty of joseon,beauty-of-joseon,0
2025-05-20,beauty of joseon,beauty.of.joseon,0
2025-05-20,beauty of joseon,beauty_of_joseon,0
2025-05-20,beauty of joseon,beautyofjoseon,0
2025-05-20,belif,belif,0
2025-05-20,biodance,biodance,1
2025-05-20,boncept,boncept,0
2025-05-20,booster pro,booster pro,0
2025-05-20,booster pro,booster-pro,0
2025-05-20,booster pro,booster.pro,0
2025-05-20,booster pro,booster_pro,0
2025-05-20,booster pro,boosterpro,0
2025-05-20,botulax,botulax,2
2025-05-20,cell fusion c,cell fusion c,2
2025-05-20,cell fusion c,cell-fusion-c,0
2025-05-20,cell fusion c,cell.fusion.c,0
2025-05-20,cell fusion c,cell_fusion_c,0
2025-05-20,cell fusion c,cellfusionc,0
2025-05-20,centellian,centellian,0
2025-05-20,coolfase,coolfase,0
2025-05-20,cosrx,cosrx,8
2025-05-20,dalba,dalba,0
2025-05-20,goodal,goodal,0
2025-05-20,hi focus shot,hi focus shot,4
2025-05-20,hi focus shot,hi-focus-shot,0
2025-05-20,hi focus shot,hi.focus.shot,0
2025-05-20,hi focus shot,hi_focus_shot,0
2025-05-20,hi focus shot,hifocusshot,0
2025-05-20,history of whoo,history of whoo,0
2025-05-20,history of whoo,history-of-whoo,0
2025-05-20,history of whoo,history.of.whoo,0
2025-05-20,history of whoo,history_of_whoo,0
2025-05-20,history of whoo,historyofwhoo,0
2025-05-20,hwahae,hwahae,0
2025-05-20,innisfree,innisfree,4
2025-05-20,innotox,innotox,3
2025-05-20,iope,iope,1
2025-05-20,jeuveau,jeuveau,0
2025-05-20,jevegel,jevegel,0
2025-05-20,jolse,jolse,0
2025-05-20,juvelook,juvelook,0
2025-05-20,laneige,laneige,3
2025-05-20,letybo,letybo,0
2025-05-20,madeca,madeca,0
2025-05-20,mamonde,mamonde,0
2025-05-20,manyo,manyo,1
2025-05-20,medicube,medicube,4
2025-05-20,merzy,merzy,0
2025-05-20,mighty patch,mighty patch,2
2025-05-20,mighty patch,mighty-patch,0
2025-05-20,mighty patch,mighty.patch,0
2025-05-20,mighty patch,mighty_patch,0
2025-05-20,mighty patch,mightypatch,0
2025-05-20,missha,missha,0
2025-05-20,mixoon,mixoon,0
2025-05-20,nabota,nabota,0
2025-05-20,newlux,newlux,0
2025-05-20,numbuzin,numbuzin,2
2025-05-20,ohui,ohui,0
2025-05-20,oligio,oligio,0
2025-05-20,olive young,olive young,4
2025-05-20,olive young,olive-young,0
2025-05-20,olive young,olive.young,0
2025-05-20,olive young,olive_young,0
2025-05-20,olive young,oliveyoung,0
2025-05-20,peripera,peripera,2
2025-05-20,potenza,potenza,0
2025-05-20,real barrier,real barrier,1
2025-05-20,real barrier,real-barrier,0
2025-05-20,real barrier,real.barrier,0
2025-05-20,real barrier,real_barrier,0
2025-05-20,real barrier,realbarrier,0
2025-05-20,reedle shot,reedle shot,0
2025-05-20,reedle shot,reedle-shot,0
2025-05-20,reedle shot,reedle.shot,0
2025-05-20,reedle shot,reedle_shot,0
2025-05-20,reedle shot,reedleshot,0
2025-05-20,rejuran,rejuran,0
2025-05-20,rentox,rentox,0
2025-05-20,rom&nd,rom&nd,4
2025-05-20,rom&nd,romnd,0
2025-05-20,round lab,round lab,3
2025-05-20,round lab,round-lab,0
2025-05-20,round lab,round.lab,0
2025-05-20,round lab,round_lab,0
2025-05-20,round lab,roundlab,0
2025-05-20,shurink,shurink,0
2025-05-20,skin1004,skin1004,5
2025-05-20,stylekorean,stylekorean,0
2025-05-20,stylevana,stylevana,0
2025-05-20,sulwhasoo,sulwhasoo,1
2025-05-20,sylfirm,sylfirm,0
2025-05-20,the whoo,the whoo,0
2025-05-20,the whoo,the-whoo,0
2025-05-20,the whoo,the.whoo,0
2025-05-20,the whoo,the_whoo,0
2025-05-20,the whoo,thewhoo,0
2025-05-20,tirtir,tirtir,1
2025-05-20,tonymoly,tonymoly,3
2025-05-20,torriden,torriden,1
2025-05-20,ultraformer,ultraformer,0
2025-05-20,volnewmer,volnewmer,0
2025-05-20,wellage,wellage,0
2025-05-20,yesstyle,yesstyle,1
2025-05-21,a'pieu,a'pieu,0
2025-05-21,a'pieu,a-pieu,0
2025-05-21,a'pieu,a.pieu,0
2025-05-21,a'pieu,a_pieu,0
2025-05-21,a'pieu,ap,2
2025-05-21,a'pieu,apieu,0
2025-05-21,acropass,acropass,0
2025-05-21,age-r,age-r,0
2025-05-21,age-r,age.r,0
2025-05-21,age-r,age_r,0
2025-05-21,age-r,ager,0
2025-05-21,anua,anua,7
2025-05-21,atopalm,atopalm,1
2025-05-21,bbia,bbia,0
2025-05-21,be the skin,be the skin,6
2025-05-21,be the skin,be-the-skin,0
2025-05-21,be the skin,be.the.skin,0
2025-05-21,be the skin,be_the_skin,0
2025-05-21,be the skin,betheskin,0
2025-05-21,beauty of joseon,beauty of joseon,7
2025-05-21,beauty of joseon,beauty-of-joseon,0
2025-05-21,beauty of joseon,beauty.of.joseon,0
2025-05-21,beauty of joseon,beauty_of_joseon,0
2025-05-21,beauty of joseon,beautyofjoseon,0
2025-05-21,belif,belif,0
2025-05-21,biodance,biodance,0
2025-05-21,boncept,boncept,0
2025-05-21,booster pro,booster pro,0
2025-05-21,booster pro,booster-pro,0
2025-05-21,booster pro,booster.pro,0
2025-05-21,booster pro,booster_pro,0
2025-05-21,booster pro,boosterpro,0
2025-05-21,botulax,botulax,0
2025-05-21,cell fusion c,cell fusion c,1
2025-05-21,cell fusion c,cell-fusion-c,0
2025-05-21,cell fusion c,cell.fusion.c,0
2025-05-21,cell fusion c,cell_fusion_c,0
2025-05-21,cell fusion c,cellfusionc,0
2025-05-21,centellian,centellian,0
2025-05-21,coolfase,coolfase,0
2025-05-21,cosrx,cosrx,9
2025-05-21,dalba,dalba,0
2025-05-21,goodal,goodal,0
2025-05-21,hi focus shot,hi focus shot,1
2025-05-21,hi focus shot,hi-focus-shot,0
2025-05-21,hi focus shot,hi.focus.shot,0
2025-05-21,hi focus shot,hi_focus_shot,0
2025-05-21,hi focus shot,hifocusshot,0
2025-05-21,history of whoo,history of whoo,1
2025-05-21,history of whoo,history-of-whoo,0
2025-05-21,history of whoo,history.of.whoo,0
2025-05-21,history of whoo,history_of_whoo,0
2025-05-21,history of whoo,historyofwhoo,0
2025-05-21,hwahae,hwahae,0
2025-05-21,innisfree,innisfree,6
2025-05-21,innotox,innotox,3
2025-05-21,iope,iope,1
2025-05-21,jeuveau,jeuveau,0
2025-05-21,jevegel,jevegel,0
2025-05-21,jolse,jolse,0
2025-05-21,juvelook,juvelook,0
2025-05-21,laneige,laneige,7
2025-05-21,letybo,letybo,0
2025-05-21,madeca,madeca,0
2025-05-21,mamonde,mamonde,0
2025-05-21,manyo,manyo,0
2025-05-21,medicube,medicube,0
2025-05-21,merzy,merzy,0
2025-05-21,mighty patch,mighty patch,0
2025-05-21,mighty patch,mighty-patch,0
2025-05-21,mighty patch,mighty.patch,0
2025-05-21,mighty patch,mighty_patch,0
2025-05-21,mighty patch,mightypatch,0
2025-05-21,missha,missha,3
2025-05-21,mixoon,mixoon,0
2025-05-21,nabota,nabota,2
2025-05-21,newlux,newlux,0
2025-05-21,numbuzin,numbuzin,5
2025-05-21,ohui,ohui,0
2025-05-21,oligio,oligio,0
2025-05-21,olive young,olive young,7
2025-05-21,olive young,olive-young,0
2025-05-21,olive young,olive.young,0
2025-05-21,olive young,olive_young,0
2025-05-21,olive young,oliveyoung,0
2025-05-21,peripera,peripera,1
2025-05-21,potenza,potenza,0
2025-05-21,real barrier,real barrier,1
2025-05-21,real barrier,real-barrier,0
2025-05-21,real barrier,real.barrier,0
2025-05-21,real barrier,real_barrier,0
2025-05-21,real barrier,realbarrier,0
2025-05-21,reedle shot,reedle shot,0
2025-05-21,reedle shot,reedle-shot,0
2025-05-21,reedle shot,reedle.shot,0
2025-05-21,reedle shot,reedle_shot,0
2025-05-21,reedle shot,reedleshot,0
2025-05-21,rejuran,rejuran,5
2025-05-21,rentox,rentox,0
2025-05-21,rom&nd,rom&nd,4
2025-05-21,rom&nd,romnd,1
2025-05-21,round lab,round lab,5
2025-05-21,round lab,round-lab,0
2025-05-21,round lab,round.lab,0
2025-05-21,round lab,round_lab,0
2025-05-21,round lab,roundlab,0
2025-05-21,shurink,shurink,0
2025-05-21,skin1004,skin1004,8
2025-05-21,stylekorean,stylekorean,0
2025-05-21,stylevana,stylevana,1
2025-05-21,sulwhasoo,sulwhasoo,2
2025-05-21,sylfirm,sylfirm,0
2025-05-21,the whoo,the whoo,1
2025-05-21,the whoo,the-whoo,0
2025-05-21,the whoo,the.whoo,0
2025-05-21,the whoo,the_whoo,0
2025-05-21,the whoo,thewhoo,0
2025-05-21,tirtir,tirtir,3
2025-05-21,tonymoly,tonymoly,0
2025-05-21,torriden,torriden,7
2025-05-21,ultraformer,ultraformer,0
2025-05-21,volnewmer,volnewmer,0
2025-05-21,wellage,wellage,0
2025-05-21,yesstyle,yesstyle,3
2025-05-22,a'pieu,a'pieu,0
2025-05-22,a'pieu,a-pieu,0
2025-05-22,a'pieu,a.pieu,0
2025-05-22,a'pieu,a_pieu,0
2025-05-22,a'pieu,ap,0
2025-05-22,a'pieu,apieu,0
2025-05-22,acropass,acropass,0
2025-05-22,age-r,age-r,1
2025-05-22,age-r,age.r,0
2025-05-22,age-r,age_r,0
2025-05-22,age-r,ager,0
2025-05-22,anua,anua,0
2025-05-22,atopalm,atopalm,0
2025-05-22,bbia,bbia,0
2025-05-22,be the skin,be the skin,7
2025-05-22,be the skin,be-the-skin,0
2025-05-22,be the skin,be.the.skin,0
2025-05-22,be the skin,be_the_skin,0
2025-05-22,be the skin,betheskin,0
2025-05-22,beauty of joseon,beauty of joseon,6
2025-05-22,beauty of joseon,beauty-of-joseon,0
2025-05-22,beauty of joseon,beauty.of.joseon,0
2025-05-22,beauty of joseon,beauty_of_joseon,0
2025-05-22,beauty of joseon,beautyofjoseon,0
2025-05-22,belif,belif,0
2025-05-22,biodance,biodance,0
2025-05-22,boncept,boncept,0
2025-05-22,booster pro,booster pro,0
2025-05-22,booster pro,booster-pro,0
2025-05-22,booster pro,booster.pro,0
2025-05-22,booster pro,booster_pro,0
2025-05-22,booster pro,boosterpro,0
2025-05-22,botulax,botulax,2
2025-05-22,cell fusion c,cell fusion c,0
2025-05-22,cell fusion c,cell-fusion-c,0
2025-05-22,cell fusion c,cell.fusion.c,0
2025-05-22,cell fusion c,cell_fusion_c,0
2025-05-22,cell fusion c,cellfusionc,0
2025-05-22,centellian,centellian,0
2025-05-22,coolfase,coolfase,0
2025-05-22,cosrx,cosrx,7
2025-05-22,dalba,dalba,0
2025-05-22,goodal,goodal,2
2025-05-22,hi focus shot,hi focus shot,2
2025-05-22,hi focus shot,hi-focus-shot,0
2025-05-22,hi focus shot,hi.focus.shot,0
2025-05-22,hi focus shot,hi_focus_shot,0
2025-05-22,hi focus shot,hifocusshot,0
2025-05-22,history of whoo,history of whoo,0
2025-05-22,history of whoo,history-of-whoo,0
2025-05-22,history of whoo,history.of.whoo,0
2025-05-22,history of whoo,history_of_whoo,0
2025-05-22,history of whoo,historyofwhoo,0
2025-05-22,hwahae,hwahae,0
2025-05-22,innisfree,innisfree,3
2025-05-22,innotox,innotox,2
2025-05-22,iope,iope,0
2025-05-22,jeuveau,jeuveau,0
2025-05-22,jevegel,jevegel,0
2025-05-22,jolse,jolse,0
2025-05-22,juvelook,juvelook,4
2025-05-22,laneige,laneige,3
2025-05-22,letybo,letybo,0
2025-05-22,madeca,madeca,0
2025-05-22,mamonde,mamonde,0
2025-05-22,manyo,manyo,0
2025-05-22,medicube,medicube,2
2025-05-22,merzy,merzy,0
2025-05-22,mighty patch,mighty patch,0
2025-05-22,mighty patch,mighty-patch,0
2025-05-22,mighty patch,mighty.patch,0
2025-05-22,mighty patch,mighty_patch,0
2025-05-22,mighty patch,mightypatch,0
2025-05-22,missha,missha,1
2025-05-22,mixoon,mixoon,0
2025-05-22,nabota,nabota,2
2025-05-22,newlux,newlux,0
2025-05-22,numbuzin,numbuzin,0
2025-05-22,ohui,ohui,0
2025-05-22,oligio,oligio,0
2025-05-22,olive young,olive young,3
2025-05-22,olive young,olive-young,0
2025-05-22,olive young,olive.young,0
2025-05-22,olive young,olive_young,0
2025-05-22,olive young,oliveyoung,0
2025-05-22,peripera,peripera,1
2025-05-22,potenza,potenza,1
2025-05-22,real barrier,real barrier,1
2025-05-22,real barrier,real-barrier,0
2025-05-22,real barrier,real.barrier,0
2025-05-22,real barrier,real_barrier,0
2025-05-22,real barrier,realbarrier,0
2025-05-22,reedle shot,reedle shot,1
2025-05-22,reedle shot,reedle-shot,0
2025-05-22,reedle shot,reedle.shot,0
2025-05-22,reedle shot,reedle_shot,0
2025-05-22,reedle shot,reedleshot,0
2025-05-22,rejuran,rejuran,4
2025-05-22,rentox,rentox,0
2025-05-22,rom&nd,rom&nd,5
2025-05-22,rom&nd,romnd,0
2025-05-22,round lab,round lab,2
2025-05-22,round lab,round-lab,0
2025-05-22,round lab,round.lab,0
2025-05-22,round lab,round_lab,0
2025-05-22,round lab,roundlab,0
2025-05-22,shurink,shurink,0
2025-05-22,skin1004,skin1004,6
2025-05-22,stylekorean,stylekorean,0
2025-05-22,stylevana,stylevana,0
2025-05-22,sulwhasoo,sulwhasoo,1
2025-05-22,sylfirm,sylfirm,0
2025-05-22,the whoo,the whoo,0
2025-05-22,the whoo,the-whoo,0
2025-05-22,the whoo,the.whoo,0
2025-05-22,the whoo,the_whoo,0
2025-05-22,the whoo,thewhoo,0
2025-05-22,tirtir,tirtir,2
2025-05-22,tonymoly,tonymoly,0
2025-05-22,torriden,torriden,1
2025-05-22,ultraformer,ultraformer,0
2025-05-22,volnewmer,volnewmer,0
2025-05-22,wellage,wellage,0
2025-05-22,yesstyle,yesstyle,2
2025-05-23,a'pieu,a'pieu,0
2025-05-23,a'pieu,a-pieu,0
2025-05-23,a'pieu,a.pieu,0
2025-05-23,a'pieu,a_pieu,0
2025-05-23,a'pieu,ap,0
2025-05-23,a'pieu,apieu,0
2025-05-23,acropass,acropass,0
2025-05-23,age-r,age-r,0
2025-05-23,age-r,age.r,0
2025-05-23,age-r,age_r,0
2025-05-23,age-r,ager,0
2025-05-23,anua,anua,2
2025-05-23,atopalm,atopalm,0
2025-05-23,bbia,bbia,2
2025-05-23,be the skin,be the skin,8
2025-05-23,be the skin,be-the-skin,0
2025-05-23,be the skin,be.the.skin,0
2025-05-23,be the skin,be_the_skin,0
2025-05-23,be the skin,betheskin,0
2025-05-23,beauty of joseon,beauty of joseon,15
2025-05-23,beauty of joseon,beauty-of-joseon,0
2025-05-23,beauty of joseon,beauty.of.joseon,0
2025-05-23,beauty of joseon,beauty_of_joseon,0
2025-05-23,beauty of joseon,beautyofjoseon,0
2025-05-23,belif,belif,0
2025-05-23,biodance,biodance,0
2025-05-23,boncept,boncept,0
2025-05-23,booster pro,booster pro,1
2025-05-23,booster pro,booster-pro,0
2025-05-23,booster pro,booster.pro,0
2025-05-23,booster pro,booster_pro,0
2025-05-23,booster pro,boosterpro,0
2025-05-23,botulax,botulax,0
2025-05-23,cell fusion c,cell fusion c,0
2025-05-23,cell fusion c,cell-fusion-c,0
2025-05-23,cell fusion c,cell.fusion.c,0
2025-05-23,cell fusion c,cell_fusion_c,0
2025-05-23,cell fusion c,cellfusionc,0
2025-05-23,centellian,centellian,0
2025-05-23,coolfase,coolfase,0
2025-05-23,cosrx,cosrx,6
2025-05-23,dalba,dalba,0
2025-05-23,goodal,goodal,1
2025-05-23,hi focus shot,hi focus shot,1
2025-05-23,hi focus shot,hi-focus-shot,0
2025-05-23,hi focus shot,hi.focus.shot,0
2025-05-23,hi focus shot,hi_focus_shot,0
2025-05-23,hi focus shot,hifocusshot,0
2025-05-23,history of whoo,history of whoo,0
2025-05-23,history of whoo,history-of-whoo,0
2025-05-23,history of whoo,history.of.whoo,0
2025-05-23,history of whoo,history_of_whoo,0
2025-05-23,history of whoo,historyofwhoo,0
2025-05-23,hwahae,hwahae,0
2025-05-23,innisfree,innisfree,3
2025-05-23,innotox,innotox,5
2025-05-23,iope,iope,0
2025-05-23,jeuveau,jeuveau,0
2025-05-23,jevegel,jevegel,0
2025-05-23,jolse,jolse,0
2025-05-23,juvelook,juvelook,1
2025-05-23,laneige,laneige,8
2025-05-23,letybo,letybo,0
2025-05-23,madeca,madeca,0
2025-05-23,mamonde,mamonde,0
2025-05-23,manyo,manyo,6
2025-05-23,medicube,medicube,4
2025-05-23,merzy,merzy,0
2025-05-23,mighty patch,mighty patch,0
2025-05-23,mighty patch,mighty-patch,0
2025-05-23,mighty patch,mighty.patch,0
2025-05-23,mighty patch,mighty_patch,0
2025-05-23,mighty patch,mightypatch,0
2025-05-23,missha,missha,1
2025-05-23,mixoon,mixoon,0
2025-05-23,nabota,nabota,0
2025-05-23,newlux,newlux,0
2025-05-23,numbuzin,numbuzin,0
2025-05-23,ohui,ohui,0
2025-05-23,oligio,oligio,0
2025-05-23,olive young,olive young,6
2025-05-23,olive young,olive-young,0
2025-05-23,olive young,olive.young,0
2025-05-23,olive young,olive_young,0
2025-05-23,olive young,oliveyoung,3
2025-05-23,peripera,peripera,9
2025-05-23,potenza,potenza,0
2025-05-23,real barrier,real barrier,0
2025-05-23,real barrier,real-barrier,0
2025-05-23,real barrier,real.barrier,0
2025-05-23,real barrier,real_barrier,0
2025-05-23,real barrier,realbarrier,0
2025-05-23,reedle shot,reedle shot,2
2025-05-23,reedle shot,reedle-shot,0
2025-05-23,reedle shot,reedle.shot,0
2025-05-23,reedle shot,reedle_shot,0
2025-05-23,reedle shot,reedleshot,0
2025-05-23,rejuran,rejuran,2
2025-05-23,rentox,rentox,0
2025-05-23,rom&nd,rom&nd,4
2025-05-23,rom&nd,romnd,0
2025-05-23,round lab,round lab,8
2025-05-23,round lab,round-lab,0
2025-05-23,round lab,round.lab,0
2025-05-23,round lab,round_lab,0
2025-05-23,round lab,roundlab,2
2025-05-23,shurink,shurink,1
2025-05-23,skin1004,skin1004,7
2025-05-23,stylekorean,stylekorean,0
2025-05-23,stylevana,stylevana,3
2025-05-23,sulwhasoo,sulwhasoo,0
2025-05-23,sylfirm,sylfirm,0
2025-05-23,the whoo,the whoo,0
2025-05-23,the whoo,the-whoo,0
2025-05-23,the whoo,the.whoo,0
2025-05-23,the whoo,the_whoo,0
2025-05-23,the whoo,thewhoo,0
2025-05-23,tirtir,tirtir,3
2025-05-23,tonymoly,tonymoly,1
2025-05-23,torriden,torriden,4
2025-05-23,ultraformer,ultraformer,0
2025-05-23,volnewmer,volnewmer,0
2025-05-23,wellage,wellage,0
2025-05-23,yesstyle,yesstyle,3
2025-05-24,a'pieu,a'pieu,0
2025-05-24,a'pieu,a-pieu,0
2025-05-24,a'pieu,a.pieu,0
2025-05-24,a'pieu,a_pieu,0
2025-05-24,a'pieu,ap,1
2025-05-24,a'pieu,apieu,0
2025-05-24,acropass,acropass,0
2025-05-24,age-r,age-r,1
2025-05-24,age-r,age.r,0
2025-05-24,age-r,age_r,0
2025-05-24,age-r,ager,0
2025-05-24,anua,anua,6
2025-05-24,atopalm,atopalm,0
2025-05-24,bbia,bbia,0
2025-05-24,be the skin,be the skin,13
2025-05-24,be the skin,be-the-skin,0
2025-05-24,be the skin,be.the.skin,0
2025-05-24,be the skin,be_the_skin,0
2025-05-24,be the skin,betheskin,0
2025-05-24,beauty of joseon,beauty of joseon,11
2025-05-24,beauty of joseon,beauty-of-joseon,0
2025-05-24,beauty of joseon,beauty.of.joseon,0
2025-05-24,beauty of joseon,beauty_of_joseon,0
2025-05-24,beauty of joseon,beautyofjoseon,0
2025-05-24,belif,belif,1
2025-05-24,biodance,biodance,1
2025-05-24,boncept,boncept,0
2025-05-24,booster pro,booster pro,2
2025-05-24,booster pro,booster-pro,0
2025-05-24,booster pro,booster.pro,0
2025-05-24,booster pro,booster_pro,0
2025-05-24,booster pro,boosterpro,0
2025-05-24,botulax,botulax,0
2025-05-24,cell fusion c,cell fusion c,0
2025-05-24,cell fusion c,cell-fusion-c,0
2025-05-24,cell fusion c,cell.fusion.c,0
2025-05-24,cell fusion c,cell_fusion_c,0
2025-05-24,cell fusion c,cellfusionc,0
2025-05-24,centellian,centellian,0
2025-05-24,coolfase,coolfase,0
2025-05-24,cosrx,cosrx,7
2025-05-24,dalba,dalba,0
2025-05-24,goodal,goodal,1
2025-05-24,hi focus shot,hi focus shot,0
2025-05-24,hi focus shot,hi-focus-shot,0
2025-05-24,hi focus shot,hi.focus.shot,0
2025-05-24,hi focus shot,hi_focus_shot,0
2025-05-24,hi focus shot,hifocusshot,0
2025-05-24,history of whoo,history of whoo,0
2025-05-24,history of whoo,history-of-whoo,0
2025-05-24,history of whoo,history.of.whoo,0
2025-05-24,history of whoo,history_of_whoo,0
2025-05-24,history of whoo,historyofwhoo,0
2025-05-24,hwahae,hwahae,0
2025-05-24,innisfree,innisfree,4
2025-05-24,innotox,innotox,5
2025-05-24,iope,iope,0
2025-05-24,jeuveau,jeuveau,0
2025-05-24,jevegel,jevegel,0
2025-05-24,jolse,jolse,0
2025-05-24,juvelook,juvelook,0
2025-05-24,laneige,laneige,4
2025-05-24,letybo,letybo,0
2025-05-24,madeca,madeca,0
2025-05-24,mamonde,mamonde,0
2025-05-24,manyo,manyo,3
2025-05-24,medicube,medicube,3
2025-05-24,merzy,merzy,0
2025-05-24,mighty patch,mighty patch,1
2025-05-24,mighty patch,mighty-patch,0
2025-05-24,mighty patch,mighty.patch,0
2025-05-24,mighty patch,mighty_patch,0
2025-05-24,mighty patch,mightypatch,0
2025-05-24,missha,missha,0
2025-05-24,mixoon,mixoon,0
2025-05-24,nabota,nabota,1
2025-05-24,newlux,newlux,0
2025-05-24,numbuzin,numbuzin,3
2025-05-24,ohui,ohui,0
2025-05-24,oligio,oligio,0
2025-05-24,olive young,olive young,6
2025-05-24,olive young,olive-young,0
2025-05-24,olive young,olive.young,0
2025-05-24,olive young,olive_young,0
2025-05-24,olive young,oliveyoung,0
2025-05-24,peripera,peripera,10
2025-05-24,potenza,potenza,0
2025-05-24,real barrier,real barrier,2
2025-05-24,real barrier,real-barrier,0
2025-05-24,real barrier,real.barrier,0
2025-05-24,real barrier,real_barrier,0
2025-05-24,real barrier,realbarrier,0
2025-05-24,reedle shot,reedle shot,1
2025-05-24,reedle shot,reedle-shot,0
2025-05-24,reedle shot,reedle.shot,0
2025-05-24,reedle shot,reedle_shot,0
2025-05-24,reedle shot,reedleshot,0
2025-05-24,rejuran,rejuran,1
2025-05-24,rentox,rentox,1
2025-05-24,rom&nd,rom&nd,6
2025-05-24,rom&nd,romnd,0
2025-05-24,round lab,round lab,4
2025-05-24,round lab,round-lab,0
2025-05-24,round lab,round.lab,0
2025-05-24,round lab,round_lab,0
2025-05-24,round lab,roundlab,0
2025-05-24,shurink,shurink,0
2025-05-24,skin1004,skin1004,5
2025-05-24,stylekorean,stylekorean,0
2025-05-24,stylevana,stylevana,1
2025-05-24,sulwhasoo,sulwhasoo,0
2025-05-24,sylfirm,sylfirm,0
2025-05-24,the whoo,the whoo,0
2025-05-24,the whoo,the-whoo,0
2025-05-24,the whoo,the.whoo,0
2025-05-24,the whoo,the_whoo,0
2025-05-24,the whoo,thewhoo,0
2025-05-24,tirtir,tirtir,3
2025-05-24,tonymoly,tonymoly,1
2025-05-24,torriden,torriden,0
2025-05-24,ultraformer,ultraformer,0
2025-05-24,volnewmer,volnewmer,0
2025-05-24,wellage,wellage,0
2025-05-24,yesstyle,yesstyle,3
2025-05-25,a'pieu,a'pieu,1
2025-05-25,a'pieu,a-pieu,0
2025-05-25,a'pieu,a.pieu,0
2025-05-25,a'pieu,a_pieu,0
2025-05-25,a'pieu,ap,0
2025-05-25,a'pieu,apieu,0
2025-05-25,acropass,acropass,0
2025-05-25,age-r,age-r,0
2025-05-25,age-r,age.r,0
2025-05-25,age-r,age_r,0
2025-05-25,age-r,ager,0
2025-05-25,anua,anua,14
2025-05-25,atopalm,atopalm,0
2025-05-25,bbia,bbia,1
2025-05-25,be the skin,be the skin,9
2025-05-25,be the skin,be-the-skin,0
2025-05-25,be the skin,be.the.skin,0
2025-05-25,be the skin,be_the_skin,0
2025-05-25,be the skin,betheskin,0
2025-05-25,beauty of joseon,beauty of joseon,5
2025-05-25,beauty of joseon,beauty-of-joseon,0
2025-05-25,beauty of joseon,beauty.of.joseon,0
2025-05-25,beauty of joseon,beauty_of_joseon,0
2025-05-25,beauty of joseon,beautyofjoseon,0
2025-05-25,belif,belif,0
2025-05-25,biodance,biodance,0
2025-05-25,boncept,boncept,0
2025-05-25,booster pro,booster pro,2
2025-05-25,booster pro,booster-pro,0
2025-05-25,booster pro,booster.pro,0
2025-05-25,booster pro,booster_pro,0
2025-05-25,booster pro,boosterpro,0
2025-05-25,botulax,botulax,0
2025-05-25,cell fusion c,cell fusion c,0
2025-05-25,cell fusion c,cell-fusion-c,0
2025-05-25,cell fusion c,cell.fusion.c,0
2025-05-25,cell fusion c,cell_fusion_c,0
2025-05-25,cell fusion c,cellfusionc,0
2025-05-25,centellian,centellian,0
2025-05-25,coolfase,coolfase,0
2025-05-25,cosrx,cosrx,14
2025-05-25,dalba,dalba,1
2025-05-25,goodal,goodal,1
2025-05-25,hi focus shot,hi focus shot,5
2025-05-25,hi focus shot,hi-focus-shot,0
2025-05-25,hi focus shot,hi.focus.shot,0
2025-05-25,hi focus shot,hi_focus_shot,0
2025-05-25,hi focus shot,hifocusshot,0
2025-05-25,history of whoo,history of whoo,0
2025-05-25,history of whoo,history-of-whoo,0
2025-05-25,history of whoo,history.of.whoo,0
2025-05-25,history of whoo,history_of_whoo,0
2025-05-25,history of whoo,historyofwhoo,0
2025-05-25,hwahae,hwahae,0
2025-05-25,innisfree,innisfree,6
2025-05-25,innotox,innotox,1
2025-05-25,iope,iope,0
2025-05-25,jeuveau,jeuveau,0
2025-05-25,jevegel,jevegel,0
2025-05-25,jolse,jolse,0
2025-05-25,juvelook,juvelook,1
2025-05-25,laneige,laneige,4
2025-05-25,letybo,letybo,0
2025-05-25,madeca,madeca,0
2025-05-25,mamonde,mamonde,0
2025-05-25,manyo,manyo,2
2025-05-25,medicube,medicube,2
2025-05-25,merzy,merzy,0
2025-05-25,mighty patch,mighty patch,0
2025-05-25,mighty patch,mighty-patch,0
2025-05-25,mighty patch,mighty.patch,0
2025-05-25,mighty patch,mighty_patch,0
2025-05-25,mighty patch,mightypatch,0
2025-05-25,missha,missha,2
2025-05-25,mixoon,mixoon,0
2025-05-25,nabota,nabota,0
2025-05-25,newlux,newlux,0
2025-05-25,numbuzin,numbuzin,1
2025-05-25,ohui,ohui,0
2025-05-25,oligio,oligio,0
2025-05-25,olive young,olive young,3
2025-05-25,olive young,olive-young,0
2025-05-25,olive young,olive.young,0
2025-05-25,olive young,olive_young,0
2025-05-25,olive young,oliveyoung,0
2025-05-25,peripera,peripera,2
2025-05-25,potenza,potenza,1
2025-05-25,real barrier,real barrier,1
2025-05-25,real barrier,real-barrier,0
2025-05-25,real barrier,real.barrier,0
2025-05-25,real barrier,real_barrier,0
2025-05-25,real barrier,realbarrier,0
2025-05-25,reedle shot,reedle shot,1
2025-05-25,reedle shot,reedle-shot,0
2025-05-25,reedle shot,reedle.shot,0
2025-05-25,reedle shot,reedle_shot,0
2025-05-25,reedle shot,reedleshot,0
2025-05-25,rejuran,rejuran,0
2025-05-25,rentox,rentox,0
2025-05-25,rom&nd,rom&nd,3
2025-05-25,rom&nd,romnd,0
2025-05-25,round lab,round lab,6
2025-05-25,round lab,round-lab,0
2025-05-25,round lab,round.lab,0
2025-05-25,round lab,round_lab,0
2025-05-25,round lab,roundlab,2
2025-05-25,shurink,shurink,0
2025-05-25,skin1004,skin1004,6
2025-05-25,stylekorean,stylekorean,0
2025-05-25,stylevana,stylevana,1
2025-05-25,sulwhasoo,sulwhasoo,0
2025-05-25,sylfirm,sylfirm,0
2025-05-25,the whoo,the whoo,0
2025-05-25,the whoo,the-whoo,0
2025-05-25,the whoo,the.whoo,0
2025-05-25,the whoo,the_whoo,0
2025-05-25,the whoo,thewhoo,0
2025-05-25,tirtir,tirtir,4
2025-05-25,tonymoly,tonymoly,1
2025-05-25,torriden,torriden,3
2025-05-25,ultraformer,ultraformer,0
2025-05-25,volnewmer,volnewmer,0
2025-05-25,wellage,wellage,0
2025-05-25,yesstyle,yesstyle,3
2025-05-26,a'pieu,a'pieu,0
2025-05-26,a'pieu,a-pieu,0
2025-05-26,a'pieu,a.pieu,0
2025-05-26,a'pieu,a_pieu,0
2025-05-26,a'pieu,ap,1
2025-05-26,a'pieu,apieu,0
2025-05-26,acropass,acropass,0
2025-05-26,age-r,age-r,1
2025-05-26,age-r,age.r,0
2025-05-26,age-r,age_r,0
2025-05-26,age-r,ager,0
2025-05-26,anua,anua,11
2025-05-26,atopalm,atopalm,0
2025-05-26,bbia,bbia,0
2025-05-26,be the skin,be the skin,6
2025-05-26,be the skin,be-the-skin,0
2025-05-26,be the skin,be.the.skin,0
2025-05-26,be the skin,be_the_skin,0
2025-05-26,be the skin,betheskin,0
2025-05-26,beauty of joseon,beauty of joseon,8
2025-05-26,beauty of joseon,beauty-of-joseon,0
2025-05-26,beauty of joseon,beauty.of.joseon,0
2025-05-26,beauty of joseon,beauty_of_joseon,0
2025-05-26,beauty of joseon,beautyofjoseon,0
2025-05-26,belif,belif,1
2025-05-26,biodance,biodance,1
2025-05-26,boncept,boncept,0
2025-05-26,booster pro,booster pro,0
2025-05-26,booster pro,booster-pro,0
2025-05-26,booster pro,booster.pro,0
2025-05-26,booster pro,booster_pro,0
2025-05-26,booster pro,boosterpro,0
2025-05-26,botulax,botulax,0
2025-05-26,cell fusion c,cell fusion c,0
2025-05-26,cell fusion c,cell-fusion-c,0
2025-05-26,cell fusion c,cell.fusion.c,0
2025-05-26,cell fusion c,cell_fusion_c,0
2025-05-26,cell fusion c,cellfusionc,0
2025-05-26,centellian,centellian,0
2025-05-26,coolfase,coolfase,0
2025-05-26,cosrx,cosrx,11
2025-05-26,dalba,dalba,0
2025-05-26,goodal,goodal,0
2025-05-26,hi focus shot,hi focus shot,2
2025-05-26,hi focus shot,hi-focus-shot,0
2025-05-26,hi focus shot,hi.focus.shot,0
2025-05-26,hi focus shot,hi_focus_shot,0
2025-05-26,hi focus shot,hifocusshot,0
2025-05-26,history of whoo,history of whoo,0
2025-05-26,history of whoo,history-of-whoo,0
2025-05-26,history of whoo,history.of.whoo,0
2025-05-26,history of whoo,history_of_whoo,0
2025-05-26,history of whoo,historyofwhoo,0
2025-05-26,hwahae,hwahae,0
2025-05-26,innisfree,innisfree,3
2025-05-26,innotox,innotox,1
2025-05-26,iope,iope,0
2025-05-26,jeuveau,jeuveau,0
2025-05-26,jevegel,jevegel,0
2025-05-26,jolse,jolse,0
2025-05-26,juvelook,juvelook,0
2025-05-26,laneige,laneige,1
2025-05-26,letybo,letybo,0
2025-05-26,madeca,madeca,0
2025-05-26,mamonde,mamonde,1
2025-05-26,manyo,manyo,3
2025-05-26,medicube,medicube,6
2025-05-26,merzy,merzy,0
2025-05-26,mighty patch,mighty patch,0
2025-05-26,mighty patch,mighty-patch,0
2025-05-26,mighty patch,mighty.patch,0
2025-05-26,mighty patch,mighty_patch,0
2025-05-26,mighty patch,mightypatch,1
2025-05-26,missha,missha,0
2025-05-26,mixoon,mixoon,0
2025-05-26,nabota,nabota,0
2025-05-26,newlux,newlux,0
2025-05-26,numbuzin,numbuzin,2
2025-05-26,ohui,ohui,0
2025-05-26,oligio,oligio,0
2025-05-26,olive young,olive young,6
2025-05-26,olive young,olive-young,0
2025-05-26,olive young,olive.young,0
2025-05-26,olive young,olive_young,0
2025-05-26,olive young,oliveyoung,0
2025-05-26,peripera,peripera,2
2025-05-26,potenza,potenza,1
2025-05-26,real barrier,real barrier,1
2025-05-26,real barrier,real-barrier,0
2025-05-26,real barrier,real.barrier,0
2025-05-26,real barrier,real_barrier,0
2025-05-26,real barrier,realbarrier,0
2025-05-26,reedle shot,reedle shot,0
2025-05-26,reedle shot,reedle-shot,0
2025-05-26,reedle shot,reedle.shot,0
2025-05-26,reedle shot,reedle_shot,0
2025-05-26,reedle shot,reedleshot,0
2025-05-26,rejuran,rejuran,1
2025-05-26,rentox,rentox,0
2025-05-26,rom&nd,rom&nd,0
2025-05-26,rom&nd,romnd,0
2025-05-26,round lab,round lab,0
2025-05-26,round lab,round-lab,0
2025-05-26,round lab,round.lab,0
2025-05-26,round lab,round_lab,0
2025-05-26,round lab,roundlab,1
2025-05-26,shurink,shurink,0
2025-05-26,skin1004,skin1004,4
2025-05-26,stylekorean,stylekorean,0
2025-05-26,stylevana,stylevana,1
2025-05-26,sulwhasoo,sulwhasoo,0
2025-05-26,sylfirm,sylfirm,0
2025-05-26,the whoo,the whoo,0
2025-05-26,the whoo,the-whoo,0
2025-05-26,the whoo,the.whoo,0
2025-05-26,the whoo,the_whoo,0
2025-05-26,the whoo,thewhoo,0
2025-05-26,tirtir,tirtir,2
2025-05-26,tonymoly,tonymoly,0
2025-05-26,torriden,torriden,3
2025-05-26,ultraformer,ultraformer,0
2025-05-26,volnewmer,volnewmer,0
2025-05-26,wellage,wellage,0
2025-05-26,yesstyle,yesstyle,2
2025-05-27,a'pieu,a'pieu,0
2025-05-27,a'pieu,a-pieu,0
2025-05-27,a'pieu,a.pieu,0
2025-05-27,a'pieu,a_pieu,0
2025-05-27,a'pieu,ap,1
2025-05-27,a'pieu,apieu,0
2025-05-27,acropass,acropass,0
2025-05-27,age-r,age-r,2
2025-05-27,age-r,age.r,0
2025-05-27,age-r,age_r,0
2025-05-27,age-r,ager,0
2025-05-27,anua,anua,6
2025-05-27,atopalm,atopalm,0
2025-05-27,bbia,bbia,0
2025-05-27,be the skin,be the skin,4
2025-05-27,be the skin,be-the-skin,0
2025-05-27,be the skin,be.the.skin,0
2025-05-27,be the skin,be_the_skin,0
2025-05-27,be the skin,betheskin,0
2025-05-27,beauty of joseon,beauty of joseon,12
2025-05-27,beauty of joseon,beauty-of-joseon,0
2025-05-27,beauty of joseon,beauty.of.joseon,0
2025-05-27,beauty of joseon,beauty_of_joseon,0
2025-05-27,beauty of joseon,beautyofjoseon,0
2025-05-27,belif,belif,0
2025-05-27,biodance,biodance,0
2025-05-27,boncept,boncept,0
2025-05-27,booster pro,booster pro,1
2025-05-27,booster pro,booster-pro,0
2025-05-27,booster pro,booster.pro,0
2025-05-27,booster pro,booster_pro,0
2025-05-27,booster pro,boosterpro,0
2025-05-27,botulax,botulax,0
2025-05-27,cell fusion c,cell fusion c,0
2025-05-27,cell fusion c,cell-fusion-c,0
2025-05-27,cell fusion c,cell.fusion.c,0
2025-05-27,cell fusion c,cell_fusion_c,0
2025-05-27,cell fusion c,cellfusionc,0
2025-05-27,centellian,centellian,0
2025-05-27,coolfase,coolfase,0
2025-05-27,cosrx,cosrx,14
2025-05-27,dalba,dalba,1
2025-05-27,goodal,goodal,1
2025-05-27,hi focus shot,hi focus shot,0
2025-05-27,hi focus shot,hi-focus-shot,0
2025-05-27,hi focus shot,hi.focus.shot,0
2025-05-27,hi focus shot,hi_focus_shot,0
2025-05-27,hi focus shot,hifocusshot,0
2025-05-27,history of whoo,history of whoo,0
2025-05-27,history of whoo,history-of-whoo,0
2025-05-27,history of whoo,history.of.whoo,0
2025-05-27,history of whoo,history_of_whoo,0
2025-05-27,history of whoo,historyofwhoo,0
2025-05-27,hwahae,hwahae,0
2025-05-27,innisfree,innisfree,4
2025-05-27,innotox,innotox,1
2025-05-27,iope,iope,0
2025-05-27,jeuveau,jeuveau,0
2025-05-27,jevegel,jevegel,0
2025-05-27,jolse,jolse,0
2025-05-27,juvelook,juvelook,0
2025-05-27,laneige,laneige,3
2025-05-27,letybo,letybo,0
2025-05-27,madeca,madeca,0
2025-05-27,mamonde,mamonde,0
2025-05-27,manyo,manyo,0
2025-05-27,medicube,medicube,1
2025-05-27,merzy,merzy,0
2025-05-27,mighty patch,mighty patch,0
2025-05-27,mighty patch,mighty-patch,0
2025-05-27,mighty patch,mighty.patch,0
2025-05-27,mighty patch,mighty_patch,0
2025-05-27,mighty patch,mightypatch,0
2025-05-27,missha,missha,0
2025-05-27,mixoon,mixoon,0
2025-05-27,nabota,nabota,0
2025-05-27,newlux,newlux,0
2025-05-27,numbuzin,numbuzin,4
2025-05-27,ohui,ohui,0
2025-05-27,oligio,oligio,0
2025-05-27,olive young,olive young,3
2025-05-27,olive young,olive-young,0
2025-05-27,olive young,olive.young,0
2025-05-27,olive young,olive_young,0
2025-05-27,olive young,oliveyoung,1
2025-05-27,peripera,peripera,3
2025-05-27,potenza,potenza,0
2025-05-27,real barrier,real barrier,0
2025-05-27,real barrier,real-barrier,0
2025-05-27,real barrier,real.barrier,0
2025-05-27,real barrier,real_barrier,0
2025-05-27,real barrier,realbarrier,0
2025-05-27,reedle shot,reedle shot,0
2025-05-27,reedle shot,reedle-shot,0
2025-05-27,reedle shot,reedle.shot,0
2025-05-27,reedle shot,reedle_shot,0
2025-05-27,reedle shot,reedleshot,0
2025-05-27,rejuran,rejuran,0
2025-05-27,rentox,rentox,0
2025-05-27,rom&nd,rom&nd,5
2025-05-27,rom&nd,romnd,0
2025-05-27,round lab,round lab,2
2025-05-27,round lab,round-lab,0
2025-05-27,round lab,round.lab,0
2025-05-27,round lab,round_lab,0
2025-05-27,round lab,roundlab,0
2025-05-27,shurink,shurink,0
2025-05-27,skin1004,skin1004,8
2025-05-27,stylekorean,stylekorean,0
2025-05-27,stylevana,stylevana,1
2025-05-27,sulwhasoo,sulwhasoo,1
2025-05-27,sylfirm,sylfirm,0
2025-05-27,the whoo,the whoo,0
2025-05-27,the whoo,the-whoo,0
2025-05-27,the whoo,the.whoo,0
2025-05-27,the whoo,the_whoo,0
2025-05-27,the whoo,thewhoo,0
2025-05-27,tirtir,tirtir,4
2025-05-27,tonymoly,tonymoly,1
2025-05-27,torriden,torriden,3
2025-05-27,ultraformer,ultraformer,0
2025-05-27,volnewmer,volnewmer,0
2025-05-27,wellage,wellage,0
2025-05-27,yesstyle,yesstyle,2
2025-05-28,a'pieu,a'pieu,0
2025-05-28,a'pieu,a-pieu,0
2025-05-28,a'pieu,a.pieu,0
2025-05-28,a'pieu,a_pieu,0
2025-05-28,a'pieu,ap,1
2025-05-28,a'pieu,apieu,0
2025-05-28,acropass,acropass,0
2025-05-28,age-r,age-r,1
2025-05-28,age-r,age.r,0
2025-05-28,age-r,age_r,0
2025-05-28,age-r,ager,0
2025-05-28,anua,anua,7
2025-05-28,atopalm,atopalm,0
2025-05-28,bbia,bbia,0
2025-05-28,be the skin,be the skin,9
2025-05-28,be the skin,be-the-skin,0
2025-05-28,be the skin,be.the.skin,0
2025-05-28,be the skin,be_the_skin,0
2025-05-28,be the skin,betheskin,0
2025-05-28,beauty of joseon,beauty of joseon,6
2025-05-28,beauty of joseon,beauty-of-joseon,0
2025-05-28,beauty of joseon,beauty.of.joseon,0
2025-05-28,beauty of joseon,beauty_of_joseon,0
2025-05-28,beauty of joseon,beautyofjoseon,0
2025-05-28,belif,belif,0
2025-05-28,biodance,biodance,1
2025-05-28,boncept,boncept,0
2025-05-28,booster pro,booster pro,0
2025-05-28,booster pro,booster-pro,0
2025-05-28,booster pro,booster.pro,0
2025-05-28,booster pro,booster_pro,0
2025-05-28,booster pro,boosterpro,0
2025-05-28,botulax,botulax,0
2025-05-28,cell fusion c,cell fusion c,0
2025-05-28,cell fusion c,cell-fusion-c,0
2025-05-28,cell fusion c,cell.fusion.c,0
2025-05-28,cell fusion c,cell_fusion_c,0
2025-05-28,cell fusion c,cellfusionc,0
2025-05-28,centellian,centellian,0
2025-05-28,coolfase,coolfase,0
2025-05-28,cosrx,cosrx,4
2025-05-28,dalba,dalba,1
2025-05-28,goodal,goodal,0
2025-05-28,hi focus shot,hi focus shot,1
2025-05-28,hi focus shot,hi-focus-shot,0
2025-05-28,hi focus shot,hi.focus.shot,0
2025-05-28,hi focus shot,hi_focus_shot,0
2025-05-28,hi focus shot,hifocusshot,0
2025-05-28,history of whoo,history of whoo,0
2025-05-28,history of whoo,history-of-whoo,0
2025-05-28,history of whoo,history.of.whoo,0
2025-05-28,history of whoo,history_of_whoo,0
2025-05-28,history of whoo,historyofwhoo,0
2025-05-28,hwahae,hwahae,0
2025-05-28,innisfree,innisfree,5
2025-05-28,innotox,innotox,1
2025-05-28,iope,iope,0
2025-05-28,jeuveau,jeuveau,0
2025-05-28,jevegel,jevegel,0
2025-05-28,jolse,jolse,0
2025-05-28,juvelook,juvelook,0
2025-05-28,laneige,laneige,4
2025-05-28,letybo,letybo,0
2025-05-28,madeca,madeca,0
2025-05-28,mamonde,mamonde,0
2025-05-28,manyo,manyo,0
2025-05-28,medicube,medicube,2
2025-05-28,merzy,merzy,0
2025-05-28,mighty patch,mighty patch,1
2025-05-28,mighty patch,mighty-patch,0
2025-05-28,mighty patch,mighty.patch,0
2025-05-28,mighty patch,mighty_patch,0
2025-05-28,mighty patch,mightypatch,0
2025-05-28,missha,missha,1
2025-05-28,mixoon,mixoon,0
2025-05-28,nabota,nabota,0
2025-05-28,newlux,newlux,0
2025-05-28,numbuzin,numbuzin,2
2025-05-28,ohui,ohui,0
2025-05-28,oligio,oligio,0
2025-05-28,olive young,olive young,5
2025-05-28,olive young,olive-young,0
2025-05-28,olive young,olive.young,0
2025-05-28,olive young,olive_young,0
2025-05-28,olive young,oliveyoung,0
2025-05-28,peripera,peripera,6
2025-05-28,potenza,potenza,0
2025-05-28,real barrier,real barrier,0
2025-05-28,real barrier,real-barrier,0
2025-05-28,real barrier,real.barrier,0
2025-05-28,real barrier,real_barrier,0
2025-05-28,real barrier,realbarrier,0
2025-05-28,reedle shot,reedle shot,0
2025-05-28,reedle shot,reedle-shot,0
2025-05-28,reedle shot,reedle.shot,0
2025-05-28,reedle shot,reedle_shot,0
2025-05-28,reedle shot,reedleshot,0
2025-05-28,rejuran,rejuran,2
2025-05-28,rentox,rentox,0
2025-05-28,rom&nd,rom&nd,1
2025-05-28,rom&nd,romnd,0
2025-05-28,round lab,round lab,5
2025-05-28,round lab,round-lab,0
2025-05-28,round lab,round.lab,0
2025-05-28,round lab,round_lab,0
2025-05-28,round lab,roundlab,0
2025-05-28,shurink,shurink,0
2025-05-28,skin1004,skin1004,11
2025-05-28,stylekorean,stylekorean,0
2025-05-28,stylevana,stylevana,0
2025-05-28,sulwhasoo,sulwhasoo,3
2025-05-28,sylfirm,sylfirm,0
2025-05-28,the whoo,the whoo,0
2025-05-28,the whoo,the-whoo,0
2025-05-28,the whoo,the.whoo,0
2025-05-28,the whoo,the_whoo,0
2025-05-28,the whoo,thewhoo,0
2025-05-28,tirtir,tirtir,0
2025-05-28,tonymoly,tonymoly,1
2025-05-28,torriden,torriden,3
2025-05-28,ultraformer,ultraformer,0
2025-05-28,volnewmer,volnewmer,0
2025-05-28,wellage,wellage,0
2025-05-28,yesstyle,yesstyle,3
2025-05-29,a'pieu,a'pieu,0
2025-05-29,a'pieu,a-pieu,0
2025-05-29,a'pieu,a.pieu,0
2025-05-29,a'pieu,a_pieu,0
2025-05-29,a'pieu,ap,0
2025-05-29,a'pieu,apieu,0
2025-05-29,acropass,acropass,0
2025-05-29,age-r,age-r,0
2025-05-29,age-r,age.r,0
2025-05-29,age-r,age_r,0
2025-05-29,age-r,ager,0
2025-05-29,anua,anua,5
2025-05-29,atopalm,atopalm,0
2025-05-29,bbia,bbia,1
2025-05-29,be the skin,be the skin,18
2025-05-29,be the skin,be-the-skin,0
2025-05-29,be the skin,be.the.skin,0
2025-05-29,be the skin,be_the_skin,0
2025-05-29,be the skin,betheskin,0
2025-05-29,beauty of joseon,beauty of joseon,7
2025-05-29,beauty of joseon,beauty-of-joseon,0
2025-05-29,beauty of joseon,beauty.of.joseon,0
2025-05-29,beauty of joseon,beauty_of_joseon,0
2025-05-29,beauty of joseon,beautyofjoseon,0
2025-05-29,belif,belif,0
2025-05-29,biodance,biodance,0
2025-05-29,boncept,boncept,0
2025-05-29,booster pro,booster pro,0
2025-05-29,booster pro,booster-pro,0
2025-05-29,booster pro,booster.pro,0
2025-05-29,booster pro,booster_pro,0
2025-05-29,booster pro,boosterpro,0
2025-05-29,botulax,botulax,0
2025-05-29,cell fusion c,cell fusion c,1
2025-05-29,cell fusion c,cell-fusion-c,0
2025-05-29,cell fusion c,cell.fusion.c,0
2025-05-29,cell fusion c,cell_fusion_c,0
2025-05-29,cell fusion c,cellfusionc,0
2025-05-29,centellian,centellian,0
2025-05-29,coolfase,coolfase,0
2025-05-29,cosrx,cosrx,9
2025-05-29,dalba,dalba,1
2025-05-29,goodal,goodal,0
2025-05-29,hi focus shot,hi focus shot,6
2025-05-29,hi focus shot,hi-focus-shot,0
2025-05-29,hi focus shot,hi.focus.shot,0
2025-05-29,hi focus shot,hi_focus_shot,0
2025-05-29,hi focus shot,hifocusshot,0
2025-05-29,history of whoo,history of whoo,0
2025-05-29,history of whoo,history-of-whoo,0
2025-05-29,history of whoo,history.of.whoo,0
2025-05-29,history of whoo,history_of_whoo,0
2025-05-29,history of whoo,historyofwhoo,0
2025-05-29,hwahae,hwahae,0
2025-05-29,innisfree,innisfree,5
2025-05-29,innotox,innotox,1
2025-05-29,iope,iope,0
2025-05-29,jeuveau,jeuveau,0
2025-05-29,jevegel,jevegel,0
2025-05-29,jolse,jolse,0
2025-05-29,juvelook,juvelook,0
2025-05-29,laneige,laneige,5
2025-05-29,letybo,letybo,0
2025-05-29,madeca,madeca,0
2025-05-29,mamonde,mamonde,0
2025-05-29,manyo,manyo,2
2025-05-29,medicube,medicube,5
2025-05-29,merzy,merzy,0
2025-05-29,mighty patch,mighty patch,1
2025-05-29,mighty patch,mighty-patch,0
2025-05-29,mighty patch,mighty.patch,0
2025-05-29,mighty patch,mighty_patch,0
2025-05-29,mighty patch,mightypatch,0
2025-05-29,missha,missha,0
2025-05-29,mixoon,mixoon,0
2025-05-29,nabota,nabota,0
2025-05-29,newlux,newlux,0
2025-05-29,numbuzin,numbuzin,6
2025-05-29,ohui,ohui,0
2025-05-29,oligio,oligio,0
2025-05-29,olive young,olive young,4
2025-05-29,olive young,olive-young,0
2025-05-29,olive young,olive.young,0
2025-05-29,olive young,olive_young,0
2025-05-29,olive young,oliveyoung,1
2025-05-29,peripera,peripera,3
2025-05-29,potenza,potenza,0
2025-05-29,real barrier,real barrier,1
2025-05-29,real barrier,real-barrier,0
2025-05-29,real barrier,real.barrier,0
2025-05-29,real barrier,real_barrier,0
2025-05-29,real barrier,realbarrier,0
2025-05-29,reedle shot,reedle shot,1
2025-05-29,reedle shot,reedle-shot,0
2025-05-29,reedle shot,reedle.shot,0
2025-05-29,reedle shot,reedle_shot,0
2025-05-29,reedle shot,reedleshot,0
2025-05-29,rejuran,rejuran,1
2025-05-29,rentox,rentox,0
2025-05-29,rom&nd,rom&nd,0
2025-05-29,rom&nd,romnd,0
2025-05-29,round lab,round lab,4
2025-05-29,round lab,round-lab,0
2025-05-29,round lab,round.lab,0
2025-05-29,round lab,round_lab,0
2025-05-29,round lab,roundlab,0
2025-05-29,shurink,shurink,0
2025-05-29,skin1004,skin1004,10
2025-05-29,stylekorean,stylekorean,0
2025-05-29,stylevana,stylevana,0
2025-05-29,sulwhasoo,sulwhasoo,3
2025-05-29,sylfirm,sylfirm,0
2025-05-29,the whoo,the whoo,0
2025-05-29,the whoo,the-whoo,0
2025-05-29,the whoo,the.whoo,0
2025-05-29,the whoo,the_whoo,0
2025-05-29,the whoo,thewhoo,0
2025-05-29,tirtir,tirtir,0
2025-05-29,tonymoly,tonymoly,0
2025-05-29,torriden,torriden,6
2025-05-29,ultraformer,ultraformer,0
2025-05-29,volnewmer,volnewmer,0
2025-05-29,wellage,wellage,0
2025-05-29,yesstyle,yesstyle,3
2025-05-30,a'pieu,a'pieu,0
2025-05-30,a'pieu,a-pieu,0
2025-05-30,a'pieu,a.pieu,0
2025-05-30,a'pieu,a_pieu,0
2025-05-30,a'pieu,ap,0
2025-05-30,a'pieu,apieu,0
2025-05-30,acropass,acropass,0
2025-05-30,age-r,age-r,0
2025-05-30,age-r,age.r,0
2025-05-30,age-r,age_r,0
2025-05-30,age-r,ager,0
2025-05-30,anua,anua,8
2025-05-30,atopalm,atopalm,0
2025-05-30,bbia,bbia,0
2025-05-30,be the skin,be the skin,10
2025-05-30,be the skin,be-the-skin,0
2025-05-30,be the skin,be.the.skin,0
2025-05-30,be the skin,be_the_skin,0
2025-05-30,be the skin,betheskin,0
2025-05-30,beauty of joseon,beauty of joseon,2
2025-05-30,beauty of joseon,beauty-of-joseon,0
2025-05-30,beauty of joseon,beauty.of.joseon,0
2025-05-30,beauty of joseon,beauty_of_joseon,0
2025-05-30,beauty of joseon,beautyofjoseon,0
2025-05-30,belif,belif,0
2025-05-30,biodance,biodance,1
2025-05-30,boncept,boncept,0
2025-05-30,booster pro,booster pro,1
2025-05-30,booster pro,booster-pro,0
2025-05-30,booster pro,booster.pro,0
2025-05-30,booster pro,booster_pro,0
2025-05-30,booster pro,boosterpro,0
2025-05-30,botulax,botulax,0
2025-05-30,cell fusion c,cell fusion c,1
2025-05-30,cell fusion c,cell-fusion-c,0
2025-05-30,cell fusion c,cell.fusion.c,0
2025-05-30,cell fusion c,cell_fusion_c,0
2025-05-30,cell fusion c,cellfusionc,0
2025-05-30,centellian,centellian,0
2025-05-30,coolfase,coolfase,0
2025-05-30,cosrx,cosrx,18
2025-05-30,dalba,dalba,0
2025-05-30,goodal,goodal,0
2025-05-30,hi focus shot,hi focus shot,2
2025-05-30,hi focus shot,hi-focus-shot,0
2025-05-30,hi focus shot,hi.focus.shot,0
2025-05-30,hi focus shot,hi_focus_shot,0
2025-05-30,hi focus shot,hifocusshot,0
2025-05-30,history of whoo,history of whoo,0
2025-05-30,history of whoo,history-of-whoo,0
2025-05-30,history of whoo,history.of.whoo,0
2025-05-30,history of whoo,history_of_whoo,0
2025-05-30,history of whoo,historyofwhoo,0
2025-05-30,hwahae,hwahae,1
2025-05-30,innisfree,innisfree,7
2025-05-30,innotox,innotox,1
2025-05-30,iope,iope,1
2025-05-30,jeuveau,jeuveau,1
2025-05-30,jevegel,jevegel,0
2025-05-30,jolse,jolse,1
2025-05-30,juvelook,juvelook,0
2025-05-30,laneige,laneige,7
2025-05-30,letybo,letybo,0
2025-05-30,madeca,madeca,0
2025-05-30,mamonde,mamonde,0
2025-05-30,manyo,manyo,2
2025-05-30,medicube,medicube,5
2025-05-30,merzy,merzy,0
2025-05-30,mighty patch,mighty patch,1
2025-05-30,mighty patch,mighty-patch,0
2025-05-30,mighty patch,mighty.patch,0
2025-05-30,mighty patch,mighty_patch,0
2025-05-30,mighty patch,mightypatch,0
2025-05-30,missha,missha,3
2025-05-30,mixoon,mixoon,0
2025-05-30,nabota,nabota,1
2025-05-30,newlux,newlux,0
2025-05-30,numbuzin,numbuzin,5
2025-05-30,ohui,ohui,0
2025-05-30,oligio,oligio,0
2025-05-30,olive young,olive young,5
2025-05-30,olive young,olive-young,0
2025-05-30,olive young,olive.young,0
2025-05-30,olive young,olive_young,0
2025-05-30,olive young,oliveyoung,0
2025-05-30,peripera,peripera,8
2025-05-30,potenza,potenza,1
2025-05-30,real barrier,real barrier,3
2025-05-30,real barrier,real-barrier,0
2025-05-30,real barrier,real.barrier,0
2025-05-30,real barrier,real_barrier,0
2025-05-30,real barrier,realbarrier,0
2025-05-30,reedle shot,reedle shot,1
2025-05-30,reedle shot,reedle-shot,0
2025-05-30,reedle shot,reedle.shot,0
2025-05-30,reedle shot,reedle_shot,0
2025-05-30,reedle shot,reedleshot,0
2025-05-30,rejuran,rejuran,2
2025-05-30,rentox,rentox,0
2025-05-30,rom&nd,rom&nd,4
2025-05-30,rom&nd,romnd,0
2025-05-30,round lab,round lab,4
2025-05-30,round lab,round-lab,0
2025-05-30,round lab,round.lab,0
2025-05-30,round lab,round_lab,0
2025-05-30,round lab,roundlab,0
2025-05-30,shurink,shurink,0
2025-05-30,skin1004,skin1004,10
2025-05-30,stylekorean,stylekorean,0
2025-05-30,stylevana,stylevana,1
2025-05-30,sulwhasoo,sulwhasoo,0
2025-05-30,sylfirm,sylfirm,0
2025-05-30,the whoo,the whoo,0
2025-05-30,the whoo,the-whoo,0
2025-05-30,the whoo,the.whoo,0
2025-05-30,the whoo,the_whoo,0
2025-05-30,the whoo,thewhoo,0
2025-05-30,tirtir,tirtir,2
2025-05-30,tonymoly,tonymoly,1
2025-05-30,torriden,torriden,1
2025-05-30,ultraformer,ultraformer,0
2025-05-30,volnewmer,volnewmer,0
2025-05-30,wellage,wellage,0
2025-05-30,yesstyle,yesstyle,3
2025-05-31,a'pieu,a'pieu,0
2025-05-31,a'pieu,a-pieu,0
2025-05-31,a'pieu,a.pieu,0
2025-05-31,a'pieu,a_pieu,0
2025-05-31,a'pieu,ap,2
2025-05-31,a'pieu,apieu,0
2025-05-31,acropass,acropass,0
2025-05-31,age-r,age-r,2
2025-05-31,age-r,age.r,0
2025-05-31,age-r,age_r,0
2025-05-31,age-r,ager,0
2025-05-31,anua,anua,7
2025-05-31,atopalm,atopalm,0
2025-05-31,bbia,bbia,0
2025-05-31,be the skin,be the skin,9
2025-05-31,be the skin,be-the-skin,0
2025-05-31,be the skin,be.the.skin,0
2025-05-31,be the skin,be_the_skin,0
2025-05-31,be the skin,betheskin,0
2025-05-31,beauty of joseon,beauty of joseon,5
2025-05-31,beauty of joseon,beauty-of-joseon,0
2025-05-31,beauty of joseon,beauty.of.joseon,0
2025-05-31,beauty of joseon,beauty_of_joseon,0
2025-05-31,beauty of joseon,beautyofjoseon,0
2025-05-31,belif,belif,0
2025-05-31,biodance,biodance,0
2025-05-31,boncept,boncept,0
2025-05-31,booster pro,booster pro,1
2025-05-31,booster pro,booster-pro,0
2025-05-31,booster pro,booster.pro,0
2025-05-31,booster pro,booster_pro,0
2025-05-31,booster pro,boosterpro,0
2025-05-31,botulax,botulax,0
2025-05-31,cell fusion c,cell fusion c,0
2025-05-31,cell fusion c,cell-fusion-c,0
2025-05-31,cell fusion c,cell.fusion.c,0
2025-05-31,cell fusion c,cell_fusion_c,0
2025-05-31,cell fusion c,cellfusionc,0
2025-05-31,centellian,centellian,0
2025-05-31,coolfase,coolfase,0
2025-05-31,cosrx,cosrx,5
2025-05-31,dalba,dalba,0
2025-05-31,goodal,goodal,0
2025-05-31,hi focus shot,hi focus shot,2
2025-05-31,hi focus shot,hi-focus-shot,0
2025-05-31,hi focus shot,hi.focus.shot,0
2025-05-31,hi focus shot,hi_focus_shot,0
2025-05-31,hi focus shot,hifocusshot,0
2025-05-31,history of whoo,history of whoo,0
2025-05-31,history of whoo,history-of-whoo,0
2025-05-31,history of whoo,history.of.whoo,0
2025-05-31,history of whoo,history_of_whoo,0
2025-05-31,history of whoo,historyofwhoo,0
2025-05-31,hwahae,hwahae,0
2025-05-31,innisfree,innisfree,1
2025-05-31,innotox,innotox,1
2025-05-31,iope,iope,0
2025-05-31,jeuveau,jeuveau,0
2025-05-31,jevegel,jevegel,0
2025-05-31,jolse,jolse,0
2025-05-31,juvelook,juvelook,0
2025-05-31,laneige,laneige,8
2025-05-31,letybo,letybo,0
2025-05-31,madeca,madeca,0
2025-05-31,mamonde,mamonde,0
2025-05-31,manyo,manyo,1
2025-05-31,medicube,medicube,1
2025-05-31,merzy,merzy,0
2025-05-31,mighty patch,mighty patch,0
2025-05-31,mighty patch,mighty-patch,0
2025-05-31,mighty patch,mighty.patch,0
2025-05-31,mighty patch,mighty_patch,0
2025-05-31,mighty patch,mightypatch,0
2025-05-31,missha,missha,2
2025-05-31,mixoon,mixoon,0
2025-05-31,nabota,nabota,0
2025-05-31,newlux,newlux,0
2025-05-31,numbuzin,numbuzin,3
2025-05-31,ohui,ohui,0
2025-05-31,oligio,oligio,0
2025-05-31,olive young,olive young,4
2025-05-31,olive young,olive-young,0
2025-05-31,olive young,olive.young,0
2025-05-31,olive young,olive_young,0
2025-05-31,olive young,oliveyoung,0
2025-05-31,peripera,peripera,1
2025-05-31,potenza,potenza,0
2025-05-31,real barrier,real barrier,1
2025-05-31,real barrier,real-barrier,0
2025-05-31,real barrier,real.barrier,0
2025-05-31,real barrier,real_barrier,0
2025-05-31,real barrier,realbarrier,1
2025-05-31,reedle shot,reedle shot,0
2025-05-31,reedle shot,reedle-shot,0
2025-05-31,reedle shot,reedle.shot,0
2025-05-31,reedle shot,reedle_shot,0
2025-05-31,reedle shot,reedleshot,0
2025-05-31,rejuran,rejuran,1
2025-05-31,rentox,rentox,0
2025-05-31,rom&nd,rom&nd,2
2025-05-31,rom&nd,romnd,0
2025-05-31,round lab,round lab,2
2025-05-31,round lab,round-lab,0
2025-05-31,round lab,round.lab,0
2025-05-31,round lab,round_lab,0
2025-05-31,round lab,roundlab,1
2025-05-31,shurink,shurink,0
2025-05-31,skin1004,skin1004,3
2025-05-31,stylekorean,stylekorean,0
2025-05-31,stylevana,stylevana,1
2025-05-31,sulwhasoo,sulwhasoo,3
2025-05-31,sylfirm,sylfirm,0
2025-05-31,the whoo,the whoo,0
2025-05-31,the whoo,the-whoo,0
2025-05-31,the whoo,the.whoo,0
2025-05-31,the whoo,the_whoo,0
2025-05-31,the whoo,thewhoo,0
2025-05-31,tirtir,tirtir,1
2025-05-31,tonymoly,tonymoly,0
2025-05-31,torriden,torriden,1
2025-05-31,ultraformer,ultraformer,0
2025-05-31,volnewmer,volnewmer,0
2025-05-31,wellage,wellage,0
2025-05-31,yesstyle,yesstyle,5
2025-06-01,a'pieu,a'pieu,0
2025-06-01,a'pieu,a-pieu,1
2025-06-01,a'pieu,a.pieu,0
2025-06-01,a'pieu,a_pieu,0
2025-06-01,a'pieu,ap,3
2025-06-01,a'pieu,apieu,0
2025-06-01,acropass,acropass,0
2025-06-01,age-r,age-r,2
2025-06-01,age-r,age.r,0
2025-06-01,age-r,age_r,0
2025-06-01,age-r,ager,0
2025-06-01,anua,anua,8
2025-06-01,atopalm,atopalm,0
2025-06-01,bbia,bbia,0
2025-06-01,be the skin,be the skin,16
2025-06-01,be the skin,be-the-skin,0
2025-06-01,be the skin,be.the.skin,0
2025-06-01,be the skin,be_the_skin,0
2025-06-01,be the skin,betheskin,0
2025-06-01,beauty of joseon,beauty of joseon,11
2025-06-01,beauty of joseon,beauty-of-joseon,0
2025-06-01,beauty of joseon,beauty.of.joseon,0
2025-06-01,beauty of joseon,beauty_of_joseon,0
2025-06-01,beauty of joseon,beautyofjoseon,0
2025-06-01,belif,belif,3
2025-06-01,biodance,biodance,0
2025-06-01,boncept,boncept,0
2025-06-01,booster pro,booster pro,2
2025-06-01,booster pro,booster-pro,0
2025-06-01,booster pro,booster.pro,0
2025-06-01,booster pro,booster_pro,0
2025-06-01,booster pro,boosterpro,0
2025-06-01,botulax,botulax,0
2025-06-01,cell fusion c,cell fusion c,2
2025-06-01,cell fusion c,cell-fusion-c,0
2025-06-01,cell fusion c,cell.fusion.c,0
2025-06-01,cell fusion c,cell_fusion_c,0
2025-06-01,cell fusion c,cellfusionc,0
2025-06-01,centellian,centellian,0
2025-06-01,coolfase,coolfase,0
2025-06-01,cosrx,cosrx,6
2025-06-01,dalba,dalba,0
2025-06-01,goodal,goodal,1
2025-06-01,hi focus shot,hi focus shot,4
2025-06-01,hi focus shot,hi-focus-shot,0
2025-06-01,hi focus shot,hi.focus.shot,0
2025-06-01,hi focus shot,hi_focus_shot,0
2025-06-01,hi focus shot,hifocusshot,0
2025-06-01,history of whoo,history of whoo,0
2025-06-01,history of whoo,history-of-whoo,0
2025-06-01,history of whoo,history.of.whoo,0
2025-06-01,history of whoo,history_of_whoo,0
2025-06-01,history of whoo,historyofwhoo,0
2025-06-01,hwahae,hwahae,0
2025-06-01,innisfree,innisfree,4
2025-06-01,innotox,innotox,4
2025-06-01,iope,iope,0
2025-06-01,jeuveau,jeuveau,0
2025-06-01,jevegel,jevegel,0
2025-06-01,jolse,jolse,0
2025-06-01,juvelook,juvelook,0
2025-06-01,laneige,laneige,3
2025-06-01,letybo,letybo,0
2025-06-01,madeca,madeca,0
2025-06-01,mamonde,mamonde,0
2025-06-01,manyo,manyo,0
2025-06-01,medicube,medicube,2
2025-06-01,merzy,merzy,0
2025-06-01,mighty patch,mighty patch,2
2025-06-01,mighty patch,mighty-patch,0
2025-06-01,mighty patch,mighty.patch,0
2025-06-01,mighty patch,mighty_patch,0
2025-06-01,mighty patch,mightypatch,0
2025-06-01,missha,missha,1
2025-06-01,mixoon,mixoon,0
2025-06-01,nabota,nabota,0
2025-06-01,newlux,newlux,0
2025-06-01,numbuzin,numbuzin,3
2025-06-01,ohui,ohui,0
2025-06-01,oligio,oligio,0
2025-06-01,olive young,olive young,4
2025-06-01,olive young,olive-young,0
2025-06-01,olive young,olive.young,0
2025-06-01,olive young,olive_young,0
2025-06-01,olive young,oliveyoung,0
2025-06-01,peripera,peripera,1
2025-06-01,potenza,potenza,0
2025-06-01,real barrier,real barrier,3
2025-06-01,real barrier,real-barrier,0
2025-06-01,real barrier,real.barrier,0
2025-06-01,real barrier,real_barrier,0
2025-06-01,real barrier,realbarrier,0
2025-06-01,reedle shot,reedle shot,2
2025-06-01,reedle shot,reedle-shot,0
2025-06-01,reedle shot,reedle.shot,0
2025-06-01,reedle shot,reedle_shot,0
2025-06-01,reedle shot,reedleshot,0
2025-06-01,rejuran,rejuran,0
2025-06-01,rentox,rentox,0
2025-06-01,rom&nd,rom&nd,4
2025-06-01,rom&nd,romnd,0
2025-06-01,round lab,round lab,3
2025-06-01,round lab,round-lab,0
2025-06-01,round lab,round.lab,0
2025-06-01,round lab,round_lab,0
2025-06-01,round lab,roundlab,1
2025-06-01,shurink,shurink,0
2025-06-01,skin1004,skin1004,7
2025-06-01,stylekorean,stylekorean,0
2025-06-01,stylevana,stylevana,0
2025-06-01,sulwhasoo,sulwhasoo,2
2025-06-01,sylfirm,sylfirm,0
2025-06-01,the whoo,the whoo,0
2025-06-01,the whoo,the-whoo,0
2025-06-01,the whoo,the.whoo,0
2025-06-01,the whoo,the_whoo,0
2025-06-01,the whoo,thewhoo,0
2025-06-01,tirtir,tirtir,2
2025-06-01,tonymoly,tonymoly,1
2025-06-01,torriden,torriden,1
2025-06-01,ultraformer,ultraformer,0
2025-06-01,volnewmer,volnewmer,0
2025-06-01,wellage,wellage,0
2025-06-01,yesstyle,yesstyle,5
2025-06-02,a'pieu,a'pieu,0
2025-06-02,a'pieu,a-pieu,0
2025-06-02,a'pieu,a.pieu,0
2025-06-02,a'pieu,a_pieu,0
2025-06-02,a'pieu,ap,2
2025-06-02,a'pieu,apieu,0
2025-06-02,acropass,acropass,0
2025-06-02,age-r,age-r,3
2025-06-02,age-r,age.r,0
2025-06-02,age-r,age_r,0
2025-06-02,age-r,ager,0
2025-06-02,anua,anua,12
2025-06-02,atopalm,atopalm,0
2025-06-02,bbia,bbia,1
2025-06-02,be the skin,be the skin,6
2025-06-02,be the skin,be-the-skin,0
2025-06-02,be the skin,be.the.skin,0
2025-06-02,be the skin,be_the_skin,0
2025-06-02,be the skin,betheskin,0
2025-06-02,beauty of joseon,beauty of joseon,17
2025-06-02,beauty of joseon,beauty-of-joseon,0
2025-06-02,beauty of joseon,beauty.of.joseon,0
2025-06-02,beauty of joseon,beauty_of_joseon,0
2025-06-02,beauty of joseon,beautyofjoseon,0
2025-06-02,belif,belif,0
2025-06-02,biodance,biodance,0
2025-06-02,boncept,boncept,0
2025-06-02,booster pro,booster pro,3
2025-06-02,booster pro,booster-pro,0
2025-06-02,booster pro,booster.pro,0
2025-06-02,booster pro,booster_pro,0
2025-06-02,booster pro,boosterpro,0
2025-06-02,botulax,botulax,0
2025-06-02,cell fusion c,cell fusion c,1
2025-06-02,cell fusion c,cell-fusion-c,0
2025-06-02,cell fusion c,cell.fusion.c,0
2025-06-02,cell fusion c,cell_fusion_c,0
2025-06-02,cell fusion c,cellfusionc,0
2025-06-02,centellian,centellian,0
2025-06-02,coolfase,coolfase,0
2025-06-02,cosrx,cosrx,5
2025-06-02,dalba,dalba,0
2025-06-02,goodal,goodal,2
2025-06-02,hi focus shot,hi focus shot,2
2025-06-02,hi focus shot,hi-focus-shot,0
2025-06-02,hi focus shot,hi.focus.shot,0
2025-06-02,hi focus shot,hi_focus_shot,0
2025-06-02,hi focus shot,hifocusshot,0
2025-06-02,history of whoo,history of whoo,0
2025-06-02,history of whoo,history-of-whoo,0
2025-06-02,history of whoo,history.of.whoo,0
2025-06-02,history of whoo,history_of_whoo,0
2025-06-02,history of whoo,historyofwhoo,0
2025-06-02,hwahae,hwahae,0
2025-06-02,innisfree,innisfree,2
2025-06-02,innotox,innotox,2
2025-06-02,iope,iope,1
2025-06-02,jeuveau,jeuveau,1
2025-06-02,jevegel,jevegel,0
2025-06-02,jolse,jolse,0
2025-06-02,juvelook,juvelook,0
2025-06-02,laneige,laneige,4
2025-06-02,letybo,letybo,0
2025-06-02,madeca,madeca,0
2025-06-02,mamonde,mamonde,0
2025-06-02,manyo,manyo,2
2025-06-02,medicube,medicube,6
2025-06-02,merzy,merzy,0
2025-06-02,mighty patch,mighty patch,0
2025-06-02,mighty patch,mighty-patch,0
2025-06-02,mighty patch,mighty.patch,0
2025-06-02,mighty patch,mighty_patch,0
2025-06-02,mighty patch,mightypatch,0
2025-06-02,missha,missha,3
2025-06-02,mixoon,mixoon,0
2025-06-02,nabota,nabota,0
2025-06-02,newlux,newlux,0
2025-06-02,numbuzin,numbuzin,4
2025-06-02,ohui,ohui,0
2025-06-02,oligio,oligio,0
2025-06-02,olive young,olive young,2
2025-06-02,olive young,olive-young,0
2025-06-02,olive young,olive.young,0
2025-06-02,olive young,olive_young,0
2025-06-02,olive young,oliveyoung,0
2025-06-02,peripera,peripera,1
2025-06-02,potenza,potenza,0
2025-06-02,real barrier,real barrier,0
2025-06-02,real barrier,real-barrier,0
2025-06-02,real barrier,real.barrier,0
2025-06-02,real barrier,real_barrier,0
2025-06-02,real barrier,realbarrier,0
2025-06-02,reedle shot,reedle shot,1
2025-06-02,reedle shot,reedle-shot,0
2025-06-02,reedle shot,reedle.shot,0
2025-06-02,reedle shot,reedle_shot,0
2025-06-02,reedle shot,reedleshot,0
2025-06-02,rejuran,rejuran,5
2025-06-02,rentox,rentox,0
2025-06-02,rom&nd,rom&nd,2
2025-06-02,rom&nd,romnd,0
2025-06-02,round lab,round lab,2
2025-06-02,round lab,round-lab,0
2025-06-02,round lab,round.lab,0
2025-06-02,round lab,round_lab,0
2025-06-02,round lab,roundlab,2
2025-06-02,shurink,shurink,0
2025-06-02,skin1004,skin1004,5
2025-06-02,stylekorean,stylekorean,0
2025-06-02,stylevana,stylevana,0
2025-06-02,sulwhasoo,sulwhasoo,0
2025-06-02,sylfirm,sylfirm,0
2025-06-02,the whoo,the whoo,0
2025-06-02,the whoo,the-whoo,0
2025-06-02,the whoo,the.whoo,0
2025-06-02,the whoo,the_whoo,0
2025-06-02,the whoo,thewhoo,0
2025-06-02,tirtir,tirtir,2
2025-06-02,tonymoly,tonymoly,1
2025-06-02,torriden,torriden,3
2025-06-02,ultraformer,ultraformer,0
2025-06-02,volnewmer,volnewmer,0
2025-06-02,wellage,wellage,0
2025-06-02,yesstyle,yesstyle,4
2025-06-03,a'pieu,a'pieu,0
2025-06-03,a'pieu,a-pieu,0
2025-06-03,a'pieu,a.pieu,0
2025-06-03,a'pieu,a_pieu,0
2025-06-03,a'pieu,ap,1
2025-06-03,a'pieu,apieu,0
2025-06-03,acropass,acropass,0
2025-06-03,age-r,age-r,0
2025-06-03,age-r,age.r,0
2025-06-03,age-r,age_r,0
2025-06-03,age-r,ager,0
2025-06-03,anua,anua,6
2025-06-03,atopalm,atopalm,0
2025-06-03,bbia,bbia,0
2025-06-03,be the skin,be the skin,13
2025-06-03,be the skin,be-the-skin,0
2025-06-03,be the skin,be.the.skin,0
2025-06-03,be the skin,be_the_skin,0
2025-06-03,be the skin,betheskin,0
2025-06-03,beauty of joseon,beauty of joseon,11
2025-06-03,beauty of joseon,beauty-of-joseon,0
2025-06-03,beauty of joseon,beauty.of.joseon,0
2025-06-03,beauty of joseon,beauty_of_joseon,0
2025-06-03,beauty of joseon,beautyofjoseon,0
2025-06-03,belif,belif,0
2025-06-03,biodance,biodance,0
2025-06-03,boncept,boncept,0
2025-06-03,booster pro,booster pro,0
2025-06-03,booster pro,booster-pro,0
2025-06-03,booster pro,booster.pro,0
2025-06-03,booster pro,booster_pro,0
2025-06-03,booster pro,boosterpro,0
2025-06-03,botulax,botulax,0
2025-06-03,cell fusion c,cell fusion c,1
2025-06-03,cell fusion c,cell-fusion-c,0
2025-06-03,cell fusion c,cell.fusion.c,0
2025-06-03,cell fusion c,cell_fusion_c,0
2025-06-03,cell fusion c,cellfusionc,0
2025-06-03,centellian,centellian,0
2025-06-03,coolfase,coolfase,0
2025-06-03,cosrx,cosrx,12
2025-06-03,dalba,dalba,0
2025-06-03,goodal,goodal,0
2025-06-03,hi focus shot,hi focus shot,1
2025-06-03,hi focus shot,hi-focus-shot,0
2025-06-03,hi focus shot,hi.focus.shot,0
2025-06-03,hi focus shot,hi_focus_shot,0
2025-06-03,hi focus shot,hifocusshot,0
2025-06-03,history of whoo,history of whoo,0
2025-06-03,history of whoo,history-of-whoo,0
2025-06-03,history of whoo,history.of.whoo,0
2025-06-03,history of whoo,history_of_whoo,0
2025-06-03,history of whoo,historyofwhoo,0
2025-06-03,hwahae,hwahae,0
2025-06-03,innisfree,innisfree,1
2025-06-03,innotox,innotox,2
2025-06-03,iope,iope,0
2025-06-03,jeuveau,jeuveau,0
2025-06-03,jevegel,jevegel,0
2025-06-03,jolse,jolse,1
2025-06-03,juvelook,juvelook,1
2025-06-03,laneige,laneige,2
2025-06-03,letybo,letybo,0
2025-06-03,madeca,madeca,0
2025-06-03,mamonde,mamonde,0
2025-06-03,manyo,manyo,0
2025-06-03,medicube,medicube,4
2025-06-03,merzy,merzy,0
2025-06-03,mighty patch,mighty patch,0
2025-06-03,mighty patch,mighty-patch,0
2025-06-03,mighty patch,mighty.patch,0
2025-06-03,mighty patch,mighty_patch,0
2025-06-03,mighty patch,mightypatch,0
2025-06-03,missha,missha,1
2025-06-03,mixoon,mixoon,0
2025-06-03,nabota,nabota,0
2025-06-03,newlux,newlux,0
2025-06-03,numbuzin,numbuzin,6
2025-06-03,ohui,ohui,0
2025-06-03,oligio,oligio,1
2025-06-03,olive young,olive young,5
2025-06-03,olive young,olive-young,0
2025-06-03,olive young,olive.young,0
2025-06-03,olive young,olive_young,0
2025-06-03,olive young,oliveyoung,0
2025-06-03,peripera,peripera,1
2025-06-03,potenza,potenza,0
2025-06-03,real barrier,real barrier,1
2025-06-03,real barrier,real-barrier,0
2025-06-03,real barrier,real.barrier,0
2025-06-03,real barrier,real_barrier,0
2025-06-03,real barrier,realbarrier,0
2025-06-03,reedle shot,reedle shot,1
2025-06-03,reedle shot,reedle-shot,0
2025-06-03,reedle shot,reedle.shot,0
2025-06-03,reedle shot,reedle_shot,0
2025-06-03,reedle shot,reedleshot,0
2025-06-03,rejuran,rejuran,2
2025-06-03,rentox,rentox,0
2025-06-03,rom&nd,rom&nd,3
2025-06-03,rom&nd,romnd,0
2025-06-03,round lab,round lab,5
2025-06-03,round lab,round-lab,0
2025-06-03,round lab,round.lab,0
2025-06-03,round lab,round_lab,0
2025-06-03,round lab,roundlab,2
2025-06-03,shurink,shurink,1
2025-06-03,skin1004,skin1004,5
2025-06-03,stylekorean,stylekorean,0
2025-06-03,stylevana,stylevana,1
2025-06-03,sulwhasoo,sulwhasoo,0
2025-06-03,sylfirm,sylfirm,0
2025-06-03,the whoo,the whoo,0
2025-06-03,the whoo,the-whoo,0
2025-06-03,the whoo,the.whoo,0
2025-06-03,the whoo,the_whoo,0
2025-06-03,the whoo,thewhoo,0
2025-06-03,tirtir,tirtir,2
2025-06-03,tonymoly,tonymoly,0
2025-06-03,torriden,torriden,2
2025-06-03,ultraformer,ultraformer,0
2025-06-03,volnewmer,volnewmer,0
2025-06-03,wellage,wellage,0
2025-06-03,yesstyle,yesstyle,3
2025-06-04,a'pieu,a'pieu,1
2025-06-04,a'pieu,a-pieu,0
2025-06-04,a'pieu,a.pieu,0
2025-06-04,a'pieu,a_pieu,0
2025-06-04,a'pieu,ap,2
2025-06-04,a'pieu,apieu,0
2025-06-04,acropass,acropass,0
2025-06-04,age-r,age-r,0
2025-06-04,age-r,age.r,0
2025-06-04,age-r,age_r,0
2025-06-04,age-r,ager,0
2025-06-04,anua,anua,13
2025-06-04,atopalm,atopalm,0
2025-06-04,bbia,bbia,0
2025-06-04,be the skin,be the skin,15
2025-06-04,be the skin,be-the-skin,0
2025-06-04,be the skin,be.the.skin,0
2025-06-04,be the skin,be_the_skin,0
2025-06-04,be the skin,betheskin,0
2025-06-04,beauty of joseon,beauty of joseon,10
2025-06-04,beauty of joseon,beauty-of-joseon,0
2025-06-04,beauty of joseon,beauty.of.joseon,0
2025-06-04,beauty of joseon,beauty_of_joseon,0
2025-06-04,beauty of joseon,beautyofjoseon,0
2025-06-04,belif,belif,1
2025-06-04,biodance,biodance,0
2025-06-04,boncept,boncept,0
2025-06-04,booster pro,booster pro,1
2025-06-04,booster pro,booster-pro,0
2025-06-04,booster pro,booster.pro,0
2025-06-04,booster pro,booster_pro,0
2025-06-04,booster pro,boosterpro,0
2025-06-04,botulax,botulax,0
2025-06-04,cell fusion c,cell fusion c,0
2025-06-04,cell fusion c,cell-fusion-c,0
2025-06-04,cell fusion c,cell.fusion.c,0
2025-06-04,cell fusion c,cell_fusion_c,0
2025-06-04,cell fusion c,cellfusionc,0
2025-06-04,centellian,centellian,0
2025-06-04,coolfase,coolfase,0
2025-06-04,cosrx,cosrx,12
2025-06-04,dalba,dalba,0
2025-06-04,goodal,goodal,1
2025-06-04,hi focus shot,hi focus shot,3
2025-06-04,hi focus shot,hi-focus-shot,0
2025-06-04,hi focus shot,hi.focus.shot,0
2025-06-04,hi focus shot,hi_focus_shot,0
2025-06-04,hi focus shot,hifocusshot,0
2025-06-04,history of whoo,history of whoo,0
2025-06-04,history of whoo,history-of-whoo,0
2025-06-04,history of whoo,history.of.whoo,0
2025-06-04,history of whoo,history_of_whoo,0
2025-06-04,history of whoo,historyofwhoo,0
2025-06-04,hwahae,hwahae,0
2025-06-04,innisfree,innisfree,5
2025-06-04,innotox,innotox,1
2025-06-04,iope,iope,1
2025-06-04,jeuveau,jeuveau,0
2025-06-04,jevegel,jevegel,0
2025-06-04,jolse,jolse,1
2025-06-04,juvelook,juvelook,0
2025-06-04,laneige,laneige,1
2025-06-04,letybo,letybo,0
2025-06-04,madeca,madeca,0
2025-06-04,mamonde,mamonde,0
2025-06-04,manyo,manyo,1
2025-06-04,medicube,medicube,4
2025-06-04,merzy,merzy,0
2025-06-04,mighty patch,mighty patch,0
2025-06-04,mighty patch,mighty-patch,0
2025-06-04,mighty patch,mighty.patch,0
2025-06-04,mighty patch,mighty_patch,0
2025-06-04,mighty patch,mightypatch,0
2025-06-04,missha,missha,2
2025-06-04,mixoon,mixoon,0
2025-06-04,nabota,nabota,0
2025-06-04,newlux,newlux,0
2025-06-04,numbuzin,numbuzin,1
2025-06-04,ohui,ohui,0
2025-06-04,oligio,oligio,0
2025-06-04,olive young,olive young,7
2025-06-04,olive young,olive-young,0
2025-06-04,olive young,olive.young,0
2025-06-04,olive young,olive_young,0
2025-06-04,olive young,oliveyoung,0
2025-06-04,peripera,peripera,2
2025-06-04,potenza,potenza,0
2025-06-04,real barrier,real barrier,1
2025-06-04,real barrier,real-barrier,0
2025-06-04,real barrier,real.barrier,0
2025-06-04,real barrier,real_barrier,0
2025-06-04,real barrier,realbarrier,0
2025-06-04,reedle shot,reedle shot,1
2025-06-04,reedle shot,reedle-shot,0
2025-06-04,reedle shot,reedle.shot,0
2025-06-04,reedle shot,reedle_shot,0
2025-06-04,reedle shot,reedleshot,0
2025-06-04,rejuran,rejuran,1
2025-06-04,rentox,rentox,0
2025-06-04,rom&nd,rom&nd,1
2025-06-04,rom&nd,romnd,0
2025-06-04,round lab,round lab,3
2025-06-04,round lab,round-lab,0
2025-06-04,round lab,round.lab,0
2025-06-04,round lab,round_lab,0
2025-06-04,round lab,roundlab,2
2025-06-04,shurink,shurink,0
2025-06-04,skin1004,skin1004,13
2025-06-04,stylekorean,stylekorean,0
2025-06-04,stylevana,stylevana,3
2025-06-04,sulwhasoo,sulwhasoo,1
2025-06-04,sylfirm,sylfirm,0
2025-06-04,the whoo,the whoo,0
2025-06-04,the whoo,the-whoo,0
2025-06-04,the whoo,the.whoo,0
2025-06-04,the whoo,the_whoo,0
2025-06-04,the whoo,thewhoo,0
2025-06-04,tirtir,tirtir,3
2025-06-04,tonymoly,tonymoly,0
2025-06-04,torriden,torriden,2
2025-06-04,ultraformer,ultraformer,0
2025-06-04,volnewmer,volnewmer,0
2025-06-04,wellage,wellage,0
2025-06-04,yesstyle,yesstyle,3
2025-06-05,a'pieu,a'pieu,0
2025-06-05,a'pieu,a-pieu,0
2025-06-05,a'pieu,a.pieu,0
2025-06-05,a'pieu,a_pieu,0
2025-06-05,a'pieu,ap,3
2025-06-05,a'pieu,apieu,0
2025-06-05,acropass,acropass,0
2025-06-05,age-r,age-r,2
2025-06-05,age-r,age.r,0
2025-06-05,age-r,age_r,0
2025-06-05,age-r,ager,0
2025-06-05,anua,anua,7
2025-06-05,atopalm,atopalm,0
2025-06-05,bbia,bbia,1
2025-06-05,be the skin,be the skin,11
2025-06-05,be the skin,be-the-skin,0
2025-06-05,be the skin,be.the.skin,0
2025-06-05,be the skin,be_the_skin,0
2025-06-05,be the skin,betheskin,0
2025-06-05,beauty of joseon,beauty of joseon,8
2025-06-05,beauty of joseon,beauty-of-joseon,0
2025-06-05,beauty of joseon,beauty.of.joseon,0
2025-06-05,beauty of joseon,beauty_of_joseon,0
2025-06-05,beauty of joseon,beautyofjoseon,0
2025-06-05,belif,belif,1
2025-06-05,biodance,biodance,2
2025-06-05,boncept,boncept,0
2025-06-05,booster pro,booster pro,1
2025-06-05,booster pro,booster-pro,0
2025-06-05,booster pro,booster.pro,0
2025-06-05,booster pro,booster_pro,0
2025-06-05,booster pro,boosterpro,0
2025-06-05,botulax,botulax,0
2025-06-05,cell fusion c,cell fusion c,0
2025-06-05,cell fusion c,cell-fusion-c,0
2025-06-05,cell fusion c,cell.fusion.c,0
2025-06-05,cell fusion c,cell_fusion_c,0
2025-06-05,cell fusion c,cellfusionc,0
2025-06-05,centellian,centellian,0
2025-06-05,coolfase,coolfase,0
2025-06-05,cosrx,cosrx,4
2025-06-05,dalba,dalba,0
2025-06-05,goodal,goodal,0
2025-06-05,hi focus shot,hi focus shot,3
2025-06-05,hi focus shot,hi-focus-shot,0
2025-06-05,hi focus shot,hi.focus.shot,0
2025-06-05,hi focus shot,hi_focus_shot,0
2025-06-05,hi focus shot,hifocusshot,0
2025-06-05,history of whoo,history of whoo,0
2025-06-05,history of whoo,history-of-whoo,0
2025-06-05,history of whoo,history.of.whoo,0
2025-06-05,history of whoo,history_of_whoo,0
2025-06-05,history of whoo,historyofwhoo,0
2025-06-05,hwahae,hwahae,0
2025-06-05,innisfree,innisfree,4
2025-06-05,innotox,innotox,1
2025-06-05,iope,iope,1
2025-06-05,jeuveau,jeuveau,0
2025-06-05,jevegel,jevegel,0
2025-06-05,jolse,jolse,0
2025-06-05,juvelook,juvelook,0
2025-06-05,laneige,laneige,6
2025-06-05,letybo,letybo,0
2025-06-05,madeca,madeca,0
2025-06-05,mamonde,mamonde,0
2025-06-05,manyo,manyo,0
2025-06-05,medicube,medicube,4
2025-06-05,merzy,merzy,0
2025-06-05,mighty patch,mighty patch,0
2025-06-05,mighty patch,mighty-patch,0
2025-06-05,mighty patch,mighty.patch,0
2025-06-05,mighty patch,mighty_patch,0
2025-06-05,mighty patch,mightypatch,0
2025-06-05,missha,missha,3
2025-06-05,mixoon,mixoon,0
2025-06-05,nabota,nabota,0
2025-06-05,newlux,newlux,0
2025-06-05,numbuzin,numbuzin,1
2025-06-05,ohui,ohui,0
2025-06-05,oligio,oligio,0
2025-06-05,olive young,olive young,9
2025-06-05,olive young,olive-young,0
2025-06-05,olive young,olive.young,0
2025-06-05,olive young,olive_young,0
2025-06-05,olive young,oliveyoung,0
2025-06-05,peripera,peripera,7
2025-06-05,potenza,potenza,0
2025-06-05,real barrier,real barrier,1
2025-06-05,real barrier,real-barrier,0
2025-06-05,real barrier,real.barrier,0
2025-06-05,real barrier,real_barrier,0
2025-06-05,real barrier,realbarrier,0
2025-06-05,reedle shot,reedle shot,2
2025-06-05,reedle shot,reedle-shot,0
2025-06-05,reedle shot,reedle.shot,0
2025-06-05,reedle shot,reedle_shot,0
2025-06-05,reedle shot,reedleshot,0
2025-06-05,rejuran,rejuran,0
2025-06-05,rentox,rentox,0
2025-06-05,rom&nd,rom&nd,2
2025-06-05,rom&nd,romnd,0
2025-06-05,round lab,round lab,3
2025-06-05,round lab,round-lab,0
2025-06-05,round lab,round.lab,0
2025-06-05,round lab,round_lab,0
2025-06-05,round lab,roundlab,1
2025-06-05,shurink,shurink,0
2025-06-05,skin1004,skin1004,5
2025-06-05,stylekorean,stylekorean,0
2025-06-05,stylevana,stylevana,1
2025-06-05,sulwhasoo,sulwhasoo,2
2025-06-05,sylfirm,sylfirm,0
2025-06-05,the whoo,the whoo,0
2025-06-05,the whoo,the-whoo,0
2025-06-05,the whoo,the.whoo,0
2025-06-05,the whoo,the_whoo,0
2025-06-05,the whoo,thewhoo,0
2025-06-05,tirtir,tirtir,3
2025-06-05,tonymoly,tonymoly,2
2025-06-05,torriden,torriden,1
2025-06-05,ultraformer,ultraformer,0
2025-06-05,volnewmer,volnewmer,0
2025-06-05,wellage,wellage,0
2025-06-05,yesstyle,yesstyle,3
2025-06-06,a'pieu,a'pieu,0
2025-06-06,a'pieu,a-pieu,0
2025-06-06,a'pieu,a.pieu,0
2025-06-06,a'pieu,a_pieu,0
2025-06-06,a'pieu,ap,0
2025-06-06,a'pieu,apieu,0
2025-06-06,acropass,acropass,0
2025-06-06,age-r,age-r,1
2025-06-06,age-r,age.r,0
2025-06-06,age-r,age_r,0
2025-06-06,age-r,ager,0
2025-06-06,anua,anua,9
2025-06-06,atopalm,atopalm,0
2025-06-06,bbia,bbia,0
2025-06-06,be the skin,be the skin,14
2025-06-06,be the skin,be-the-skin,0
2025-06-06,be the skin,be.the.skin,0
2025-06-06,be the skin,be_the_skin,0
2025-06-06,be the skin,betheskin,0
2025-06-06,beauty of joseon,beauty of joseon,8
2025-06-06,beauty of joseon,beauty-of-joseon,0
2025-06-06,beauty of joseon,beauty.of.joseon,0
2025-06-06,beauty of joseon,beauty_of_joseon,0
2025-06-06,beauty of joseon,beautyofjoseon,0
2025-06-06,belif,belif,0
2025-06-06,biodance,biodance,1
2025-06-06,boncept,boncept,0
2025-06-06,booster pro,booster pro,0
2025-06-06,booster pro,booster-pro,0
2025-06-06,booster pro,booster.pro,0
2025-06-06,booster pro,booster_pro,0
2025-06-06,booster pro,boosterpro,0
2025-06-06,botulax,botulax,0
2025-06-06,cell fusion c,cell fusion c,0
2025-06-06,cell fusion c,cell-fusion-c,0
2025-06-06,cell fusion c,cell.fusion.c,0
2025-06-06,cell fusion c,cell_fusion_c,0
2025-06-06,cell fusion c,cellfusionc,0
2025-06-06,centellian,centellian,0
2025-06-06,coolfase,coolfase,0
2025-06-06,cosrx,cosrx,9
2025-06-06,dalba,dalba,0
2025-06-06,goodal,goodal,2
2025-06-06,hi focus shot,hi focus shot,1
2025-06-06,hi focus shot,hi-focus-shot,0
2025-06-06,hi focus shot,hi.focus.shot,0
2025-06-06,hi focus shot,hi_focus_shot,0
2025-06-06,hi focus shot,hifocusshot,0
2025-06-06,history of whoo,history of whoo,0
2025-06-06,history of whoo,history-of-whoo,0
2025-06-06,history of whoo,history.of.whoo,0
2025-06-06,history of whoo,history_of_whoo,0
2025-06-06,history of whoo,historyofwhoo,0
2025-06-06,hwahae,hwahae,0
2025-06-06,innisfree,innisfree,2
2025-06-06,innotox,innotox,2
2025-06-06,iope,iope,0
2025-06-06,jeuveau,jeuveau,0
2025-06-06,jevegel,jevegel,0
2025-06-06,jolse,jolse,0
2025-06-06,juvelook,juvelook,0
2025-06-06,laneige,laneige,1
2025-06-06,letybo,letybo,0
2025-06-06,madeca,madeca,0
2025-06-06,mamonde,mamonde,0
2025-06-06,manyo,manyo,0
2025-06-06,medicube,medicube,2
2025-06-06,merzy,merzy,0
2025-06-06,mighty patch,mighty patch,0
2025-06-06,mighty patch,mighty-patch,0
2025-06-06,mighty patch,mighty.patch,0
2025-06-06,mighty patch,mighty_patch,0
2025-06-06,mighty patch,mightypatch,0
2025-06-06,missha,missha,1
2025-06-06,mixoon,mixoon,0
2025-06-06,nabota,nabota,0
2025-06-06,newlux,newlux,0
2025-06-06,numbuzin,numbuzin,3
2025-06-06,ohui,ohui,0
2025-06-06,oligio,oligio,0
2025-06-06,olive young,olive young,5
2025-06-06,olive young,olive-young,0
2025-06-06,olive young,olive.young,0
2025-06-06,olive young,olive_young,0
2025-06-06,olive young,oliveyoung,1
2025-06-06,peripera,peripera,3
2025-06-06,potenza,potenza,0
2025-06-06,real barrier,real barrier,0
2025-06-06,real barrier,real-barrier,0
2025-06-06,real barrier,real.barrier,0
2025-06-06,real barrier,real_barrier,0
2025-06-06,real barrier,realbarrier,0
2025-06-06,reedle shot,reedle shot,2
2025-06-06,reedle shot,reedle-shot,0
2025-06-06,reedle shot,reedle.shot,0
2025-06-06,reedle shot,reedle_shot,0
2025-06-06,reedle shot,reedleshot,0
2025-06-06,rejuran,rejuran,1
2025-06-06,rentox,rentox,0
2025-06-06,rom&nd,rom&nd,11
2025-06-06,rom&nd,romnd,0
2025-06-06,round lab,round lab,3
2025-06-06,round lab,round-lab,0
2025-06-06,round lab,round.lab,0
2025-06-06,round lab,round_lab,0
2025-06-06,round lab,roundlab,0
2025-06-06,shurink,shurink,0
2025-06-06,skin1004,skin1004,9
2025-06-06,stylekorean,stylekorean,1
2025-06-06,stylevana,stylevana,3
2025-06-06,sulwhasoo,sulwhasoo,1
2025-06-06,sylfirm,sylfirm,0
2025-06-06,the whoo,the whoo,0
2025-06-06,the whoo,the-whoo,0
2025-06-06,the whoo,the.whoo,0
2025-06-06,the whoo,the_whoo,0
2025-06-06,the whoo,thewhoo,0
2025-06-06,tirtir,tirtir,5
2025-06-06,tonymoly,tonymoly,1
2025-06-06,torriden,torriden,2
2025-06-06,ultraformer,ultraformer,0
2025-06-06,volnewmer,volnewmer,0
2025-06-06,wellage,wellage,0
2025-06-06,yesstyle,yesstyle,6
2025-06-07,a'pieu,a'pieu,0
2025-06-07,a'pieu,a-pieu,0
2025-06-07,a'pieu,a.pieu,0
2025-06-07,a'pieu,a_pieu,0
2025-06-07,a'pieu,ap,0
2025-06-07,a'pieu,apieu,0
2025-06-07,acropass,acropass,0
2025-06-07,age-r,age-r,1
2025-06-07,age-r,age.r,0
2025-06-07,age-r,age_r,0
2025-06-07,age-r,ager,0
2025-06-07,anua,anua,8
2025-06-07,atopalm,atopalm,0
2025-06-07,bbia,bbia,1
2025-06-07,be the skin,be the skin,13
2025-06-07,be the skin,be-the-skin,0
2025-06-07,be the skin,be.the.skin,0
2025-06-07,be the skin,be_the_skin,0
2025-06-07,be the skin,betheskin,0
2025-06-07,beauty of joseon,beauty of joseon,5
2025-06-07,beauty of joseon,beauty-of-joseon,0
2025-06-07,beauty of joseon,beauty.of.joseon,0
2025-06-07,beauty of joseon,beauty_of_joseon,0
2025-06-07,beauty of joseon,beautyofjoseon,0
2025-06-07,belif,belif,1
2025-06-07,biodance,biodance,0
2025-06-07,boncept,boncept,0
2025-06-07,booster pro,booster pro,0
2025-06-07,booster pro,booster-pro,0
2025-06-07,booster pro,booster.pro,0
2025-06-07,booster pro,booster_pro,0
2025-06-07,booster pro,boosterpro,0
2025-06-07,botulax,botulax,0
2025-06-07,cell fusion c,cell fusion c,0
2025-06-07,cell fusion c,cell-fusion-c,0
2025-06-07,cell fusion c,cell.fusion.c,0
2025-06-07,cell fusion c,cell_fusion_c,0
2025-06-07,cell fusion c,cellfusionc,0
2025-06-07,centellian,centellian,0
2025-06-07,coolfase,coolfase,0
2025-06-07,cosrx,cosrx,4
2025-06-07,dalba,dalba,0
2025-06-07,goodal,goodal,0
2025-06-07,hi focus shot,hi focus shot,1
2025-06-07,hi focus shot,hi-focus-shot,0
2025-06-07,hi focus shot,hi.focus.shot,0
2025-06-07,hi focus shot,hi_focus_shot,0
2025-06-07,hi focus shot,hifocusshot,0
2025-06-07,history of whoo,history of whoo,0
2025-06-07,history of whoo,history-of-whoo,0
2025-06-07,history of whoo,history.of.whoo,0
2025-06-07,history of whoo,history_of_whoo,0
2025-06-07,history of whoo,historyofwhoo,0
2025-06-07,hwahae,hwahae,0
2025-06-07,innisfree,innisfree,2
2025-06-07,innotox,innotox,3
2025-06-07,iope,iope,0
2025-06-07,jeuveau,jeuveau,0
2025-06-07,jevegel,jevegel,0
2025-06-07,jolse,jolse,0
2025-06-07,juvelook,juvelook,0
2025-06-07,laneige,laneige,4
2025-06-07,letybo,letybo,0
2025-06-07,madeca,madeca,0
2025-06-07,mamonde,mamonde,0
2025-06-07,manyo,manyo,0
2025-06-07,medicube,medicube,3
2025-06-07,merzy,merzy,0
2025-06-07,mighty patch,mighty patch,0
2025-06-07,mighty patch,mighty-patch,0
2025-06-07,mighty patch,mighty.patch,0
2025-06-07,mighty patch,mighty_patch,0
2025-06-07,mighty patch,mightypatch,0
2025-06-07,missha,missha,2
2025-06-07,mixoon,mixoon,0
2025-06-07,nabota,nabota,0
2025-06-07,newlux,newlux,0
2025-06-07,numbuzin,numbuzin,1
2025-06-07,ohui,ohui,0
2025-06-07,oligio,oligio,1
2025-06-07,olive young,olive young,4
2025-06-07,olive young,olive-young,0
2025-06-07,olive young,olive.young,0
2025-06-07,olive young,olive_young,0
2025-06-07,olive young,oliveyoung,0
2025-06-07,peripera,peripera,1
2025-06-07,potenza,potenza,0
2025-06-07,real barrier,real barrier,3
2025-06-07,real barrier,real-barrier,0
2025-06-07,real barrier,real.barrier,0
2025-06-07,real barrier,real_barrier,0
2025-06-07,real barrier,realbarrier,0
2025-06-07,reedle shot,reedle shot,3
2025-06-07,reedle shot,reedle-shot,0
2025-06-07,reedle shot,reedle.shot,0
2025-06-07,reedle shot,reedle_shot,0
2025-06-07,reedle shot,reedleshot,0
2025-06-07,rejuran,rejuran,1
2025-06-07,rentox,rentox,0
2025-06-07,rom&nd,rom&nd,1
2025-06-07,rom&nd,romnd,0
2025-06-07,round lab,round lab,4
2025-06-07,round lab,round-lab,0
2025-06-07,round lab,round.lab,0
2025-06-07,round lab,round_lab,0
2025-06-07,round lab,roundlab,1
2025-06-07,shurink,shurink,0
2025-06-07,skin1004,skin1004,6
2025-06-07,stylekorean,stylekorean,0
2025-06-07,stylevana,stylevana,2
2025-06-07,sulwhasoo,sulwhasoo,0
2025-06-07,sylfirm,sylfirm,0
2025-06-07,the whoo,the whoo,0
2025-06-07,the whoo,the-whoo,0
2025-06-07,the whoo,the.whoo,0
2025-06-07,the whoo,the_whoo,0
2025-06-07,the whoo,thewhoo,0
2025-06-07,tirtir,tirtir,4
2025-06-07,tonymoly,tonymoly,1
2025-06-07,torriden,torriden,0
2025-06-07,ultraformer,ultraformer,0
2025-06-07,volnewmer,volnewmer,0
2025-06-07,wellage,wellage,0
2025-06-07,yesstyle,yesstyle,5
2025-06-08,a'pieu,a'pieu,0
2025-06-08,a'pieu,a-pieu,0
2025-06-08,a'pieu,a.pieu,0
2025-06-08,a'pieu,a_pieu,0
2025-06-08,a'pieu,ap,1
2025-06-08,a'pieu,apieu,0
2025-06-08,acropass,acropass,0
2025-06-08,age-r,age-r,1
2025-06-08,age-r,age.r,0
2025-06-08,age-r,age_r,0
2025-06-08,age-r,ager,0
2025-06-08,anua,anua,13
2025-06-08,atopalm,atopalm,0
2025-06-08,bbia,bbia,0
2025-06-08,be the skin,be the skin,10
2025-06-08,be the skin,be-the-skin,0
2025-06-08,be the skin,be.the.skin,0
2025-06-08,be the skin,be_the_skin,0
2025-06-08,be the skin,betheskin,0
2025-06-08,beauty of joseon,beauty of joseon,7
2025-06-08,beauty of joseon,beauty-of-joseon,0
2025-06-08,beauty of joseon,beauty.of.joseon,0
2025-06-08,beauty of joseon,beauty_of_joseon,0
2025-06-08,beauty of joseon,beautyofjoseon,0
2025-06-08,belif,belif,0
2025-06-08,biodance,biodance,1
2025-06-08,boncept,boncept,0
2025-06-08,booster pro,booster pro,0
2025-06-08,booster pro,booster-pro,0
2025-06-08,booster pro,booster.pro,0
2025-06-08,booster pro,booster_pro,0
2025-06-08,booster pro,boosterpro,0
2025-06-08,botulax,botulax,1
2025-06-08,cell fusion c,cell fusion c,1
2025-06-08,cell fusion c,cell-fusion-c,0
2025-06-08,cell fusion c,cell.fusion.c,0
2025-06-08,cell fusion c,cell_fusion_c,0
2025-06-08,cell fusion c,cellfusionc,0
2025-06-08,centellian,centellian,0
2025-06-08,coolfase,coolfase,0
2025-06-08,cosrx,cosrx,11
2025-06-08,dalba,dalba,1
2025-06-08,goodal,goodal,0
2025-06-08,hi focus shot,hi focus shot,3
2025-06-08,hi focus shot,hi-focus-shot,0
2025-06-08,hi focus shot,hi.focus.shot,0
2025-06-08,hi focus shot,hi_focus_shot,0
2025-06-08,hi focus shot,hifocusshot,0
2025-06-08,history of whoo,history of whoo,0
2025-06-08,history of whoo,history-of-whoo,0
2025-06-08,history of whoo,history.of.whoo,0
2025-06-08,history of whoo,history_of_whoo,0
2025-06-08,history of whoo,historyofwhoo,0
2025-06-08,hwahae,hwahae,0
2025-06-08,innisfree,innisfree,4
2025-06-08,innotox,innotox,5
2025-06-08,iope,iope,0
2025-06-08,jeuveau,jeuveau,0
2025-06-08,jevegel,jevegel,0
2025-06-08,jolse,jolse,0
2025-06-08,juvelook,juvelook,0
2025-06-08,laneige,laneige,16
2025-06-08,letybo,letybo,0
2025-06-08,madeca,madeca,0
2025-06-08,mamonde,mamonde,0
2025-06-08,manyo,manyo,0
2025-06-08,medicube,medicube,3
2025-06-08,merzy,merzy,0
2025-06-08,mighty patch,mighty patch,0
2025-06-08,mighty patch,mighty-patch,0
2025-06-08,mighty patch,mighty.patch,0
2025-06-08,mighty patch,mighty_patch,0
2025-06-08,mighty patch,mightypatch,0
2025-06-08,missha,missha,2
2025-06-08,mixoon,mixoon,0
2025-06-08,nabota,nabota,0
2025-06-08,newlux,newlux,0
2025-06-08,numbuzin,numbuzin,5
2025-06-08,ohui,ohui,0
2025-06-08,oligio,oligio,0
2025-06-08,olive young,olive young,1
2025-06-08,olive young,olive-young,0
2025-06-08,olive young,olive.young,0
2025-06-08,olive young,olive_young,0
2025-06-08,olive young,oliveyoung,0
2025-06-08,peripera,peripera,0
2025-06-08,potenza,potenza,0
2025-06-08,real barrier,real barrier,1
2025-06-08,real barrier,real-barrier,0
2025-06-08,real barrier,real.barrier,0
2025-06-08,real barrier,real_barrier,0
2025-06-08,real barrier,realbarrier,0
2025-06-08,reedle shot,reedle shot,2
2025-06-08,reedle shot,reedle-shot,0
2025-06-08,reedle shot,reedle.shot,0
2025-06-08,reedle shot,reedle_shot,0
2025-06-08,reedle shot,reedleshot,0
2025-06-08,rejuran,rejuran,0
2025-06-08,rentox,rentox,1
2025-06-08,rom&nd,rom&nd,1
2025-06-08,rom&nd,romnd,0
2025-06-08,round lab,round lab,2
2025-06-08,round lab,round-lab,0
2025-06-08,round lab,round.lab,0
2025-06-08,round lab,round_lab,0
2025-06-08,round lab,roundlab,0
2025-06-08,shurink,shurink,1
2025-06-08,skin1004,skin1004,4
2025-06-08,stylekorean,stylekorean,0
2025-06-08,stylevana,stylevana,1
2025-06-08,sulwhasoo,sulwhasoo,0
2025-06-08,sylfirm,sylfirm,0
2025-06-08,the whoo,the whoo,0
2025-06-08,the whoo,the-whoo,0
2025-06-08,the whoo,the.whoo,0
2025-06-08,the whoo,the_whoo,0
2025-06-08,the whoo,thewhoo,0
2025-06-08,tirtir,tirtir,3
2025-06-08,tonymoly,tonymoly,1
2025-06-08,torriden,torriden,3
2025-06-08,ultraformer,ultraformer,0
2025-06-08,volnewmer,volnewmer,0
2025-06-08,wellage,wellage,0
2025-06-08,yesstyle,yesstyle,3
2025-06-09,a'pieu,a'pieu,0
2025-06-09,a'pieu,a-pieu,0
2025-06-09,a'pieu,a.pieu,0
2025-06-09,a'pieu,a_pieu,0
2025-06-09,a'pieu,ap,0
2025-06-09,a'pieu,apieu,0
2025-06-09,acropass,acropass,0
2025-06-09,age-r,age-r,0
2025-06-09,age-r,age.r,0
2025-06-09,age-r,age_r,0
2025-06-09,age-r,ager,0
2025-06-09,anua,anua,9
2025-06-09,atopalm,atopalm,0
2025-06-09,bbia,bbia,0
2025-06-09,be the skin,be the skin,13
2025-06-09,be the skin,be-the-skin,0
2025-06-09,be the skin,be.the.skin,0
2025-06-09,be the skin,be_the_skin,0
2025-06-09,be the skin,betheskin,0
2025-06-09,beauty of joseon,beauty of joseon,9
2025-06-09,beauty of joseon,beauty-of-joseon,0
2025-06-09,beauty of joseon,beauty.of.joseon,0
2025-06-09,beauty of joseon,beauty_of_joseon,0
2025-06-09,beauty of joseon,beautyofjoseon,0
2025-06-09,belif,belif,3
2025-06-09,biodance,biodance,0
2025-06-09,boncept,boncept,0
2025-06-09,booster pro,booster pro,1
2025-06-09,booster pro,booster-pro,0
2025-06-09,booster pro,booster.pro,0
2025-06-09,booster pro,booster_pro,0
2025-06-09,booster pro,boosterpro,0
2025-06-09,botulax,botulax,0
2025-06-09,cell fusion c,cell fusion c,0
2025-06-09,cell fusion c,cell-fusion-c,0
2025-06-09,cell fusion c,cell.fusion.c,0
2025-06-09,cell fusion c,cell_fusion_c,0
2025-06-09,cell fusion c,cellfusionc,0
2025-06-09,centellian,centellian,0
2025-06-09,coolfase,coolfase,0
2025-06-09,cosrx,cosrx,5
2025-06-09,dalba,dalba,1
2025-06-09,goodal,goodal,0
2025-06-09,hi focus shot,hi focus shot,3
2025-06-09,hi focus shot,hi-focus-shot,0
2025-06-09,hi focus shot,hi.focus.shot,0
2025-06-09,hi focus shot,hi_focus_shot,0
2025-06-09,hi focus shot,hifocusshot,0
2025-06-09,history of whoo,history of whoo,0
2025-06-09,history of whoo,history-of-whoo,0
2025-06-09,history of whoo,history.of.whoo,0
2025-06-09,history of whoo,history_of_whoo,0
2025-06-09,history of whoo,historyofwhoo,0
2025-06-09,hwahae,hwahae,0
2025-06-09,innisfree,innisfree,4
2025-06-09,innotox,innotox,3
2025-06-09,iope,iope,0
2025-06-09,jeuveau,jeuveau,0
2025-06-09,jevegel,jevegel,0
2025-06-09,jolse,jolse,0
2025-06-09,juvelook,juvelook,0
2025-06-09,laneige,laneige,13
2025-06-09,letybo,letybo,0
2025-06-09,madeca,madeca,0
2025-06-09,mamonde,mamonde,0
2025-06-09,manyo,manyo,0
2025-06-09,medicube,medicube,3
2025-06-09,merzy,merzy,0
2025-06-09,mighty patch,mighty patch,0
2025-06-09,mighty patch,mighty-patch,0
2025-06-09,mighty patch,mighty.patch,0
2025-06-09,mighty patch,mighty_patch,0
2025-06-09,mighty patch,mightypatch,0
2025-06-09,missha,missha,2
2025-06-09,mixoon,mixoon,0
2025-06-09,nabota,nabota,1
2025-06-09,newlux,newlux,0
2025-06-09,numbuzin,numbuzin,3
2025-06-09,ohui,ohui,0
2025-06-09,oligio,oligio,0
2025-06-09,olive young,olive young,1
2025-06-09,olive young,olive-young,0
2025-06-09,olive young,olive.young,0
2025-06-09,olive young,olive_young,0
2025-06-09,olive young,oliveyoung,0
2025-06-09,peripera,peripera,1
2025-06-09,potenza,potenza,0
2025-06-09,real barrier,real barrier,1
2025-06-09,real barrier,real-barrier,0
2025-06-09,real barrier,real.barrier,0
2025-06-09,real barrier,real_barrier,0
2025-06-09,real barrier,realbarrier,0
2025-06-09,reedle shot,reedle shot,0
2025-06-09,reedle shot,reedle-shot,0
2025-06-09,reedle shot,reedle.shot,0
2025-06-09,reedle shot,reedle_shot,0
2025-06-09,reedle shot,reedleshot,0
2025-06-09,rejuran,rejuran,3
2025-06-09,rentox,rentox,0
2025-06-09,rom&nd,rom&nd,2
2025-06-09,rom&nd,romnd,0
2025-06-09,round lab,round lab,1
2025-06-09,round lab,round-lab,0
2025-06-09,round lab,round.lab,0
2025-06-09,round lab,round_lab,0
2025-06-09,round lab,roundlab,0
2025-06-09,shurink,shurink,0
2025-06-09,skin1004,skin1004,10
2025-06-09,stylekorean,stylekorean,0
2025-06-09,stylevana,stylevana,1
2025-06-09,sulwhasoo,sulwhasoo,4
2025-06-09,sylfirm,sylfirm,0
2025-06-09,the whoo,the whoo,0
2025-06-09,the whoo,the-whoo,0
2025-06-09,the whoo,the.whoo,0
2025-06-09,the whoo,the_whoo,0
2025-06-09,the whoo,thewhoo,0
2025-06-09,tirtir,tirtir,5
2025-06-09,tonymoly,tonymoly,0
2025-06-09,torriden,torriden,4
2025-06-09,ultraformer,ultraformer,0
2025-06-09,volnewmer,volnewmer,0
2025-06-09,wellage,wellage,0
2025-06-09,yesstyle,yesstyle,0
2025-06-10,a'pieu,a'pieu,0
2025-06-10,a'pieu,a-pieu,0
2025-06-10,a'pieu,a.pieu,0
2025-06-10,a'pieu,a_pieu,0
2025-06-10,a'pieu,ap,1
2025-06-10,a'pieu,apieu,0
2025-06-10,acropass,acropass,0
2025-06-10,age-r,age-r,0
2025-06-10,age-r,age.r,0
2025-06-10,age-r,age_r,0
2025-06-10,age-r,ager,0
2025-06-10,anua,anua,5
2025-06-10,atopalm,atopalm,0
2025-06-10,bbia,bbia,0
2025-06-10,be the skin,be the skin,7
2025-06-10,be the skin,be-the-skin,0
2025-06-10,be the skin,be.the.skin,0
2025-06-10,be the skin,be_the_skin,0
2025-06-10,be the skin,betheskin,0
2025-06-10,beauty of joseon,beauty of joseon,7
2025-06-10,beauty of joseon,beauty-of-joseon,0
2025-06-10,beauty of joseon,beauty.of.joseon,0
2025-06-10,beauty of joseon,beauty_of_joseon,0
2025-06-10,beauty of joseon,beautyofjoseon,0
2025-06-10,belif,belif,1
2025-06-10,biodance,biodance,1
2025-06-10,boncept,boncept,0
2025-06-10,booster pro,booster pro,0
2025-06-10,booster pro,booster-pro,0
2025-06-10,booster pro,booster.pro,0
2025-06-10,booster pro,booster_pro,0
2025-06-10,booster pro,boosterpro,0
2025-06-10,botulax,botulax,0
2025-06-10,cell fusion c,cell fusion c,0
2025-06-10,cell fusion c,cell-fusion-c,0
2025-06-10,cell fusion c,cell.fusion.c,0
2025-06-10,cell fusion c,cell_fusion_c,0
2025-06-10,cell fusion c,cellfusionc,0
2025-06-10,centellian,centellian,0
2025-06-10,coolfase,coolfase,0
2025-06-10,cosrx,cosrx,10
2025-06-10,dalba,dalba,0
2025-06-10,goodal,goodal,0
2025-06-10,hi focus shot,hi focus shot,2
2025-06-10,hi focus shot,hi-focus-shot,0
2025-06-10,hi focus shot,hi.focus.shot,0
2025-06-10,hi focus shot,hi_focus_shot,0
2025-06-10,hi focus shot,hifocusshot,0
2025-06-10,history of whoo,history of whoo,0
2025-06-10,history of whoo,history-of-whoo,0
2025-06-10,history of whoo,history.of.whoo,0
2025-06-10,history of whoo,history_of_whoo,0
2025-06-10,history of whoo,historyofwhoo,0
2025-06-10,hwahae,hwahae,0
2025-06-10,innisfree,innisfree,2
2025-06-10,innotox,innotox,5
2025-06-10,iope,iope,0
2025-06-10,jeuveau,jeuveau,0
2025-06-10,jevegel,jevegel,0
2025-06-10,jolse,jolse,0
2025-06-10,juvelook,juvelook,0
2025-06-10,laneige,laneige,7
2025-06-10,letybo,letybo,0
2025-06-10,madeca,madeca,0
2025-06-10,mamonde,mamonde,0
2025-06-10,manyo,manyo,2
2025-06-10,medicube,medicube,1
2025-06-10,merzy,merzy,0
2025-06-10,mighty patch,mighty patch,0
2025-06-10,mighty patch,mighty-patch,0
2025-06-10,mighty patch,mighty.patch,0
2025-06-10,mighty patch,mighty_patch,0
2025-06-10,mighty patch,mightypatch,0
2025-06-10,missha,missha,1
2025-06-10,mixoon,mixoon,0
2025-06-10,nabota,nabota,1
2025-06-10,newlux,newlux,0
2025-06-10,numbuzin,numbuzin,3
2025-06-10,ohui,ohui,0
2025-06-10,oligio,oligio,0
2025-06-10,olive young,olive young,9
2025-06-10,olive young,olive-young,0
2025-06-10,olive young,olive.young,0
2025-06-10,olive young,olive_young,0
2025-06-10,olive young,oliveyoung,0
2025-06-10,peripera,peripera,1
2025-06-10,potenza,potenza,0
2025-06-10,real barrier,real barrier,1
2025-06-10,real barrier,real-barrier,0
2025-06-10,real barrier,real.barrier,0
2025-06-10,real barrier,real_barrier,0
2025-06-10,real barrier,realbarrier,0
2025-06-10,reedle shot,reedle shot,1
2025-06-10,reedle shot,reedle-shot,0
2025-06-10,reedle shot,reedle.shot,0
2025-06-10,reedle shot,reedle_shot,0
2025-06-10,reedle shot,reedleshot,0
2025-06-10,rejuran,rejuran,1
2025-06-10,rentox,rentox,0
2025-06-10,rom&nd,rom&nd,2
2025-06-10,rom&nd,romnd,0
2025-06-10,round lab,round lab,7
2025-06-10,round lab,round-lab,0
2025-06-10,round lab,round.lab,0
2025-06-10,round lab,round_lab,0
2025-06-10,round lab,roundlab,0
2025-06-10,shurink,shurink,1
2025-06-10,skin1004,skin1004,7
2025-06-10,stylekorean,stylekorean,0
2025-06-10,stylevana,stylevana,1
2025-06-10,sulwhasoo,sulwhasoo,0
2025-06-10,sylfirm,sylfirm,0
2025-06-10,the whoo,the whoo,0
2025-06-10,the whoo,the-whoo,0
2025-06-10,the whoo,the.whoo,0
2025-06-10,the whoo,the_whoo,0
2025-06-10,the whoo,thewhoo,0
2025-06-10,tirtir,tirtir,4
2025-06-10,tonymoly,tonymoly,0
2025-06-10,torriden,torriden,2
2025-06-10,ultraformer,ultraformer,0
2025-06-10,volnewmer,volnewmer,0
2025-06-10,wellage,wellage,0
2025-06-10,yesstyle,yesstyle,3
2025-06-11,a'pieu,a'pieu,0
2025-06-11,a'pieu,a-pieu,0
2025-06-11,a'pieu,a.pieu,0
2025-06-11,a'pieu,a_pieu,0
2025-06-11,a'pieu,ap,0
2025-06-11,a'pieu,apieu,0
2025-06-11,acropass,acropass,0
2025-06-11,age-r,age-r,0
2025-06-11,age-r,age.r,0
2025-06-11,age-r,age_r,0
2025-06-11,age-r,ager,0
2025-06-11,anua,anua,7
2025-06-11,atopalm,atopalm,1
2025-06-11,bbia,bbia,1
2025-06-11,be the skin,be the skin,7
2025-06-11,be the skin,be-the-skin,0
2025-06-11,be the skin,be.the.skin,0
2025-06-11,be the skin,be_the_skin,0
2025-06-11,be the skin,betheskin,0
2025-06-11,beauty of joseon,beauty of joseon,5
2025-06-11,beauty of joseon,beauty-of-joseon,0
2025-06-11,beauty of joseon,beauty.of.joseon,0
2025-06-11,beauty of joseon,beauty_of_joseon,0
2025-06-11,beauty of joseon,beautyofjoseon,0
2025-06-11,belif,belif,0
2025-06-11,biodance,biodance,0
2025-06-11,boncept,boncept,0
2025-06-11,booster pro,booster pro,0
2025-06-11,booster pro,booster-pro,0
2025-06-11,booster pro,booster.pro,0
2025-06-11,booster pro,booster_pro,0
2025-06-11,booster pro,boosterpro,0
2025-06-11,botulax,botulax,0
2025-06-11,cell fusion c,cell fusion c,0
2025-06-11,cell fusion c,cell-fusion-c,0
2025-06-11,cell fusion c,cell.fusion.c,0
2025-06-11,cell fusion c,cell_fusion_c,0
2025-06-11,cell fusion c,cellfusionc,0
2025-06-11,centellian,centellian,0
2025-06-11,coolfase,coolfase,0
2025-06-11,cosrx,cosrx,1
2025-06-11,dalba,dalba,0
2025-06-11,goodal,goodal,0
2025-06-11,hi focus shot,hi focus shot,1
2025-06-11,hi focus shot,hi-focus-shot,0
2025-06-11,hi focus shot,hi.focus.shot,0
2025-06-11,hi focus shot,hi_focus_shot,0
2025-06-11,hi focus shot,hifocusshot,0
2025-06-11,history of whoo,history of whoo,0
2025-06-11,history of whoo,history-of-whoo,0
2025-06-11,history of whoo,history.of.whoo,0
2025-06-11,history of whoo,history_of_whoo,0
2025-06-11,history of whoo,historyofwhoo,0
2025-06-11,hwahae,hwahae,0
2025-06-11,innisfree,innisfree,3
2025-06-11,innotox,innotox,4
2025-06-11,iope,iope,0
2025-06-11,jeuveau,jeuveau,0
2025-06-11,jevegel,jevegel,0
2025-06-11,jolse,jolse,0
2025-06-11,juvelook,juvelook,0
2025-06-11,laneige,laneige,5
2025-06-11,letybo,letybo,0
2025-06-11,madeca,madeca,0
2025-06-11,mamonde,mamonde,0
2025-06-11,manyo,manyo,1
2025-06-11,medicube,medicube,0
2025-06-11,merzy,merzy,0
2025-06-11,mighty patch,mighty patch,0
2025-06-11,mighty patch,mighty-patch,0
2025-06-11,mighty patch,mighty.patch,0
2025-06-11,mighty patch,mighty_patch,0
2025-06-11,mighty patch,mightypatch,0
2025-06-11,missha,missha,2
2025-06-11,mixoon,mixoon,0
2025-06-11,nabota,nabota,0
2025-06-11,newlux,newlux,0
2025-06-11,numbuzin,numbuzin,2
2025-06-11,ohui,ohui,0
2025-06-11,oligio,oligio,0
2025-06-11,olive young,olive young,3
2025-06-11,olive young,olive-young,0
2025-06-11,olive young,olive.young,0
2025-06-11,olive young,olive_young,0
2025-06-11,olive young,oliveyoung,0
2025-06-11,peripera,peripera,3
2025-06-11,potenza,potenza,0
2025-06-11,real barrier,real barrier,0
2025-06-11,real barrier,real-barrier,0
2025-06-11,real barrier,real.barrier,0
2025-06-11,real barrier,real_barrier,0
2025-06-11,real barrier,realbarrier,0
2025-06-11,reedle shot,reedle shot,0
2025-06-11,reedle shot,reedle-shot,0
2025-06-11,reedle shot,reedle.shot,0
2025-06-11,reedle shot,reedle_shot,0
2025-06-11,reedle shot,reedleshot,0
2025-06-11,rejuran,rejuran,0
2025-06-11,rentox,rentox,0
2025-06-11,rom&nd,rom&nd,1
2025-06-11,rom&nd,romnd,0
2025-06-11,round lab,round lab,2
2025-06-11,round lab,round-lab,0
2025-06-11,round lab,round.lab,0
2025-06-11,round lab,round_lab,0
2025-06-11,round lab,roundlab,0
2025-06-11,shurink,shurink,0
2025-06-11,skin1004,skin1004,4
2025-06-11,stylekorean,stylekorean,0
2025-06-11,stylevana,stylevana,1
2025-06-11,sulwhasoo,sulwhasoo,1
2025-06-11,sylfirm,sylfirm,0
2025-06-11,the whoo,the whoo,0
2025-06-11,the whoo,the-whoo,0
2025-06-11,the whoo,the.whoo,0
2025-06-11,the whoo,the_whoo,0
2025-06-11,the whoo,thewhoo,0
2025-06-11,tirtir,tirtir,2
2025-06-11,tonymoly,tonymoly,2
2025-06-11,torriden,torriden,0
2025-06-11,ultraformer,ultraformer,0
2025-06-11,volnewmer,volnewmer,0
2025-06-11,wellage,wellage,0
2025-06-11,yesstyle,yesstyle,4
2025-06-12,a'pieu,a'pieu,0
2025-06-12,a'pieu,a-pieu,0
2025-06-12,a'pieu,a.pieu,0
2025-06-12,a'pieu,a_pieu,0
2025-06-12,a'pieu,ap,2
2025-06-12,a'pieu,apieu,0
2025-06-12,acropass,acropass,0
2025-06-12,age-r,age-r,1
2025-06-12,age-r,age.r,0
2025-06-12,age-r,age_r,0
2025-06-12,age-r,ager,0
2025-06-12,anua,anua,5
2025-06-12,atopalm,atopalm,0
2025-06-12,bbia,bbia,0
2025-06-12,be the skin,be the skin,15
2025-06-12,be the skin,be-the-skin,0
2025-06-12,be the skin,be.the.skin,0
2025-06-12,be the skin,be_the_skin,0
2025-06-12,be the skin,betheskin,0
2025-06-12,beauty of joseon,beauty of joseon,8
2025-06-12,beauty of joseon,beauty-of-joseon,0
2025-06-12,beauty of joseon,beauty.of.joseon,0
2025-06-12,beauty of joseon,beauty_of_joseon,0
2025-06-12,beauty of joseon,beautyofjoseon,0
2025-06-12,belif,belif,1
2025-06-12,biodance,biodance,0
2025-06-12,boncept,boncept,0
2025-06-12,booster pro,booster pro,0
2025-06-12,booster pro,booster-pro,0
2025-06-12,booster pro,booster.pro,0
2025-06-12,booster pro,booster_pro,0
2025-06-12,booster pro,boosterpro,0
2025-06-12,botulax,botulax,0
2025-06-12,cell fusion c,cell fusion c,0
2025-06-12,cell fusion c,cell-fusion-c,0
2025-06-12,cell fusion c,cell.fusion.c,0
2025-06-12,cell fusion c,cell_fusion_c,0
2025-06-12,cell fusion c,cellfusionc,0
2025-06-12,centellian,centellian,0
2025-06-12,coolfase,coolfase,0
2025-06-12,cosrx,cosrx,4
2025-06-12,dalba,dalba,2
2025-06-12,goodal,goodal,0
2025-06-12,hi focus shot,hi focus shot,2
2025-06-12,hi focus shot,hi-focus-shot,0
2025-06-12,hi focus shot,hi.focus.shot,0
2025-06-12,hi focus shot,hi_focus_shot,0
2025-06-12,hi focus shot,hifocusshot,0
2025-06-12,history of whoo,history of whoo,0
2025-06-12,history of whoo,history-of-whoo,0
2025-06-12,history of whoo,history.of.whoo,0
2025-06-12,history of whoo,history_of_whoo,0
2025-06-12,history of whoo,historyofwhoo,0
2025-06-12,hwahae,hwahae,0
2025-06-12,innisfree,innisfree,4
2025-06-12,innotox,innotox,0
2025-06-12,iope,iope,0
2025-06-12,jeuveau,jeuveau,0
2025-06-12,jevegel,jevegel,0
2025-06-12,jolse,jolse,0
2025-06-12,juvelook,juvelook,1
2025-06-12,laneige,laneige,5
2025-06-12,letybo,letybo,0
2025-06-12,madeca,madeca,0
2025-06-12,mamonde,mamonde,0
2025-06-12,manyo,manyo,0
2025-06-12,medicube,medicube,5
2025-06-12,merzy,merzy,0
2025-06-12,mighty patch,mighty patch,2
2025-06-12,mighty patch,mighty-patch,0
2025-06-12,mighty patch,mighty.patch,0
2025-06-12,mighty patch,mighty_patch,0
2025-06-12,mighty patch,mightypatch,0
2025-06-12,missha,missha,0
2025-06-12,mixoon,mixoon,0
2025-06-12,nabota,nabota,0
2025-06-12,newlux,newlux,0
2025-06-12,numbuzin,numbuzin,2
2025-06-12,ohui,ohui,0
2025-06-12,oligio,oligio,0
2025-06-12,olive young,olive young,0
2025-06-12,olive young,olive-young,0
2025-06-12,olive young,olive.young,0
2025-06-12,olive young,olive_young,0
2025-06-12,olive young,oliveyoung,0
2025-06-12,peripera,peripera,1
2025-06-12,potenza,potenza,0
2025-06-12,real barrier,real barrier,3
2025-06-12,real barrier,real-barrier,0
2025-06-12,real barrier,real.barrier,0
2025-06-12,real barrier,real_barrier,0
2025-06-12,real barrier,realbarrier,0
2025-06-12,reedle shot,reedle shot,0
2025-06-12,reedle shot,reedle-shot,0
2025-06-12,reedle shot,reedle.shot,0
2025-06-12,reedle shot,reedle_shot,0
2025-06-12,reedle shot,reedleshot,0
2025-06-12,rejuran,rejuran,2
2025-06-12,rentox,rentox,0
2025-06-12,rom&nd,rom&nd,3
2025-06-12,rom&nd,romnd,0
2025-06-12,round lab,round lab,1
2025-06-12,round lab,round-lab,0
2025-06-12,round lab,round.lab,0
2025-06-12,round lab,round_lab,0
2025-06-12,round lab,roundlab,0
2025-06-12,shurink,shurink,0
2025-06-12,skin1004,skin1004,4
2025-06-12,stylekorean,stylekorean,0
2025-06-12,stylevana,stylevana,3
2025-06-12,sulwhasoo,sulwhasoo,0
2025-06-12,sylfirm,sylfirm,0
2025-06-12,the whoo,the whoo,0
2025-06-12,the whoo,the-whoo,0
2025-06-12,the whoo,the.whoo,0
2025-06-12,the whoo,the_whoo,0
2025-06-12,the whoo,thewhoo,0
2025-06-12,tirtir,tirtir,4
2025-06-12,tonymoly,tonymoly,2
2025-06-12,torriden,torriden,1
2025-06-12,ultraformer,ultraformer,0
2025-06-12,volnewmer,volnewmer,0
2025-06-12,wellage,wellage,0
2025-06-12,yesstyle,yesstyle,3
2025-06-13,a'pieu,a'pieu,0
2025-06-13,a'pieu,a-pieu,0
2025-06-13,a'pieu,a.pieu,0
2025-06-13,a'pieu,a_pieu,0
2025-06-13,a'pieu,ap,0
2025-06-13,a'pieu,apieu,0
2025-06-13,acropass,acropass,0
2025-06-13,age-r,age-r,1
2025-06-13,age-r,age.r,0
2025-06-13,age-r,age_r,0
2025-06-13,age-r,ager,0
2025-06-13,anua,anua,6
2025-06-13,atopalm,atopalm,0
2025-06-13,bbia,bbia,0
2025-06-13,be the skin,be the skin,12
2025-06-13,be the skin,be-the-skin,0
2025-06-13,be the skin,be.the.skin,0
2025-06-13,be the skin,be_the_skin,0
2025-06-13,be the skin,betheskin,0
2025-06-13,beauty of joseon,beauty of joseon,2
2025-06-13,beauty of joseon,beauty-of-joseon,0
2025-06-13,beauty of joseon,beauty.of.joseon,0
2025-06-13,beauty of joseon,beauty_of_joseon,0
2025-06-13,beauty of joseon,beautyofjoseon,0
2025-06-13,belif,belif,1
2025-06-13,biodance,biodance,0
2025-06-13,boncept,boncept,0
2025-06-13,booster pro,booster pro,0
2025-06-13,booster pro,booster-pro,0
2025-06-13,booster pro,booster.pro,0
2025-06-13,booster pro,booster_pro,0
2025-06-13,booster pro,boosterpro,0
2025-06-13,botulax,botulax,0
2025-06-13,cell fusion c,cell fusion c,0
2025-06-13,cell fusion c,cell-fusion-c,0
2025-06-13,cell fusion c,cell.fusion.c,0
2025-06-13,cell fusion c,cell_fusion_c,0
2025-06-13,cell fusion c,cellfusionc,0
2025-06-13,centellian,centellian,0
2025-06-13,coolfase,coolfase,0
2025-06-13,cosrx,cosrx,2
2025-06-13,dalba,dalba,0
2025-06-13,goodal,goodal,1
2025-06-13,hi focus shot,hi focus shot,1
2025-06-13,hi focus shot,hi-focus-shot,0
2025-06-13,hi focus shot,hi.focus.shot,0
2025-06-13,hi focus shot,hi_focus_shot,0
2025-06-13,hi focus shot,hifocusshot,0
2025-06-13,history of whoo,history of whoo,0
2025-06-13,history of whoo,history-of-whoo,0
2025-06-13,history of whoo,history.of.whoo,0
2025-06-13,history of whoo,history_of_whoo,0
2025-06-13,history of whoo,historyofwhoo,0
2025-06-13,hwahae,hwahae,0
2025-06-13,innisfree,innisfree,3
2025-06-13,innotox,innotox,4
2025-06-13,iope,iope,1
2025-06-13,jeuveau,jeuveau,0
2025-06-13,jevegel,jevegel,0
2025-06-13,jolse,jolse,1
2025-06-13,juvelook,juvelook,0
2025-06-13,laneige,laneige,10
2025-06-13,letybo,letybo,0
2025-06-13,madeca,madeca,0
2025-06-13,mamonde,mamonde,1
2025-06-13,manyo,manyo,1
2025-06-13,medicube,medicube,3
2025-06-13,merzy,merzy,0
2025-06-13,mighty patch,mighty patch,0
2025-06-13,mighty patch,mighty-patch,0
2025-06-13,mighty patch,mighty.patch,0
2025-06-13,mighty patch,mighty_patch,0
2025-06-13,mighty patch,mightypatch,0
2025-06-13,missha,missha,1
2025-06-13,mixoon,mixoon,0
2025-06-13,nabota,nabota,0
2025-06-13,newlux,newlux,0
2025-06-13,numbuzin,numbuzin,0
2025-06-13,ohui,ohui,0
2025-06-13,oligio,oligio,0
2025-06-13,olive young,olive young,2
2025-06-13,olive young,olive-young,0
2025-06-13,olive young,olive.young,0
2025-06-13,olive young,olive_young,0
2025-06-13,olive young,oliveyoung,0
2025-06-13,peripera,peripera,2
2025-06-13,potenza,potenza,0
2025-06-13,real barrier,real barrier,0
2025-06-13,real barrier,real-barrier,0
2025-06-13,real barrier,real.barrier,0
2025-06-13,real barrier,real_barrier,0
2025-06-13,real barrier,realbarrier,0
2025-06-13,reedle shot,reedle shot,1
2025-06-13,reedle shot,reedle-shot,0
2025-06-13,reedle shot,reedle.shot,0
2025-06-13,reedle shot,reedle_shot,0
2025-06-13,reedle shot,reedleshot,0
2025-06-13,rejuran,rejuran,1
2025-06-13,rentox,rentox,0
2025-06-13,rom&nd,rom&nd,3
2025-06-13,rom&nd,romnd,0
2025-06-13,round lab,round lab,1
2025-06-13,round lab,round-lab,0
2025-06-13,round lab,round.lab,0
2025-06-13,round lab,round_lab,0
2025-06-13,round lab,roundlab,0
2025-06-13,shurink,shurink,0
2025-06-13,skin1004,skin1004,5
2025-06-13,stylekorean,stylekorean,0
2025-06-13,stylevana,stylevana,2
2025-06-13,sulwhasoo,sulwhasoo,0
2025-06-13,sylfirm,sylfirm,0
2025-06-13,the whoo,the whoo,0
2025-06-13,the whoo,the-whoo,0
2025-06-13,the whoo,the.whoo,0
2025-06-13,the whoo,the_whoo,0
2025-06-13,the whoo,thewhoo,0
2025-06-13,tirtir,tirtir,4
2025-06-13,tonymoly,tonymoly,1
2025-06-13,torriden,torriden,3
2025-06-13,ultraformer,ultraformer,0
2025-06-13,volnewmer,volnewmer,0
2025-06-13,wellage,wellage,0
2025-06-13,yesstyle,yesstyle,0
2025-06-14,a'pieu,a'pieu,1
2025-06-14,a'pieu,a-pieu,0
2025-06-14,a'pieu,a.pieu,0
2025-06-14,a'pieu,a_pieu,0
2025-06-14,a'pieu,ap,1
2025-06-14,a'pieu,apieu,0
2025-06-14,acropass,acropass,0
2025-06-14,age-r,age-r,1
2025-06-14,age-r,age.r,0
2025-06-14,age-r,age_r,0
2025-06-14,age-r,ager,0
2025-06-14,anua,anua,14
2025-06-14,atopalm,atopalm,0
2025-06-14,bbia,bbia,0
2025-06-14,be the skin,be the skin,13
2025-06-14,be the skin,be-the-skin,0
2025-06-14,be the skin,be.the.skin,0
2025-06-14,be the skin,be_the_skin,0
2025-06-14,be the skin,betheskin,0
2025-06-14,beauty of joseon,beauty of joseon,9
2025-06-14,beauty of joseon,beauty-of-joseon,0
2025-06-14,beauty of joseon,beauty.of.joseon,0
2025-06-14,beauty of joseon,beauty_of_joseon,0
2025-06-14,beauty of joseon,beautyofjoseon,1
2025-06-14,belif,belif,0
2025-06-14,biodance,biodance,1
2025-06-14,boncept,boncept,0
2025-06-14,booster pro,booster pro,1
2025-06-14,booster pro,booster-pro,0
2025-06-14,booster pro,booster.pro,0
2025-06-14,booster pro,booster_pro,0
2025-06-14,booster pro,boosterpro,0
2025-06-14,botulax,botulax,1
2025-06-14,cell fusion c,cell fusion c,0
2025-06-14,cell fusion c,cell-fusion-c,0
2025-06-14,cell fusion c,cell.fusion.c,0
2025-06-14,cell fusion c,cell_fusion_c,0
2025-06-14,cell fusion c,cellfusionc,0
2025-06-14,centellian,centellian,0
2025-06-14,coolfase,coolfase,0
2025-06-14,cosrx,cosrx,8
2025-06-14,dalba,dalba,0
2025-06-14,goodal,goodal,0
2025-06-14,hi focus shot,hi focus shot,3
2025-06-14,hi focus shot,hi-focus-shot,0
2025-06-14,hi focus shot,hi.focus.shot,0
2025-06-14,hi focus shot,hi_focus_shot,0
2025-06-14,hi focus shot,hifocusshot,0
2025-06-14,history of whoo,history of whoo,0
2025-06-14,history of whoo,history-of-whoo,0
2025-06-14,history of whoo,history.of.whoo,0
2025-06-14,history of whoo,history_of_whoo,0
2025-06-14,history of whoo,historyofwhoo,0
2025-06-14,hwahae,hwahae,0
2025-06-14,innisfree,innisfree,5
2025-06-14,innotox,innotox,2
2025-06-14,iope,iope,0
2025-06-14,jeuveau,jeuveau,0
2025-06-14,jevegel,jevegel,0
2025-06-14,jolse,jolse,0
2025-06-14,juvelook,juvelook,0
2025-06-14,laneige,laneige,6
2025-06-14,letybo,letybo,0
2025-06-14,madeca,madeca,0
2025-06-14,mamonde,mamonde,0
2025-06-14,manyo,manyo,2
2025-06-14,medicube,medicube,3
2025-06-14,merzy,merzy,0
2025-06-14,mighty patch,mighty patch,0
2025-06-14,mighty patch,mighty-patch,0
2025-06-14,mighty patch,mighty.patch,0
2025-06-14,mighty patch,mighty_patch,0
2025-06-14,mighty patch,mightypatch,0
2025-06-14,missha,missha,0
2025-06-14,mixoon,mixoon,0
2025-06-14,nabota,nabota,0
2025-06-14,newlux,newlux,0
2025-06-14,numbuzin,numbuzin,3
2025-06-14,ohui,ohui,0
2025-06-14,oligio,oligio,0
2025-06-14,olive young,olive young,2
2025-06-14,olive young,olive-young,0
2025-06-14,olive young,olive.young,0
2025-06-14,olive young,olive_young,0
2025-06-14,olive young,oliveyoung,0
2025-06-14,peripera,peripera,2
2025-06-14,potenza,potenza,0
2025-06-14,real barrier,real barrier,0
2025-06-14,real barrier,real-barrier,0
2025-06-14,real barrier,real.barrier,0
2025-06-14,real barrier,real_barrier,0
2025-06-14,real barrier,realbarrier,0
2025-06-14,reedle shot,reedle shot,0
2025-06-14,reedle shot,reedle-shot,0
2025-06-14,reedle shot,reedle.shot,0
2025-06-14,reedle shot,reedle_shot,0
2025-06-14,reedle shot,reedleshot,0
2025-06-14,rejuran,rejuran,5
2025-06-14,rentox,rentox,0
2025-06-14,rom&nd,rom&nd,2
2025-06-14,rom&nd,romnd,0
2025-06-14,round lab,round lab,4
2025-06-14,round lab,round-lab,0
2025-06-14,round lab,round.lab,0
2025-06-14,round lab,round_lab,0
2025-06-14,round lab,roundlab,0
2025-06-14,shurink,shurink,0
2025-06-14,skin1004,skin1004,3
2025-06-14,stylekorean,stylekorean,0
2025-06-14,stylevana,stylevana,0
2025-06-14,sulwhasoo,sulwhasoo,1
2025-06-14,sylfirm,sylfirm,0
2025-06-14,the whoo,the whoo,0
2025-06-14,the whoo,the-whoo,0
2025-06-14,the whoo,the.whoo,0
2025-06-14,the whoo,the_whoo,0
2025-06-14,the whoo,thewhoo,0
2025-06-14,tirtir,tirtir,6
2025-06-14,tonymoly,tonymoly,1
2025-06-14,torriden,torriden,1
2025-06-14,ultraformer,ultraformer,0
2025-06-14,volnewmer,volnewmer,0
2025-06-14,wellage,wellage,0
2025-06-14,yesstyle,yesstyle,3
2025-06-15,a'pieu,a'pieu,0
2025-06-15,a'pieu,a-pieu,0
2025-06-15,a'pieu,a.pieu,0
2025-06-15,a'pieu,a_pieu,0
2025-06-15,a'pieu,ap,0
2025-06-15,a'pieu,apieu,0
2025-06-15,acropass,acropass,0
2025-06-15,age-r,age-r,2
2025-06-15,age-r,age.r,0
2025-06-15,age-r,age_r,0
2025-06-15,age-r,ager,0
2025-06-15,anua,anua,5
2025-06-15,atopalm,atopalm,0
2025-06-15,bbia,bbia,0
2025-06-15,be the skin,be the skin,6
2025-06-15,be the skin,be-the-skin,0
2025-06-15,be the skin,be.the.skin,0
2025-06-15,be the skin,be_the_skin,0
2025-06-15,be the skin,betheskin,0
2025-06-15,beauty of joseon,beauty of joseon,9
2025-06-15,beauty of joseon,beauty-of-joseon,0
2025-06-15,beauty of joseon,beauty.of.joseon,0
2025-06-15,beauty of joseon,beauty_of_joseon,0
2025-06-15,beauty of joseon,beautyofjoseon,0
2025-06-15,belif,belif,0
2025-06-15,biodance,biodance,0
2025-06-15,boncept,boncept,0
2025-06-15,booster pro,booster pro,2
2025-06-15,booster pro,booster-pro,0
2025-06-15,booster pro,booster.pro,0
2025-06-15,booster pro,booster_pro,0
2025-06-15,booster pro,boosterpro,0
2025-06-15,botulax,botulax,0
2025-06-15,cell fusion c,cell fusion c,0
2025-06-15,cell fusion c,cell-fusion-c,0
2025-06-15,cell fusion c,cell.fusion.c,0
2025-06-15,cell fusion c,cell_fusion_c,0
2025-06-15,cell fusion c,cellfusionc,0
2025-06-15,centellian,centellian,0
2025-06-15,coolfase,coolfase,0
2025-06-15,cosrx,cosrx,9
2025-06-15,dalba,dalba,0
2025-06-15,goodal,goodal,3
2025-06-15,hi focus shot,hi focus shot,0
2025-06-15,hi focus shot,hi-focus-shot,0
2025-06-15,hi focus shot,hi.focus.shot,0
2025-06-15,hi focus shot,hi_focus_shot,0
2025-06-15,hi focus shot,hifocusshot,0
2025-06-15,history of whoo,history of whoo,0
2025-06-15,history of whoo,history-of-whoo,0
2025-06-15,history of whoo,history.of.whoo,0
2025-06-15,history of whoo,history_of_whoo,0
2025-06-15,history of whoo,historyofwhoo,0
2025-06-15,hwahae,hwahae,0
2025-06-15,innisfree,innisfree,5
2025-06-15,innotox,innotox,1
2025-06-15,iope,iope,0
2025-06-15,jeuveau,jeuveau,0
2025-06-15,jevegel,jevegel,0
2025-06-15,jolse,jolse,0
2025-06-15,juvelook,juvelook,1
2025-06-15,laneige,laneige,12
2025-06-15,letybo,letybo,0
2025-06-15,madeca,madeca,0
2025-06-15,mamonde,mamonde,0
2025-06-15,manyo,manyo,0
2025-06-15,medicube,medicube,3
2025-06-15,merzy,merzy,0
2025-06-15,mighty patch,mighty patch,0
2025-06-15,mighty patch,mighty-patch,0
2025-06-15,mighty patch,mighty.patch,0
2025-06-15,mighty patch,mighty_patch,0
2025-06-15,mighty patch,mightypatch,0
2025-06-15,missha,missha,0
2025-06-15,mixoon,mixoon,0
2025-06-15,nabota,nabota,0
2025-06-15,newlux,newlux,0
2025-06-15,numbuzin,numbuzin,2
2025-06-15,ohui,ohui,0
2025-06-15,oligio,oligio,0
2025-06-15,olive young,olive young,4
2025-06-15,olive young,olive-young,0
2025-06-15,olive young,olive.young,0
2025-06-15,olive young,olive_young,0
2025-06-15,olive young,oliveyoung,0
2025-06-15,peripera,peripera,0
2025-06-15,potenza,potenza,0
2025-06-15,real barrier,real barrier,4
2025-06-15,real barrier,real-barrier,0
2025-06-15,real barrier,real.barrier,0
2025-06-15,real barrier,real_barrier,0
2025-06-15,real barrier,realbarrier,0
2025-06-15,reedle shot,reedle shot,0
2025-06-15,reedle shot,reedle-shot,0
2025-06-15,reedle shot,reedle.shot,0
2025-06-15,reedle shot,reedle_shot,0
2025-06-15,reedle shot,reedleshot,0
2025-06-15,rejuran,rejuran,2
2025-06-15,rentox,rentox,0
2025-06-15,rom&nd,rom&nd,1
2025-06-15,rom&nd,romnd,0
2025-06-15,round lab,round lab,3
2025-06-15,round lab,round-lab,0
2025-06-15,round lab,round.lab,0
2025-06-15,round lab,round_lab,0
2025-06-15,round lab,roundlab,1
2025-06-15,shurink,shurink,0
2025-06-15,skin1004,skin1004,10
2025-06-15,stylekorean,stylekorean,0
2025-06-15,stylevana,stylevana,2
2025-06-15,sulwhasoo,sulwhasoo,1
2025-06-15,sylfirm,sylfirm,0
2025-06-15,the whoo,the whoo,0
2025-06-15,the whoo,the-whoo,0
2025-06-15,the whoo,the.whoo,0
2025-06-15,the whoo,the_whoo,0
2025-06-15,the whoo,thewhoo,0
2025-06-15,tirtir,tirtir,1
2025-06-15,tonymoly,tonymoly,0
2025-06-15,torriden,torriden,1
2025-06-15,ultraformer,ultraformer,0
2025-06-15,volnewmer,volnewmer,0
2025-06-15,wellage,wellage,0
2025-06-15,yesstyle,yesstyle,1
2025-06-16,a'pieu,a'pieu,1
2025-06-16,a'pieu,a-pieu,0
2025-06-16,a'pieu,a.pieu,0
2025-06-16,a'pieu,a_pieu,0
2025-06-16,a'pieu,ap,1
2025-06-16,a'pieu,apieu,0
2025-06-16,acropass,acropass,0
2025-06-16,age-r,age-r,0
2025-06-16,age-r,age.r,0
2025-06-16,age-r,age_r,0
2025-06-16,age-r,ager,0
2025-06-16,anua,anua,4
2025-06-16,atopalm,atopalm,0
2025-06-16,bbia,bbia,0
2025-06-16,be the skin,be the skin,12
2025-06-16,be the skin,be-the-skin,0
2025-06-16,be the skin,be.the.skin,0
2025-06-16,be the skin,be_the_skin,0
2025-06-16,be the skin,betheskin,0
2025-06-16,beauty of joseon,beauty of joseon,6
2025-06-16,beauty of joseon,beauty-of-joseon,0
2025-06-16,beauty of joseon,beauty.of.joseon,0
2025-06-16,beauty of joseon,beauty_of_joseon,0
2025-06-16,beauty of joseon,beautyofjoseon,0
2025-06-16,belif,belif,0
2025-06-16,biodance,biodance,1
2025-06-16,boncept,boncept,0
2025-06-16,booster pro,booster pro,0
2025-06-16,booster pro,booster-pro,0
2025-06-16,booster pro,booster.pro,0
2025-06-16,booster pro,booster_pro,0
2025-06-16,booster pro,boosterpro,0
2025-06-16,botulax,botulax,0
2025-06-16,cell fusion c,cell fusion c,0
2025-06-16,cell fusion c,cell-fusion-c,0
2025-06-16,cell fusion c,cell.fusion.c,0
2025-06-16,cell fusion c,cell_fusion_c,0
2025-06-16,cell fusion c,cellfusionc,0
2025-06-16,centellian,centellian,1
2025-06-16,coolfase,coolfase,0
2025-06-16,cosrx,cosrx,13
2025-06-16,dalba,dalba,1
2025-06-16,goodal,goodal,0
2025-06-16,hi focus shot,hi focus shot,0
2025-06-16,hi focus shot,hi-focus-shot,0
2025-06-16,hi focus shot,hi.focus.shot,0
2025-06-16,hi focus shot,hi_focus_shot,0
2025-06-16,hi focus shot,hifocusshot,0
2025-06-16,history of whoo,history of whoo,0
2025-06-16,history of whoo,history-of-whoo,0
2025-06-16,history of whoo,history.of.whoo,0
2025-06-16,history of whoo,history_of_whoo,0
2025-06-16,history of whoo,historyofwhoo,0
2025-06-16,hwahae,hwahae,0
2025-06-16,innisfree,innisfree,2
2025-06-16,innotox,innotox,2
2025-06-16,iope,iope,1
2025-06-16,jeuveau,jeuveau,0
2025-06-16,jevegel,jevegel,0
2025-06-16,jolse,jolse,0
2025-06-16,juvelook,juvelook,0
2025-06-16,laneige,laneige,9
2025-06-16,letybo,letybo,0
2025-06-16,madeca,madeca,1
2025-06-16,mamonde,mamonde,0
2025-06-16,manyo,manyo,4
2025-06-16,medicube,medicube,0
2025-06-16,merzy,merzy,0
2025-06-16,mighty patch,mighty patch,1
2025-06-16,mighty patch,mighty-patch,0
2025-06-16,mighty patch,mighty.patch,0
2025-06-16,mighty patch,mighty_patch,0
2025-06-16,mighty patch,mightypatch,0
2025-06-16,missha,missha,1
2025-06-16,mixoon,mixoon,0
2025-06-16,nabota,nabota,0
2025-06-16,newlux,newlux,0
2025-06-16,numbuzin,numbuzin,1
2025-06-16,ohui,ohui,0
2025-06-16,oligio,oligio,0
2025-06-16,olive young,olive young,3
2025-06-16,olive young,olive-young,0
2025-06-16,olive young,olive.young,0
2025-06-16,olive young,olive_young,0
2025-06-16,olive young,oliveyoung,1
2025-06-16,peripera,peripera,4
2025-06-16,potenza,potenza,0
2025-06-16,real barrier,real barrier,1
2025-06-16,real barrier,real-barrier,0
2025-06-16,real barrier,real.barrier,0
2025-06-16,real barrier,real_barrier,0
2025-06-16,real barrier,realbarrier,0
2025-06-16,reedle shot,reedle shot,0
2025-06-16,reedle shot,reedle-shot,0
2025-06-16,reedle shot,reedle.shot,0
2025-06-16,reedle shot,reedle_shot,0
2025-06-16,reedle shot,reedleshot,0
2025-06-16,rejuran,rejuran,2
2025-06-16,rentox,rentox,0
2025-06-16,rom&nd,rom&nd,2
2025-06-16,rom&nd,romnd,0
2025-06-16,round lab,round lab,3
2025-06-16,round lab,round-lab,0
2025-06-16,round lab,round.lab,0
2025-06-16,round lab,round_lab,0
2025-06-16,round lab,roundlab,1
2025-06-16,shurink,shurink,0
2025-06-16,skin1004,skin1004,5
2025-06-16,stylekorean,stylekorean,0
2025-06-16,stylevana,stylevana,2
2025-06-16,sulwhasoo,sulwhasoo,0
2025-06-16,sylfirm,sylfirm,0
2025-06-16,the whoo,the whoo,0
2025-06-16,the whoo,the-whoo,0
2025-06-16,the whoo,the.whoo,0
2025-06-16,the whoo,the_whoo,0
2025-06-16,the whoo,thewhoo,0
2025-06-16,tirtir,tirtir,1
2025-06-16,tonymoly,tonymoly,0
2025-06-16,torriden,torriden,1
2025-06-16,ultraformer,ultraformer,0
2025-06-16,volnewmer,volnewmer,0
2025-06-16,wellage,wellage,0
2025-06-16,yesstyle,yesstyle,3
2025-06-17,a'pieu,a'pieu,0
2025-06-17,a'pieu,a-pieu,0
2025-06-17,a'pieu,a.pieu,0
2025-06-17,a'pieu,a_pieu,0
2025-06-17,a'pieu,ap,0
2025-06-17,a'pieu,apieu,0
2025-06-17,acropass,acropass,0
2025-06-17,age-r,age-r,0
2025-06-17,age-r,age.r,0
2025-06-17,age-r,age_r,0
2025-06-17,age-r,ager,0
2025-06-17,anua,anua,5
2025-06-17,atopalm,atopalm,0
2025-06-17,bbia,bbia,0
2025-06-17,be the skin,be the skin,14
2025-06-17,be the skin,be-the-skin,0
2025-06-17,be the skin,be.the.skin,0
2025-06-17,be the skin,be_the_skin,0
2025-06-17,be the skin,betheskin,0
2025-06-17,beauty of joseon,beauty of joseon,4
2025-06-17,beauty of joseon,beauty-of-joseon,0
2025-06-17,beauty of joseon,beauty.of.joseon,0
2025-06-17,beauty of joseon,beauty_of_joseon,0
2025-06-17,beauty of joseon,beautyofjoseon,0
2025-06-17,belif,belif,0
2025-06-17,biodance,biodance,1
2025-06-17,boncept,boncept,0
2025-06-17,booster pro,booster pro,0
2025-06-17,booster pro,booster-pro,0
2025-06-17,booster pro,booster.pro,0
2025-06-17,booster pro,booster_pro,0
2025-06-17,booster pro,boosterpro,0
2025-06-17,botulax,botulax,0
2025-06-17,cell fusion c,cell fusion c,0
2025-06-17,cell fusion c,cell-fusion-c,0
2025-06-17,cell fusion c,cell.fusion.c,0
2025-06-17,cell fusion c,cell_fusion_c,0
2025-06-17,cell fusion c,cellfusionc,0
2025-06-17,centellian,centellian,0
2025-06-17,coolfase,coolfase,0
2025-06-17,cosrx,cosrx,7
2025-06-17,dalba,dalba,0
2025-06-17,goodal,goodal,1
2025-06-17,hi focus shot,hi focus shot,1
2025-06-17,hi focus shot,hi-focus-shot,0
2025-06-17,hi focus shot,hi.focus.shot,0
2025-06-17,hi focus shot,hi_focus_shot,0
2025-06-17,hi focus shot,hifocusshot,0
2025-06-17,history of whoo,history of whoo,0
2025-06-17,history of whoo,history-of-whoo,0
2025-06-17,history of whoo,history.of.whoo,0
2025-06-17,history of whoo,history_of_whoo,0
2025-06-17,history of whoo,historyofwhoo,0
2025-06-17,hwahae,hwahae,0
2025-06-17,innisfree,innisfree,6
2025-06-17,innotox,innotox,3
2025-06-17,iope,iope,0
2025-06-17,jeuveau,jeuveau,0
2025-06-17,jevegel,jevegel,0
2025-06-17,jolse,jolse,0
2025-06-17,juvelook,juvelook,0
2025-06-17,laneige,laneige,8
2025-06-17,letybo,letybo,0
2025-06-17,madeca,madeca,0
2025-06-17,mamonde,mamonde,0
2025-06-17,manyo,manyo,0
2025-06-17,medicube,medicube,2
2025-06-17,merzy,merzy,0
2025-06-17,mighty patch,mighty patch,0
2025-06-17,mighty patch,mighty-patch,0
2025-06-17,mighty patch,mighty.patch,0
2025-06-17,mighty patch,mighty_patch,0
2025-06-17,mighty patch,mightypatch,0
2025-06-17,missha,missha,0
2025-06-17,mixoon,mixoon,0
2025-06-17,nabota,nabota,0
2025-06-17,newlux,newlux,0
2025-06-17,numbuzin,numbuzin,1
2025-06-17,ohui,ohui,0
2025-06-17,oligio,oligio,0
2025-06-17,olive young,olive young,6
2025-06-17,olive young,olive-young,0
2025-06-17,olive young,olive.young,0
2025-06-17,olive young,olive_young,0
2025-06-17,olive young,oliveyoung,0
2025-06-17,peripera,peripera,2
2025-06-17,potenza,potenza,0
2025-06-17,real barrier,real barrier,3
2025-06-17,real barrier,real-barrier,0
2025-06-17,real barrier,real.barrier,0
2025-06-17,real barrier,real_barrier,0
2025-06-17,real barrier,realbarrier,0
2025-06-17,reedle shot,reedle shot,1
2025-06-17,reedle shot,reedle-shot,0
2025-06-17,reedle shot,reedle.shot,0
2025-06-17,reedle shot,reedle_shot,0
2025-06-17,reedle shot,reedleshot,0
2025-06-17,rejuran,rejuran,0
2025-06-17,rentox,rentox,0
2025-06-17,rom&nd,rom&nd,2
2025-06-17,rom&nd,romnd,0
2025-06-17,round lab,round lab,2
2025-06-17,round lab,round-lab,0
2025-06-17,round lab,round.lab,0
2025-06-17,round lab,round_lab,0
2025-06-17,round lab,roundlab,1
2025-06-17,shurink,shurink,0
2025-06-17,skin1004,skin1004,4
2025-06-17,stylekorean,stylekorean,0
2025-06-17,stylevana,stylevana,0
2025-06-17,sulwhasoo,sulwhasoo,0
2025-06-17,sylfirm,sylfirm,0
2025-06-17,the whoo,the whoo,0
2025-06-17,the whoo,the-whoo,0
2025-06-17,the whoo,the.whoo,0
2025-06-17,the whoo,the_whoo,0
2025-06-17,the whoo,thewhoo,0
2025-06-17,tirtir,tirtir,2
2025-06-17,tonymoly,tonymoly,2
2025-06-17,torriden,torriden,1
2025-06-17,ultraformer,ultraformer,0
2025-06-17,volnewmer,volnewmer,0
2025-06-17,wellage,wellage,0
2025-06-17,yesstyle,yesstyle,2
2025-06-18,a'pieu,a'pieu,0
2025-06-18,a'pieu,a-pieu,0
2025-06-18,a'pieu,a.pieu,0
2025-06-18,a'pieu,a_pieu,0
2025-06-18,a'pieu,ap,0
2025-06-18,a'pieu,apieu,0
2025-06-18,acropass,acropass,0
2025-06-18,age-r,age-r,1
2025-06-18,age-r,age.r,0
2025-06-18,age-r,age_r,0
2025-06-18,age-r,ager,0
2025-06-18,anua,anua,4
2025-06-18,atopalm,atopalm,0
2025-06-18,bbia,bbia,0
2025-06-18,be the skin,be the skin,6
2025-06-18,be the skin,be-the-skin,0
2025-06-18,be the skin,be.the.skin,0
2025-06-18,be the skin,be_the_skin,0
2025-06-18,be the skin,betheskin,0
2025-06-18,beauty of joseon,beauty of joseon,7
2025-06-18,beauty of joseon,beauty-of-joseon,0
2025-06-18,beauty of joseon,beauty.of.joseon,0
2025-06-18,beauty of joseon,beauty_of_joseon,0
2025-06-18,beauty of joseon,beautyofjoseon,0
2025-06-18,belif,belif,1
2025-06-18,biodance,biodance,1
2025-06-18,boncept,boncept,0
2025-06-18,booster pro,booster pro,0
2025-06-18,booster pro,booster-pro,0
2025-06-18,booster pro,booster.pro,0
2025-06-18,booster pro,booster_pro,0
2025-06-18,booster pro,boosterpro,0
2025-06-18,botulax,botulax,0
2025-06-18,cell fusion c,cell fusion c,1
2025-06-18,cell fusion c,cell-fusion-c,0
2025-06-18,cell fusion c,cell.fusion.c,0
2025-06-18,cell fusion c,cell_fusion_c,0
2025-06-18,cell fusion c,cellfusionc,0
2025-06-18,centellian,centellian,0
2025-06-18,coolfase,coolfase,0
2025-06-18,cosrx,cosrx,11
2025-06-18,dalba,dalba,0
2025-06-18,goodal,goodal,1
2025-06-18,hi focus shot,hi focus shot,0
2025-06-18,hi focus shot,hi-focus-shot,0
2025-06-18,hi focus shot,hi.focus.shot,0
2025-06-18,hi focus shot,hi_focus_shot,0
2025-06-18,hi focus shot,hifocusshot,0
2025-06-18,history of whoo,history of whoo,0
2025-06-18,history of whoo,history-of-whoo,0
2025-06-18,history of whoo,history.of.whoo,0
2025-06-18,history of whoo,history_of_whoo,0
2025-06-18,history of whoo,historyofwhoo,0
2025-06-18,hwahae,hwahae,0
2025-06-18,innisfree,innisfree,4
2025-06-18,innotox,innotox,2
2025-06-18,iope,iope,0
2025-06-18,jeuveau,jeuveau,0
2025-06-18,jevegel,jevegel,0
2025-06-18,jolse,jolse,0
2025-06-18,juvelook,juvelook,0
2025-06-18,laneige,laneige,1
2025-06-18,letybo,letybo,0
2025-06-18,madeca,madeca,0
2025-06-18,mamonde,mamonde,0
2025-06-18,manyo,manyo,0
2025-06-18,medicube,medicube,0
2025-06-18,merzy,merzy,0
2025-06-18,mighty patch,mighty patch,1
2025-06-18,mighty patch,mighty-patch,0
2025-06-18,mighty patch,mighty.patch,0
2025-06-18,mighty patch,mighty_patch,0
2025-06-18,mighty patch,mightypatch,0
2025-06-18,missha,missha,1
2025-06-18,mixoon,mixoon,0
2025-06-18,nabota,nabota,0
2025-06-18,newlux,newlux,0
2025-06-18,numbuzin,numbuzin,2
2025-06-18,ohui,ohui,0
2025-06-18,oligio,oligio,0
2025-06-18,olive young,olive young,0
2025-06-18,olive young,olive-young,0
2025-06-18,olive young,olive.young,0
2025-06-18,olive young,olive_young,0
2025-06-18,olive young,oliveyoung,0
2025-06-18,peripera,peripera,2
2025-06-18,potenza,potenza,0
2025-06-18,real barrier,real barrier,1
2025-06-18,real barrier,real-barrier,0
2025-06-18,real barrier,real.barrier,0
2025-06-18,real barrier,real_barrier,0
2025-06-18,real barrier,realbarrier,0
2025-06-18,reedle shot,reedle shot,1
2025-06-18,reedle shot,reedle-shot,0
2025-06-18,reedle shot,reedle.shot,0
2025-06-18,reedle shot,reedle_shot,0
2025-06-18,reedle shot,reedleshot,0
2025-06-18,rejuran,rejuran,3
2025-06-18,rentox,rentox,0
2025-06-18,rom&nd,rom&nd,2
2025-06-18,rom&nd,romnd,0
2025-06-18,round lab,round lab,0
2025-06-18,round lab,round-lab,0
2025-06-18,round lab,round.lab,0
2025-06-18,round lab,round_lab,0
2025-06-18,round lab,roundlab,0
2025-06-18,shurink,shurink,0
2025-06-18,skin1004,skin1004,10
2025-06-18,stylekorean,stylekorean,0
2025-06-18,stylevana,stylevana,0
2025-06-18,sulwhasoo,sulwhasoo,1
2025-06-18,sylfirm,sylfirm,0
2025-06-18,the whoo,the whoo,0
2025-06-18,the whoo,the-whoo,0
2025-06-18,the whoo,the.whoo,0
2025-06-18,the whoo,the_whoo,0
2025-06-18,the whoo,thewhoo,0
2025-06-18,tirtir,tirtir,1
2025-06-18,tonymoly,tonymoly,2
2025-06-18,torriden,torriden,2
2025-06-18,ultraformer,ultraformer,0
2025-06-18,volnewmer,volnewmer,0
2025-06-18,wellage,wellage,0
2025-06-18,yesstyle,yesstyle,0
2025-06-19,a'pieu,a'pieu,0
2025-06-19,a'pieu,a-pieu,0
2025-06-19,a'pieu,a.pieu,0
2025-06-19,a'pieu,a_pieu,0
2025-06-19,a'pieu,ap,0
2025-06-19,a'pieu,apieu,0
2025-06-19,acropass,acropass,0
2025-06-19,age-r,age-r,0
2025-06-19,age-r,age.r,0
2025-06-19,age-r,age_r,0
2025-06-19,age-r,ager,0
2025-06-19,anua,anua,6
2025-06-19,atopalm,atopalm,0
2025-06-19,bbia,bbia,0
2025-06-19,be the skin,be the skin,5
2025-06-19,be the skin,be-the-skin,0
2025-06-19,be the skin,be.the.skin,0
2025-06-19,be the skin,be_the_skin,0
2025-06-19,be the skin,betheskin,0
2025-06-19,beauty of joseon,beauty of joseon,13
2025-06-19,beauty of joseon,beauty-of-joseon,0
2025-06-19,beauty of joseon,beauty.of.joseon,0
2025-06-19,beauty of joseon,beauty_of_joseon,0
2025-06-19,beauty of joseon,beautyofjoseon,0
2025-06-19,belif,belif,0
2025-06-19,biodance,biodance,1
2025-06-19,boncept,boncept,0
2025-06-19,booster pro,booster pro,1
2025-06-19,booster pro,booster-pro,0
2025-06-19,booster pro,booster.pro,0
2025-06-19,booster pro,booster_pro,0
2025-06-19,booster pro,boosterpro,0
2025-06-19,botulax,botulax,0
2025-06-19,cell fusion c,cell fusion c,0
2025-06-19,cell fusion c,cell-fusion-c,0
2025-06-19,cell fusion c,cell.fusion.c,0
2025-06-19,cell fusion c,cell_fusion_c,0
2025-06-19,cell fusion c,cellfusionc,0
2025-06-19,centellian,centellian,0
2025-06-19,coolfase,coolfase,0
2025-06-19,cosrx,cosrx,4
2025-06-19,dalba,dalba,0
2025-06-19,goodal,goodal,0
2025-06-19,hi focus shot,hi focus shot,1
2025-06-19,hi focus shot,hi-focus-shot,0
2025-06-19,hi focus shot,hi.focus.shot,0
2025-06-19,hi focus shot,hi_focus_shot,0
2025-06-19,hi focus shot,hifocusshot,0
2025-06-19,history of whoo,history of whoo,0
2025-06-19,history of whoo,history-of-whoo,0
2025-06-19,history of whoo,history.of.whoo,0
2025-06-19,history of whoo,history_of_whoo,0
2025-06-19,history of whoo,historyofwhoo,0
2025-06-19,hwahae,hwahae,0
2025-06-19,innisfree,innisfree,4
2025-06-19,innotox,innotox,3
2025-06-19,iope,iope,0
2025-06-19,jeuveau,jeuveau,0
2025-06-19,jevegel,jevegel,0
2025-06-19,jolse,jolse,1
2025-06-19,juvelook,juvelook,0
2025-06-19,laneige,laneige,5
2025-06-19,letybo,letybo,0
2025-06-19,madeca,madeca,0
2025-06-19,mamonde,mamonde,0
2025-06-19,manyo,manyo,0
2025-06-19,medicube,medicube,0
2025-06-19,merzy,merzy,0
2025-06-19,mighty patch,mighty patch,0
2025-06-19,mighty patch,mighty-patch,0
2025-06-19,mighty patch,mighty.patch,0
2025-06-19,mighty patch,mighty_patch,0
2025-06-19,mighty patch,mightypatch,0
2025-06-19,missha,missha,1
2025-06-19,mixoon,mixoon,0
2025-06-19,nabota,nabota,1
2025-06-19,newlux,newlux,0
2025-06-19,numbuzin,numbuzin,5
2025-06-19,ohui,ohui,0
2025-06-19,oligio,oligio,0
2025-06-19,olive young,olive young,4
2025-06-19,olive young,olive-young,0
2025-06-19,olive young,olive.young,0
2025-06-19,olive young,olive_young,0
2025-06-19,olive young,oliveyoung,0
2025-06-19,peripera,peripera,1
2025-06-19,potenza,potenza,1
2025-06-19,real barrier,real barrier,0
2025-06-19,real barrier,real-barrier,0
2025-06-19,real barrier,real.barrier,0
2025-06-19,real barrier,real_barrier,0
2025-06-19,real barrier,realbarrier,0
2025-06-19,reedle shot,reedle shot,0
2025-06-19,reedle shot,reedle-shot,0
2025-06-19,reedle shot,reedle.shot,0
2025-06-19,reedle shot,reedle_shot,0
2025-06-19,reedle shot,reedleshot,0
2025-06-19,rejuran,rejuran,0
2025-06-19,rentox,rentox,0
2025-06-19,rom&nd,rom&nd,1
2025-06-19,rom&nd,romnd,0
2025-06-19,round lab,round lab,1
2025-06-19,round lab,round-lab,0
2025-06-19,round lab,round.lab,0
2025-06-19,round lab,round_lab,0
2025-06-19,round lab,roundlab,0
2025-06-19,shurink,shurink,0
2025-06-19,skin1004,skin1004,3
2025-06-19,stylekorean,stylekorean,0
2025-06-19,stylevana,stylevana,0
2025-06-19,sulwhasoo,sulwhasoo,1
2025-06-19,sylfirm,sylfirm,0
2025-06-19,the whoo,the whoo,0
2025-06-19,the whoo,the-whoo,0
2025-06-19,the whoo,the.whoo,0
2025-06-19,the whoo,the_whoo,0
2025-06-19,the whoo,thewhoo,0
2025-06-19,tirtir,tirtir,1
2025-06-19,tonymoly,tonymoly,0
2025-06-19,torriden,torriden,0
2025-06-19,ultraformer,ultraformer,0
2025-06-19,volnewmer,volnewmer,0
2025-06-19,wellage,wellage,0
2025-06-19,yesstyle,yesstyle,3
2025-06-20,a'pieu,a'pieu,0
2025-06-20,a'pieu,a-pieu,0
2025-06-20,a'pieu,a.pieu,0
2025-06-20,a'pieu,a_pieu,0
2025-06-20,a'pieu,ap,1
2025-06-20,a'pieu,apieu,0
2025-06-20,acropass,acropass,0
2025-06-20,age-r,age-r,0
2025-06-20,age-r,age.r,0
2025-06-20,age-r,age_r,0
2025-06-20,age-r,ager,0
2025-06-20,anua,anua,5
2025-06-20,atopalm,atopalm,0
2025-06-20,bbia,bbia,0
2025-06-20,be the skin,be the skin,7
2025-06-20,be the skin,be-the-skin,0
2025-06-20,be the skin,be.the.skin,0
2025-06-20,be the skin,be_the_skin,0
2025-06-20,be the skin,betheskin,0
2025-06-20,beauty of joseon,beauty of joseon,7
2025-06-20,beauty of joseon,beauty-of-joseon,0
2025-06-20,beauty of joseon,beauty.of.joseon,0
2025-06-20,beauty of joseon,beauty_of_joseon,0
2025-06-20,beauty of joseon,beautyofjoseon,0
2025-06-20,belif,belif,0
2025-06-20,biodance,biodance,0
2025-06-20,boncept,boncept,0
2025-06-20,booster pro,booster pro,0
2025-06-20,booster pro,booster-pro,0
2025-06-20,booster pro,booster.pro,0
2025-06-20,booster pro,booster_pro,0
2025-06-20,booster pro,boosterpro,0
2025-06-20,botulax,botulax,0
2025-06-20,cell fusion c,cell fusion c,1
2025-06-20,cell fusion c,cell-fusion-c,0
2025-06-20,cell fusion c,cell.fusion.c,0
2025-06-20,cell fusion c,cell_fusion_c,0
2025-06-20,cell fusion c,cellfusionc,0
2025-06-20,centellian,centellian,0
2025-06-20,coolfase,coolfase,0
2025-06-20,cosrx,cosrx,12
2025-06-20,dalba,dalba,0
2025-06-20,goodal,goodal,0
2025-06-20,hi focus shot,hi focus shot,3
2025-06-20,hi focus shot,hi-focus-shot,0
2025-06-20,hi focus shot,hi.focus.shot,0
2025-06-20,hi focus shot,hi_focus_shot,0
2025-06-20,hi focus shot,hifocusshot,0
2025-06-20,history of whoo,history of whoo,0
2025-06-20,history of whoo,history-of-whoo,0
2025-06-20,history of whoo,history.of.whoo,0
2025-06-20,history of whoo,history_of_whoo,0
2025-06-20,history of whoo,historyofwhoo,0
2025-06-20,hwahae,hwahae,1
2025-06-20,innisfree,innisfree,2
2025-06-20,innotox,innotox,3
2025-06-20,iope,iope,0
2025-06-20,jeuveau,jeuveau,1
2025-06-20,jevegel,jevegel,0
2025-06-20,jolse,jolse,0
2025-06-20,juvelook,juvelook,0
2025-06-20,laneige,laneige,4
2025-06-20,letybo,letybo,0
2025-06-20,madeca,madeca,0
2025-06-20,mamonde,mamonde,0
2025-06-20,manyo,manyo,2
2025-06-20,medicube,medicube,2
2025-06-20,merzy,merzy,0
2025-06-20,mighty patch,mighty patch,0
2025-06-20,mighty patch,mighty-patch,0
2025-06-20,mighty patch,mighty.patch,0
2025-06-20,mighty patch,mighty_patch,0
2025-06-20,mighty patch,mightypatch,0
2025-06-20,missha,missha,1
2025-06-20,mixoon,mixoon,0
2025-06-20,nabota,nabota,0
2025-06-20,newlux,newlux,0
2025-06-20,numbuzin,numbuzin,1
2025-06-20,ohui,ohui,0
2025-06-20,oligio,oligio,0
2025-06-20,olive young,olive young,3
2025-06-20,olive young,olive-young,0
2025-06-20,olive young,olive.young,0
2025-06-20,olive young,olive_young,0
2025-06-20,olive young,oliveyoung,0
2025-06-20,peripera,peripera,0
2025-06-20,potenza,potenza,1
2025-06-20,real barrier,real barrier,0
2025-06-20,real barrier,real-barrier,0
2025-06-20,real barrier,real.barrier,0
2025-06-20,real barrier,real_barrier,0
2025-06-20,real barrier,realbarrier,0
2025-06-20,reedle shot,reedle shot,0
2025-06-20,reedle shot,reedle-shot,0
2025-06-20,reedle shot,reedle.shot,0
2025-06-20,reedle shot,reedle_shot,0
2025-06-20,reedle shot,reedleshot,0
2025-06-20,rejuran,rejuran,0
2025-06-20,rentox,rentox,0
2025-06-20,rom&nd,rom&nd,2
2025-06-20,rom&nd,romnd,0
2025-06-20,round lab,round lab,0
2025-06-20,round lab,round-lab,0
2025-06-20,round lab,round.lab,0
2025-06-20,round lab,round_lab,0
2025-06-20,round lab,roundlab,0
2025-06-20,shurink,shurink,0
2025-06-20,skin1004,skin1004,5
2025-06-20,stylekorean,stylekorean,0
2025-06-20,stylevana,stylevana,0
2025-06-20,sulwhasoo,sulwhasoo,1
2025-06-20,sylfirm,sylfirm,0
2025-06-20,the whoo,the whoo,0
2025-06-20,the whoo,the-whoo,0
2025-06-20,the whoo,the.whoo,0
2025-06-20,the whoo,the_whoo,0
2025-06-20,the whoo,thewhoo,0
2025-06-20,tirtir,tirtir,1
2025-06-20,tonymoly,tonymoly,2
2025-06-20,torriden,torriden,2
2025-06-20,ultraformer,ultraformer,0
2025-06-20,volnewmer,volnewmer,0
2025-06-20,wellage,wellage,1
2025-06-20,yesstyle,yesstyle,3
2025-06-21,a'pieu,a'pieu,0
2025-06-21,a'pieu,a-pieu,0
2025-06-21,a'pieu,a.pieu,0
2025-06-21,a'pieu,a_pieu,0
2025-06-21,a'pieu,ap,1
2025-06-21,a'pieu,apieu,0
2025-06-21,acropass,acropass,0
2025-06-21,age-r,age-r,4
2025-06-21,age-r,age.r,0
2025-06-21,age-r,age_r,0
2025-06-21,age-r,ager,0
2025-06-21,anua,anua,9
2025-06-21,atopalm,atopalm,0
2025-06-21,bbia,bbia,2
2025-06-21,be the skin,be the skin,14
2025-06-21,be the skin,be-the-skin,0
2025-06-21,be the skin,be.the.skin,0
2025-06-21,be the skin,be_the_skin,0
2025-06-21,be the skin,betheskin,0
2025-06-21,beauty of joseon,beauty of joseon,7
2025-06-21,beauty of joseon,beauty-of-joseon,0
2025-06-21,beauty of joseon,beauty.of.joseon,0
2025-06-21,beauty of joseon,beauty_of_joseon,0
2025-06-21,beauty of joseon,beautyofjoseon,0
2025-06-21,belif,belif,0
2025-06-21,biodance,biodance,0
2025-06-21,boncept,boncept,0
2025-06-21,booster pro,booster pro,1
2025-06-21,booster pro,booster-pro,0
2025-06-21,booster pro,booster.pro,0
2025-06-21,booster pro,booster_pro,0
2025-06-21,booster pro,boosterpro,0
2025-06-21,botulax,botulax,0
2025-06-21,cell fusion c,cell fusion c,1
2025-06-21,cell fusion c,cell-fusion-c,0
2025-06-21,cell fusion c,cell.fusion.c,0
2025-06-21,cell fusion c,cell_fusion_c,0
2025-06-21,cell fusion c,cellfusionc,0
2025-06-21,centellian,centellian,0
2025-06-21,coolfase,coolfase,0
2025-06-21,cosrx,cosrx,12
2025-06-21,dalba,dalba,0
2025-06-21,goodal,goodal,0
2025-06-21,hi focus shot,hi focus shot,1
2025-06-21,hi focus shot,hi-focus-shot,0
2025-06-21,hi focus shot,hi.focus.shot,0
2025-06-21,hi focus shot,hi_focus_shot,0
2025-06-21,hi focus shot,hifocusshot,0
2025-06-21,history of whoo,history of whoo,0
2025-06-21,history of whoo,history-of-whoo,0
2025-06-21,history of whoo,history.of.whoo,0
2025-06-21,history of whoo,history_of_whoo,0
2025-06-21,history of whoo,historyofwhoo,0
2025-06-21,hwahae,hwahae,0
2025-06-21,innisfree,innisfree,1
2025-06-21,innotox,innotox,3
2025-06-21,iope,iope,0
2025-06-21,jeuveau,jeuveau,0
2025-06-21,jevegel,jevegel,0
2025-06-21,jolse,jolse,0
2025-06-21,juvelook,juvelook,1
2025-06-21,laneige,laneige,3
2025-06-21,letybo,letybo,0
2025-06-21,madeca,madeca,0
2025-06-21,mamonde,mamonde,0
2025-06-21,manyo,manyo,3
2025-06-21,medicube,medicube,3
2025-06-21,merzy,merzy,0
2025-06-21,mighty patch,mighty patch,2
2025-06-21,mighty patch,mighty-patch,0
2025-06-21,mighty patch,mighty.patch,0
2025-06-21,mighty patch,mighty_patch,0
2025-06-21,mighty patch,mightypatch,0
2025-06-21,missha,missha,2
2025-06-21,mixoon,mixoon,0
2025-06-21,nabota,nabota,0
2025-06-21,newlux,newlux,0
2025-06-21,numbuzin,numbuzin,2
2025-06-21,ohui,ohui,0
2025-06-21,oligio,oligio,0
2025-06-21,olive young,olive young,2
2025-06-21,olive young,olive-young,0
2025-06-21,olive young,olive.young,0
2025-06-21,olive young,olive_young,0
2025-06-21,olive young,oliveyoung,1
2025-06-21,peripera,peripera,2
2025-06-21,potenza,potenza,0
2025-06-21,real barrier,real barrier,1
2025-06-21,real barrier,real-barrier,0
2025-06-21,real barrier,real.barrier,0
2025-06-21,real barrier,real_barrier,0
2025-06-21,real barrier,realbarrier,0
2025-06-21,reedle shot,reedle shot,1
2025-06-21,reedle shot,reedle-shot,0
2025-06-21,reedle shot,reedle.shot,0
2025-06-21,reedle shot,reedle_shot,0
2025-06-21,reedle shot,reedleshot,0
2025-06-21,rejuran,rejuran,4
2025-06-21,rentox,rentox,0
2025-06-21,rom&nd,rom&nd,2
2025-06-21,rom&nd,romnd,0
2025-06-21,round lab,round lab,4
2025-06-21,round lab,round-lab,0
2025-06-21,round lab,round.lab,0
2025-06-21,round lab,round_lab,0
2025-06-21,round lab,roundlab,1
2025-06-21,shurink,shurink,0
2025-06-21,skin1004,skin1004,7
2025-06-21,stylekorean,stylekorean,0
2025-06-21,stylevana,stylevana,2
2025-06-21,sulwhasoo,sulwhasoo,0
2025-06-21,sylfirm,sylfirm,0
2025-06-21,the whoo,the whoo,0
2025-06-21,the whoo,the-whoo,0
2025-06-21,the whoo,the.whoo,0
2025-06-21,the whoo,the_whoo,0
2025-06-21,the whoo,thewhoo,0
2025-06-21,tirtir,tirtir,6
2025-06-21,tonymoly,tonymoly,0
2025-06-21,torriden,torriden,4
2025-06-21,ultraformer,ultraformer,0
2025-06-21,volnewmer,volnewmer,0
2025-06-21,wellage,wellage,0
2025-06-21,yesstyle,yesstyle,7
2025-06-22,a'pieu,a'pieu,0
2025-06-22,a'pieu,a-pieu,0
2025-06-22,a'pieu,a.pieu,0
2025-06-22,a'pieu,a_pieu,0
2025-06-22,a'pieu,ap,1
2025-06-22,a'pieu,apieu,0
2025-06-22,acropass,acropass,0
2025-06-22,age-r,age-r,0
2025-06-22,age-r,age.r,0
2025-06-22,age-r,age_r,0
2025-06-22,age-r,ager,0
2025-06-22,anua,anua,5
2025-06-22,atopalm,atopalm,0
2025-06-22,bbia,bbia,0
2025-06-22,be the skin,be the skin,8
2025-06-22,be the skin,be-the-skin,0
2025-06-22,be the skin,be.the.skin,0
2025-06-22,be the skin,be_the_skin,0
2025-06-22,be the skin,betheskin,0
2025-06-22,beauty of joseon,beauty of joseon,9
2025-06-22,beauty of joseon,beauty-of-joseon,0
2025-06-22,beauty of joseon,beauty.of.joseon,0
2025-06-22,beauty of joseon,beauty_of_joseon,0
2025-06-22,beauty of joseon,beautyofjoseon,0
2025-06-22,belif,belif,1
2025-06-22,biodance,biodance,1
2025-06-22,boncept,boncept,0
2025-06-22,booster pro,booster pro,0
2025-06-22,booster pro,booster-pro,0
2025-06-22,booster pro,booster.pro,0
2025-06-22,booster pro,booster_pro,0
2025-06-22,booster pro,boosterpro,0
2025-06-22,botulax,botulax,0
2025-06-22,cell fusion c,cell fusion c,1
2025-06-22,cell fusion c,cell-fusion-c,0
2025-06-22,cell fusion c,cell.fusion.c,0
2025-06-22,cell fusion c,cell_fusion_c,0
2025-06-22,cell fusion c,cellfusionc,0
2025-06-22,centellian,centellian,0
2025-06-22,coolfase,coolfase,0
2025-06-22,cosrx,cosrx,13
2025-06-22,dalba,dalba,0
2025-06-22,goodal,goodal,0
2025-06-22,hi focus shot,hi focus shot,3
2025-06-22,hi focus shot,hi-focus-shot,0
2025-06-22,hi focus shot,hi.focus.shot,0
2025-06-22,hi focus shot,hi_focus_shot,0
2025-06-22,hi focus shot,hifocusshot,0
2025-06-22,history of whoo,history of whoo,0
2025-06-22,history of whoo,history-of-whoo,0
2025-06-22,history of whoo,history.of.whoo,0
2025-06-22,history of whoo,history_of_whoo,0
2025-06-22,history of whoo,historyofwhoo,0
2025-06-22,hwahae,hwahae,0
2025-06-22,innisfree,innisfree,3
2025-06-22,innotox,innotox,1
2025-06-22,iope,iope,0
2025-06-22,jeuveau,jeuveau,0
2025-06-22,jevegel,jevegel,0
2025-06-22,jolse,jolse,0
2025-06-22,juvelook,juvelook,0
2025-06-22,laneige,laneige,6
2025-06-22,letybo,letybo,0
2025-06-22,madeca,madeca,0
2025-06-22,mamonde,mamonde,0
2025-06-22,manyo,manyo,0
2025-06-22,medicube,medicube,3
2025-06-22,merzy,merzy,0
2025-06-22,mighty patch,mighty patch,0
2025-06-22,mighty patch,mighty-patch,0
2025-06-22,mighty patch,mighty.patch,0
2025-06-22,mighty patch,mighty_patch,0
2025-06-22,mighty patch,mightypatch,0
2025-06-22,missha,missha,0
2025-06-22,mixoon,mixoon,0
2025-06-22,nabota,nabota,0
2025-06-22,newlux,newlux,0
2025-06-22,numbuzin,numbuzin,6
2025-06-22,ohui,ohui,0
2025-06-22,oligio,oligio,0
2025-06-22,olive young,olive young,3
2025-06-22,olive young,olive-young,0
2025-06-22,olive young,olive.young,0
2025-06-22,olive young,olive_young,0
2025-06-22,olive young,oliveyoung,0
2025-06-22,peripera,peripera,3
2025-06-22,potenza,potenza,0
2025-06-22,real barrier,real barrier,1
2025-06-22,real barrier,real-barrier,0
2025-06-22,real barrier,real.barrier,0
2025-06-22,real barrier,real_barrier,0
2025-06-22,real barrier,realbarrier,0
2025-06-22,reedle shot,reedle shot,0
2025-06-22,reedle shot,reedle-shot,0
2025-06-22,reedle shot,reedle.shot,0
2025-06-22,reedle shot,reedle_shot,0
2025-06-22,reedle shot,reedleshot,0
2025-06-22,rejuran,rejuran,0
2025-06-22,rentox,rentox,0
2025-06-22,rom&nd,rom&nd,5
2025-06-22,rom&nd,romnd,1
2025-06-22,round lab,round lab,5
2025-06-22,round lab,round-lab,0
2025-06-22,round lab,round.lab,0
2025-06-22,round lab,round_lab,0
2025-06-22,round lab,roundlab,0
2025-06-22,shurink,shurink,0
2025-06-22,skin1004,skin1004,7
2025-06-22,stylekorean,stylekorean,0
2025-06-22,stylevana,stylevana,1
2025-06-22,sulwhasoo,sulwhasoo,0
2025-06-22,sylfirm,sylfirm,0
2025-06-22,the whoo,the whoo,0
2025-06-22,the whoo,the-whoo,0
2025-06-22,the whoo,the.whoo,0
2025-06-22,the whoo,the_whoo,0
2025-06-22,the whoo,thewhoo,0
2025-06-22,tirtir,tirtir,5
2025-06-22,tonymoly,tonymoly,0
2025-06-22,torriden,torriden,3
2025-06-22,ultraformer,ultraformer,0
2025-06-22,volnewmer,volnewmer,0
2025-06-22,wellage,wellage,0
2025-06-22,yesstyle,yesstyle,2
2025-06-23,a'pieu,a'pieu,0
2025-06-23,a'pieu,a-pieu,0
2025-06-23,a'pieu,a.pieu,0
2025-06-23,a'pieu,a_pieu,0
2025-06-23,a'pieu,ap,0
2025-06-23,a'pieu,apieu,0
2025-06-23,acropass,acropass,0
2025-06-23,age-r,age-r,1
2025-06-23,age-r,age.r,0
2025-06-23,age-r,age_r,0
2025-06-23,age-r,ager,0
2025-06-23,anua,anua,12
2025-06-23,atopalm,atopalm,0
2025-06-23,bbia,bbia,0
2025-06-23,be the skin,be the skin,12
2025-06-23,be the skin,be-the-skin,0
2025-06-23,be the skin,be.the.skin,0
2025-06-23,be the skin,be_the_skin,0
2025-06-23,be the skin,betheskin,0
2025-06-23,beauty of joseon,beauty of joseon,9
2025-06-23,beauty of joseon,beauty-of-joseon,0
2025-06-23,beauty of joseon,beauty.of.joseon,0
2025-06-23,beauty of joseon,beauty_of_joseon,0
2025-06-23,beauty of joseon,beautyofjoseon,0
2025-06-23,belif,belif,0
2025-06-23,biodance,biodance,2
2025-06-23,boncept,boncept,0
2025-06-23,booster pro,booster pro,1
2025-06-23,booster pro,booster-pro,0
2025-06-23,booster pro,booster.pro,0
2025-06-23,booster pro,booster_pro,0
2025-06-23,booster pro,boosterpro,0
2025-06-23,botulax,botulax,0
2025-06-23,cell fusion c,cell fusion c,1
2025-06-23,cell fusion c,cell-fusion-c,0
2025-06-23,cell fusion c,cell.fusion.c,0
2025-06-23,cell fusion c,cell_fusion_c,0
2025-06-23,cell fusion c,cellfusionc,0
2025-06-23,centellian,centellian,0
2025-06-23,coolfase,coolfase,0
2025-06-23,cosrx,cosrx,18
2025-06-23,dalba,dalba,0
2025-06-23,goodal,goodal,1
2025-06-23,hi focus shot,hi focus shot,4
2025-06-23,hi focus shot,hi-focus-shot,0
2025-06-23,hi focus shot,hi.focus.shot,0
2025-06-23,hi focus shot,hi_focus_shot,0
2025-06-23,hi focus shot,hifocusshot,0
2025-06-23,history of whoo,history of whoo,0
2025-06-23,history of whoo,history-of-whoo,0
2025-06-23,history of whoo,history.of.whoo,0
2025-06-23,history of whoo,history_of_whoo,0
2025-06-23,history of whoo,historyofwhoo,0
2025-06-23,hwahae,hwahae,0
2025-06-23,innisfree,innisfree,2
2025-06-23,innotox,innotox,2
2025-06-23,iope,iope,0
2025-06-23,jeuveau,jeuveau,0
2025-06-23,jevegel,jevegel,0
2025-06-23,jolse,jolse,0
2025-06-23,juvelook,juvelook,0
2025-06-23,laneige,laneige,6
2025-06-23,letybo,letybo,0
2025-06-23,madeca,madeca,0
2025-06-23,mamonde,mamonde,0
2025-06-23,manyo,manyo,2
2025-06-23,medicube,medicube,5
2025-06-23,merzy,merzy,0
2025-06-23,mighty patch,mighty patch,0
2025-06-23,mighty patch,mighty-patch,0
2025-06-23,mighty patch,mighty.patch,0
2025-06-23,mighty patch,mighty_patch,0
2025-06-23,mighty patch,mightypatch,0
2025-06-23,missha,missha,0
2025-06-23,mixoon,mixoon,0
2025-06-23,nabota,nabota,0
2025-06-23,newlux,newlux,0
2025-06-23,numbuzin,numbuzin,3
2025-06-23,ohui,ohui,0
2025-06-23,oligio,oligio,0
2025-06-23,olive young,olive young,2
2025-06-23,olive young,olive-young,0
2025-06-23,olive young,olive.young,0
2025-06-23,olive young,olive_young,0
2025-06-23,olive young,oliveyoung,0
2025-06-23,peripera,peripera,1
2025-06-23,potenza,potenza,0
2025-06-23,real barrier,real barrier,1
2025-06-23,real barrier,real-barrier,0
2025-06-23,real barrier,real.barrier,0
2025-06-23,real barrier,real_barrier,0
2025-06-23,real barrier,realbarrier,0
2025-06-23,reedle shot,reedle shot,0
2025-06-23,reedle shot,reedle-shot,0
2025-06-23,reedle shot,reedle.shot,0
2025-06-23,reedle shot,reedle_shot,0
2025-06-23,reedle shot,reedleshot,0
2025-06-23,rejuran,rejuran,1
2025-06-23,rentox,rentox,0
2025-06-23,rom&nd,rom&nd,2
2025-06-23,rom&nd,romnd,0
2025-06-23,round lab,round lab,7
2025-06-23,round lab,round-lab,0
2025-06-23,round lab,round.lab,0
2025-06-23,round lab,round_lab,0
2025-06-23,round lab,roundlab,0
2025-06-23,shurink,shurink,0
2025-06-23,skin1004,skin1004,7
2025-06-23,stylekorean,stylekorean,1
2025-06-23,stylevana,stylevana,2
2025-06-23,sulwhasoo,sulwhasoo,0
2025-06-23,sylfirm,sylfirm,0
2025-06-23,the whoo,the whoo,0
2025-06-23,the whoo,the-whoo,0
2025-06-23,the whoo,the.whoo,0
2025-06-23,the whoo,the_whoo,0
2025-06-23,the whoo,thewhoo,0
2025-06-23,tirtir,tirtir,3
2025-06-23,tonymoly,tonymoly,0
2025-06-23,torriden,torriden,6
2025-06-23,ultraformer,ultraformer,0
2025-06-23,volnewmer,volnewmer,0
2025-06-23,wellage,wellage,0
2025-06-23,yesstyle,yesstyle,3
2025-06-24,a'pieu,a'pieu,0
2025-06-24,a'pieu,a-pieu,0
2025-06-24,a'pieu,a.pieu,0
2025-06-24,a'pieu,a_pieu,0
2025-06-24,a'pieu,ap,1
2025-06-24,a'pieu,apieu,0
2025-06-24,acropass,acropass,0
2025-06-24,age-r,age-r,1
2025-06-24,age-r,age.r,0
2025-06-24,age-r,age_r,0
2025-06-24,age-r,ager,0
2025-06-24,anua,anua,1
2025-06-24,atopalm,atopalm,0
2025-06-24,bbia,bbia,0
2025-06-24,be the skin,be the skin,14
2025-06-24,be the skin,be-the-skin,0
2025-06-24,be the skin,be.the.skin,0
2025-06-24,be the skin,be_the_skin,0
2025-06-24,be the skin,betheskin,0
2025-06-24,beauty of joseon,beauty of joseon,7
2025-06-24,beauty of joseon,beauty-of-joseon,0
2025-06-24,beauty of joseon,beauty.of.joseon,0
2025-06-24,beauty of joseon,beauty_of_joseon,0
2025-06-24,beauty of joseon,beautyofjoseon,0
2025-06-24,belif,belif,1
2025-06-24,biodance,biodance,1
2025-06-24,boncept,boncept,0
2025-06-24,booster pro,booster pro,0
2025-06-24,booster pro,booster-pro,0
2025-06-24,booster pro,booster.pro,0
2025-06-24,booster pro,booster_pro,0
2025-06-24,booster pro,boosterpro,0
2025-06-24,botulax,botulax,0
2025-06-24,cell fusion c,cell fusion c,1
2025-06-24,cell fusion c,cell-fusion-c,0
2025-06-24,cell fusion c,cell.fusion.c,0
2025-06-24,cell fusion c,cell_fusion_c,0
2025-06-24,cell fusion c,cellfusionc,0
2025-06-24,centellian,centellian,0
2025-06-24,coolfase,coolfase,0
2025-06-24,cosrx,cosrx,3
2025-06-24,dalba,dalba,2
2025-06-24,goodal,goodal,1
2025-06-24,hi focus shot,hi focus shot,1
2025-06-24,hi focus shot,hi-focus-shot,0
2025-06-24,hi focus shot,hi.focus.shot,0
2025-06-24,hi focus shot,hi_focus_shot,0
2025-06-24,hi focus shot,hifocusshot,0
2025-06-24,history of whoo,history of whoo,0
2025-06-24,history of whoo,history-of-whoo,0
2025-06-24,history of whoo,history.of.whoo,0
2025-06-24,history of whoo,history_of_whoo,0
2025-06-24,history of whoo,historyofwhoo,0
2025-06-24,hwahae,hwahae,0
2025-06-24,innisfree,innisfree,3
2025-06-24,innotox,innotox,7
2025-06-24,iope,iope,0
2025-06-24,jeuveau,jeuveau,0
2025-06-24,jevegel,jevegel,0
2025-06-24,jolse,jolse,0
2025-06-24,juvelook,juvelook,0
2025-06-24,laneige,laneige,8
2025-06-24,letybo,letybo,0
2025-06-24,madeca,madeca,0
2025-06-24,mamonde,mamonde,0
2025-06-24,manyo,manyo,3
2025-06-24,medicube,medicube,5
2025-06-24,merzy,merzy,0
2025-06-24,mighty patch,mighty patch,1
2025-06-24,mighty patch,mighty-patch,0
2025-06-24,mighty patch,mighty.patch,0
2025-06-24,mighty patch,mighty_patch,0
2025-06-24,mighty patch,mightypatch,0
2025-06-24,missha,missha,1
2025-06-24,mixoon,mixoon,0
2025-06-24,nabota,nabota,0
2025-06-24,newlux,newlux,0
2025-06-24,numbuzin,numbuzin,5
2025-06-24,ohui,ohui,0
2025-06-24,oligio,oligio,0
2025-06-24,olive young,olive young,4
2025-06-24,olive young,olive-young,0
2025-06-24,olive young,olive.young,0
2025-06-24,olive young,olive_young,0
2025-06-24,olive young,oliveyoung,0
2025-06-24,peripera,peripera,6
2025-06-24,potenza,potenza,0
2025-06-24,real barrier,real barrier,0
2025-06-24,real barrier,real-barrier,0
2025-06-24,real barrier,real.barrier,0
2025-06-24,real barrier,real_barrier,0
2025-06-24,real barrier,realbarrier,1
2025-06-24,reedle shot,reedle shot,1
2025-06-24,reedle shot,reedle-shot,0
2025-06-24,reedle shot,reedle.shot,0
2025-06-24,reedle shot,reedle_shot,0
2025-06-24,reedle shot,reedleshot,0
2025-06-24,rejuran,rejuran,0
2025-06-24,rentox,rentox,0
2025-06-24,rom&nd,rom&nd,4
2025-06-24,rom&nd,romnd,0
2025-06-24,round lab,round lab,4
2025-06-24,round lab,round-lab,0
2025-06-24,round lab,round.lab,0
2025-06-24,round lab,round_lab,0
2025-06-24,round lab,roundlab,0
2025-06-24,shurink,shurink,0
2025-06-24,skin1004,skin1004,6
2025-06-24,stylekorean,stylekorean,0
2025-06-24,stylevana,stylevana,2
2025-06-24,sulwhasoo,sulwhasoo,2
2025-06-24,sylfirm,sylfirm,0
2025-06-24,the whoo,the whoo,0
2025-06-24,the whoo,the-whoo,0
2025-06-24,the whoo,the.whoo,0
2025-06-24,the whoo,the_whoo,0
2025-06-24,the whoo,thewhoo,0
2025-06-24,tirtir,tirtir,3
2025-06-24,tonymoly,tonymoly,1
2025-06-24,torriden,torriden,1
2025-06-24,ultraformer,ultraformer,0
2025-06-24,volnewmer,volnewmer,0
2025-06-24,wellage,wellage,0
2025-06-24,yesstyle,yesstyle,3
2025-06-25,a'pieu,a'pieu,0
2025-06-25,a'pieu,a-pieu,0
2025-06-25,a'pieu,a.pieu,0
2025-06-25,a'pieu,a_pieu,0
2025-06-25,a'pieu,ap,0
2025-06-25,a'pieu,apieu,0
2025-06-25,acropass,acropass,0
2025-06-25,age-r,age-r,0
2025-06-25,age-r,age.r,0
2025-06-25,age-r,age_r,0
2025-06-25,age-r,ager,0
2025-06-25,anua,anua,4
2025-06-25,atopalm,atopalm,0
2025-06-25,bbia,bbia,1
2025-06-25,be the skin,be the skin,14
2025-06-25,be the skin,be-the-skin,0
2025-06-25,be the skin,be.the.skin,0
2025-06-25,be the skin,be_the_skin,0
2025-06-25,be the skin,betheskin,0
2025-06-25,beauty of joseon,beauty of joseon,8
2025-06-25,beauty of joseon,beauty-of-joseon,0
2025-06-25,beauty of joseon,beauty.of.joseon,0
2025-06-25,beauty of joseon,beauty_of_joseon,0
2025-06-25,beauty of joseon,beautyofjoseon,0
2025-06-25,belif,belif,0
2025-06-25,biodance,biodance,1
2025-06-25,boncept,boncept,0
2025-06-25,booster pro,booster pro,1
2025-06-25,booster pro,booster-pro,0
2025-06-25,booster pro,booster.pro,0
2025-06-25,booster pro,booster_pro,0
2025-06-25,booster pro,boosterpro,0
2025-06-25,botulax,botulax,0
2025-06-25,cell fusion c,cell fusion c,1
2025-06-25,cell fusion c,cell-fusion-c,0
2025-06-25,cell fusion c,cell.fusion.c,0
2025-06-25,cell fusion c,cell_fusion_c,0
2025-06-25,cell fusion c,cellfusionc,0
2025-06-25,centellian,centellian,0
2025-06-25,coolfase,coolfase,0
2025-06-25,cosrx,cosrx,9
2025-06-25,dalba,dalba,0
2025-06-25,goodal,goodal,0
2025-06-25,hi focus shot,hi focus shot,3
2025-06-25,hi focus shot,hi-focus-shot,0
2025-06-25,hi focus shot,hi.focus.shot,0
2025-06-25,hi focus shot,hi_focus_shot,0
2025-06-25,hi focus shot,hifocusshot,0
2025-06-25,history of whoo,history of whoo,0
2025-06-25,history of whoo,history-of-whoo,0
2025-06-25,history of whoo,history.of.whoo,0
2025-06-25,history of whoo,history_of_whoo,0
2025-06-25,history of whoo,historyofwhoo,0
2025-06-25,hwahae,hwahae,0
2025-06-25,innisfree,innisfree,5
2025-06-25,innotox,innotox,1
2025-06-25,iope,iope,0
2025-06-25,jeuveau,jeuveau,0
2025-06-25,jevegel,jevegel,0
2025-06-25,jolse,jolse,1
2025-06-25,juvelook,juvelook,0
2025-06-25,laneige,laneige,10
2025-06-25,letybo,letybo,0
2025-06-25,madeca,madeca,0
2025-06-25,mamonde,mamonde,0
2025-06-25,manyo,manyo,3
2025-06-25,medicube,medicube,3
2025-06-25,merzy,merzy,0
2025-06-25,mighty patch,mighty patch,1
2025-06-25,mighty patch,mighty-patch,0
2025-06-25,mighty patch,mighty.patch,0
2025-06-25,mighty patch,mighty_patch,0
2025-06-25,mighty patch,mightypatch,0
2025-06-25,missha,missha,1
2025-06-25,mixoon,mixoon,0
2025-06-25,nabota,nabota,0
2025-06-25,newlux,newlux,0
2025-06-25,numbuzin,numbuzin,3
2025-06-25,ohui,ohui,0
2025-06-25,oligio,oligio,0
2025-06-25,olive young,olive young,2
2025-06-25,olive young,olive-young,0
2025-06-25,olive young,olive.young,0
2025-06-25,olive young,olive_young,0
2025-06-25,olive young,oliveyoung,1
2025-06-25,peripera,peripera,3
2025-06-25,potenza,potenza,1
2025-06-25,real barrier,real barrier,0
2025-06-25,real barrier,real-barrier,0
2025-06-25,real barrier,real.barrier,0
2025-06-25,real barrier,real_barrier,0
2025-06-25,real barrier,realbarrier,0
2025-06-25,reedle shot,reedle shot,0
2025-06-25,reedle shot,reedle-shot,0
2025-06-25,reedle shot,reedle.shot,0
2025-06-25,reedle shot,reedle_shot,0
2025-06-25,reedle shot,reedleshot,0
2025-06-25,rejuran,rejuran,1
2025-06-25,rentox,rentox,0
2025-06-25,rom&nd,rom&nd,7
2025-06-25,rom&nd,romnd,0
2025-06-25,round lab,round lab,4
2025-06-25,round lab,round-lab,0
2025-06-25,round lab,round.lab,0
2025-06-25,round lab,round_lab,0
2025-06-25,round lab,roundlab,1
2025-06-25,shurink,shurink,1
2025-06-25,skin1004,skin1004,6
2025-06-25,stylekorean,stylekorean,0
2025-06-25,stylevana,stylevana,1
2025-06-25,sulwhasoo,sulwhasoo,0
2025-06-25,sylfirm,sylfirm,0
2025-06-25,the whoo,the whoo,1
2025-06-25,the whoo,the-whoo,0
2025-06-25,the whoo,the.whoo,0
2025-06-25,the whoo,the_whoo,0
2025-06-25,the whoo,thewhoo,0
2025-06-25,tirtir,tirtir,4
2025-06-25,tonymoly,tonymoly,1
2025-06-25,torriden,torriden,3
2025-06-25,ultraformer,ultraformer,0
2025-06-25,volnewmer,volnewmer,0
2025-06-25,wellage,wellage,0
2025-06-25,yesstyle,yesstyle,2
2025-06-26,a'pieu,a'pieu,1
2025-06-26,a'pieu,a-pieu,0
2025-06-26,a'pieu,a.pieu,0
2025-06-26,a'pieu,a_pieu,0
2025-06-26,a'pieu,ap,0
2025-06-26,a'pieu,apieu,0
2025-06-26,acropass,acropass,0
2025-06-26,age-r,age-r,0
2025-06-26,age-r,age.r,0
2025-06-26,age-r,age_r,0
2025-06-26,age-r,ager,0
2025-06-26,anua,anua,8
2025-06-26,atopalm,atopalm,0
2025-06-26,bbia,bbia,0
2025-06-26,be the skin,be the skin,13
2025-06-26,be the skin,be-the-skin,0
2025-06-26,be the skin,be.the.skin,0
2025-06-26,be the skin,be_the_skin,0
2025-06-26,be the skin,betheskin,0
2025-06-26,beauty of joseon,beauty of joseon,15
2025-06-26,beauty of joseon,beauty-of-joseon,0
2025-06-26,beauty of joseon,beauty.of.joseon,0
2025-06-26,beauty of joseon,beauty_of_joseon,0
2025-06-26,beauty of joseon,beautyofjoseon,0
2025-06-26,belif,belif,0
2025-06-26,biodance,biodance,0
2025-06-26,boncept,boncept,0
2025-06-26,booster pro,booster pro,0
2025-06-26,booster pro,booster-pro,0
2025-06-26,booster pro,booster.pro,0
2025-06-26,booster pro,booster_pro,0
2025-06-26,booster pro,boosterpro,0
2025-06-26,botulax,botulax,1
2025-06-26,cell fusion c,cell fusion c,1
2025-06-26,cell fusion c,cell-fusion-c,0
2025-06-26,cell fusion c,cell.fusion.c,0
2025-06-26,cell fusion c,cell_fusion_c,0
2025-06-26,cell fusion c,cellfusionc,0
2025-06-26,centellian,centellian,0
2025-06-26,coolfase,coolfase,0
2025-06-26,cosrx,cosrx,5
2025-06-26,dalba,dalba,2
2025-06-26,goodal,goodal,0
2025-06-26,hi focus shot,hi focus shot,2
2025-06-26,hi focus shot,hi-focus-shot,0
2025-06-26,hi focus shot,hi.focus.shot,0
2025-06-26,hi focus shot,hi_focus_shot,0
2025-06-26,hi focus shot,hifocusshot,0
2025-06-26,history of whoo,history of whoo,0
2025-06-26,history of whoo,history-of-whoo,0
2025-06-26,history of whoo,history.of.whoo,0
2025-06-26,history of whoo,history_of_whoo,0
2025-06-26,history of whoo,historyofwhoo,0
2025-06-26,hwahae,hwahae,0
2025-06-26,innisfree,innisfree,1
2025-06-26,innotox,innotox,3
2025-06-26,iope,iope,0
2025-06-26,jeuveau,jeuveau,0
2025-06-26,jevegel,jevegel,0
2025-06-26,jolse,jolse,0
2025-06-26,juvelook,juvelook,0
2025-06-26,laneige,laneige,11
2025-06-26,letybo,letybo,0
2025-06-26,madeca,madeca,0
2025-06-26,mamonde,mamonde,0
2025-06-26,manyo,manyo,0
2025-06-26,medicube,medicube,1
2025-06-26,merzy,merzy,0
2025-06-26,mighty patch,mighty patch,0
2025-06-26,mighty patch,mighty-patch,0
2025-06-26,mighty patch,mighty.patch,0
2025-06-26,mighty patch,mighty_patch,0
2025-06-26,mighty patch,mightypatch,0
2025-06-26,missha,missha,1
2025-06-26,mixoon,mixoon,1
2025-06-26,nabota,nabota,0
2025-06-26,newlux,newlux,0
2025-06-26,numbuzin,numbuzin,4
2025-06-26,ohui,ohui,0
2025-06-26,oligio,oligio,0
2025-06-26,olive young,olive young,2
2025-06-26,olive young,olive-young,0
2025-06-26,olive young,olive.young,0
2025-06-26,olive young,olive_young,0
2025-06-26,olive young,oliveyoung,1
2025-06-26,peripera,peripera,1
2025-06-26,potenza,potenza,0
2025-06-26,real barrier,real barrier,0
2025-06-26,real barrier,real-barrier,0
2025-06-26,real barrier,real.barrier,0
2025-06-26,real barrier,real_barrier,0
2025-06-26,real barrier,realbarrier,0
2025-06-26,reedle shot,reedle shot,3
2025-06-26,reedle shot,reedle-shot,0
2025-06-26,reedle shot,reedle.shot,0
2025-06-26,reedle shot,reedle_shot,0
2025-06-26,reedle shot,reedleshot,0
2025-06-26,rejuran,rejuran,3
2025-06-26,rentox,rentox,0
2025-06-26,rom&nd,rom&nd,0
2025-06-26,rom&nd,romnd,0
2025-06-26,round lab,round lab,6
2025-06-26,round lab,round-lab,0
2025-06-26,round lab,round.lab,0
2025-06-26,round lab,round_lab,0
2025-06-26,round lab,roundlab,0
2025-06-26,shurink,shurink,0
2025-06-26,skin1004,skin1004,8
2025-06-26,stylekorean,stylekorean,0
2025-06-26,stylevana,stylevana,1
2025-06-26,sulwhasoo,sulwhasoo,0
2025-06-26,sylfirm,sylfirm,0
2025-06-26,the whoo,the whoo,0
2025-06-26,the whoo,the-whoo,0
2025-06-26,the whoo,the.whoo,0
2025-06-26,the whoo,the_whoo,0
2025-06-26,the whoo,thewhoo,0
2025-06-26,tirtir,tirtir,3
2025-06-26,tonymoly,tonymoly,0
2025-06-26,torriden,torriden,1
2025-06-26,ultraformer,ultraformer,1
2025-06-26,volnewmer,volnewmer,0
2025-06-26,wellage,wellage,0
2025-06-26,yesstyle,yesstyle,2
2025-06-27,a'pieu,a'pieu,0
2025-06-27,a'pieu,a-pieu,0
2025-06-27,a'pieu,a.pieu,0
2025-06-27,a'pieu,a_pieu,0
2025-06-27,a'pieu,ap,1
2025-06-27,a'pieu,apieu,0
2025-06-27,acropass,acropass,0
2025-06-27,age-r,age-r,0
2025-06-27,age-r,age.r,0
2025-06-27,age-r,age_r,0
2025-06-27,age-r,ager,0
2025-06-27,anua,anua,6
2025-06-27,atopalm,atopalm,0
2025-06-27,bbia,bbia,0
2025-06-27,be the skin,be the skin,27
2025-06-27,be the skin,be-the-skin,0
2025-06-27,be the skin,be.the.skin,0
2025-06-27,be the skin,be_the_skin,0
2025-06-27,be the skin,betheskin,0
2025-06-27,beauty of joseon,beauty of joseon,10
2025-06-27,beauty of joseon,beauty-of-joseon,0
2025-06-27,beauty of joseon,beauty.of.joseon,0
2025-06-27,beauty of joseon,beauty_of_joseon,0
2025-06-27,beauty of joseon,beautyofjoseon,0
2025-06-27,belif,belif,2
2025-06-27,biodance,biodance,2
2025-06-27,boncept,boncept,0
2025-06-27,booster pro,booster pro,1
2025-06-27,booster pro,booster-pro,0
2025-06-27,booster pro,booster.pro,0
2025-06-27,booster pro,booster_pro,0
2025-06-27,booster pro,boosterpro,0
2025-06-27,botulax,botulax,0
2025-06-27,cell fusion c,cell fusion c,0
2025-06-27,cell fusion c,cell-fusion-c,0
2025-06-27,cell fusion c,cell.fusion.c,0
2025-06-27,cell fusion c,cell_fusion_c,0
2025-06-27,cell fusion c,cellfusionc,0
2025-06-27,centellian,centellian,0
2025-06-27,coolfase,coolfase,0
2025-06-27,cosrx,cosrx,10
2025-06-27,dalba,dalba,0
2025-06-27,goodal,goodal,0
2025-06-27,hi focus shot,hi focus shot,1
2025-06-27,hi focus shot,hi-focus-shot,0
2025-06-27,hi focus shot,hi.focus.shot,0
2025-06-27,hi focus shot,hi_focus_shot,0
2025-06-27,hi focus shot,hifocusshot,0
2025-06-27,history of whoo,history of whoo,0
2025-06-27,history of whoo,history-of-whoo,0
2025-06-27,history of whoo,history.of.whoo,0
2025-06-27,history of whoo,history_of_whoo,0
2025-06-27,history of whoo,historyofwhoo,0
2025-06-27,hwahae,hwahae,0
2025-06-27,innisfree,innisfree,5
2025-06-27,innotox,innotox,5
2025-06-27,iope,iope,0
2025-06-27,jeuveau,jeuveau,0
2025-06-27,jevegel,jevegel,0
2025-06-27,jolse,jolse,0
2025-06-27,juvelook,juvelook,1
2025-06-27,laneige,laneige,9
2025-06-27,letybo,letybo,0
2025-06-27,madeca,madeca,0
2025-06-27,mamonde,mamonde,0
2025-06-27,manyo,manyo,2
2025-06-27,medicube,medicube,1
2025-06-27,merzy,merzy,0
2025-06-27,mighty patch,mighty patch,0
2025-06-27,mighty patch,mighty-patch,0
2025-06-27,mighty patch,mighty.patch,0
2025-06-27,mighty patch,mighty_patch,0
2025-06-27,mighty patch,mightypatch,0
2025-06-27,missha,missha,1
2025-06-27,mixoon,mixoon,1
2025-06-27,nabota,nabota,0
2025-06-27,newlux,newlux,0
2025-06-27,numbuzin,numbuzin,1
2025-06-27,ohui,ohui,0
2025-06-27,oligio,oligio,0
2025-06-27,olive young,olive young,8
2025-06-27,olive young,olive-young,0
2025-06-27,olive young,olive.young,0
2025-06-27,olive young,olive_young,0
2025-06-27,olive young,oliveyoung,1
2025-06-27,peripera,peripera,1
2025-06-27,potenza,potenza,1
2025-06-27,real barrier,real barrier,0
2025-06-27,real barrier,real-barrier,0
2025-06-27,real barrier,real.barrier,0
2025-06-27,real barrier,real_barrier,0
2025-06-27,real barrier,realbarrier,0
2025-06-27,reedle shot,reedle shot,2
2025-06-27,reedle shot,reedle-shot,0
2025-06-27,reedle shot,reedle.shot,0
2025-06-27,reedle shot,reedle_shot,0
2025-06-27,reedle shot,reedleshot,0
2025-06-27,rejuran,rejuran,1
2025-06-27,rentox,rentox,0
2025-06-27,rom&nd,rom&nd,3
2025-06-27,rom&nd,romnd,1
2025-06-27,round lab,round lab,6
2025-06-27,round lab,round-lab,0
2025-06-27,round lab,round.lab,0
2025-06-27,round lab,round_lab,0
2025-06-27,round lab,roundlab,0
2025-06-27,shurink,shurink,0
2025-06-27,skin1004,skin1004,4
2025-06-27,stylekorean,stylekorean,0
2025-06-27,stylevana,stylevana,2
2025-06-27,sulwhasoo,sulwhasoo,1
2025-06-27,sylfirm,sylfirm,0
2025-06-27,the whoo,the whoo,0
2025-06-27,the whoo,the-whoo,0
2025-06-27,the whoo,the.whoo,0
2025-06-27,the whoo,the_whoo,0
2025-06-27,the whoo,thewhoo,0
2025-06-27,tirtir,tirtir,2
2025-06-27,tonymoly,tonymoly,0
2025-06-27,torriden,torriden,7
2025-06-27,ultraformer,ultraformer,0
2025-06-27,volnewmer,volnewmer,0
2025-06-27,wellage,wellage,0
2025-06-27,yesstyle,yesstyle,3
2025-06-28,a'pieu,a'pieu,0
2025-06-28,a'pieu,a-pieu,0
2025-06-28,a'pieu,a.pieu,0
2025-06-28,a'pieu,a_pieu,0
2025-06-28,a'pieu,ap,2
2025-06-28,a'pieu,apieu,0
2025-06-28,acropass,acropass,0
2025-06-28,age-r,age-r,0
2025-06-28,age-r,age.r,0
2025-06-28,age-r,age_r,0
2025-06-28,age-r,ager,0
2025-06-28,anua,anua,5
2025-06-28,atopalm,atopalm,0
2025-06-28,bbia,bbia,0
2025-06-28,be the skin,be the skin,11
2025-06-28,be the skin,be-the-skin,0
2025-06-28,be the skin,be.the.skin,0
2025-06-28,be the skin,be_the_skin,0
2025-06-28,be the skin,betheskin,0
2025-06-28,beauty of joseon,beauty of joseon,5
2025-06-28,beauty of joseon,beauty-of-joseon,0
2025-06-28,beauty of joseon,beauty.of.joseon,0
2025-06-28,beauty of joseon,beauty_of_joseon,0
2025-06-28,beauty of joseon,beautyofjoseon,0
2025-06-28,belif,belif,0
2025-06-28,biodance,biodance,0
2025-06-28,boncept,boncept,0
2025-06-28,booster pro,booster pro,0
2025-06-28,booster pro,booster-pro,0
2025-06-28,booster pro,booster.pro,0
2025-06-28,booster pro,booster_pro,0
2025-06-28,booster pro,boosterpro,0
2025-06-28,botulax,botulax,0
2025-06-28,cell fusion c,cell fusion c,0
2025-06-28,cell fusion c,cell-fusion-c,0
2025-06-28,cell fusion c,cell.fusion.c,0
2025-06-28,cell fusion c,cell_fusion_c,0
2025-06-28,cell fusion c,cellfusionc,0
2025-06-28,centellian,centellian,0
2025-06-28,coolfase,coolfase,0
2025-06-28,cosrx,cosrx,9
2025-06-28,dalba,dalba,1
2025-06-28,goodal,goodal,0
2025-06-28,hi focus shot,hi focus shot,3
2025-06-28,hi focus shot,hi-focus-shot,0
2025-06-28,hi focus shot,hi.focus.shot,0
2025-06-28,hi focus shot,hi_focus_shot,0
2025-06-28,hi focus shot,hifocusshot,0
2025-06-28,history of whoo,history of whoo,0
2025-06-28,history of whoo,history-of-whoo,0
2025-06-28,history of whoo,history.of.whoo,0
2025-06-28,history of whoo,history_of_whoo,0
2025-06-28,history of whoo,historyofwhoo,0
2025-06-28,hwahae,hwahae,0
2025-06-28,innisfree,innisfree,3
2025-06-28,innotox,innotox,6
2025-06-28,iope,iope,0
2025-06-28,jeuveau,jeuveau,0
2025-06-28,jevegel,jevegel,0
2025-06-28,jolse,jolse,0
2025-06-28,juvelook,juvelook,0
2025-06-28,laneige,laneige,9
2025-06-28,letybo,letybo,0
2025-06-28,madeca,madeca,0
2025-06-28,mamonde,mamonde,0
2025-06-28,manyo,manyo,0
2025-06-28,medicube,medicube,3
2025-06-28,merzy,merzy,0
2025-06-28,mighty patch,mighty patch,0
2025-06-28,mighty patch,mighty-patch,0
2025-06-28,mighty patch,mighty.patch,0
2025-06-28,mighty patch,mighty_patch,0
2025-06-28,mighty patch,mightypatch,0
2025-06-28,missha,missha,1
2025-06-28,mixoon,mixoon,0
2025-06-28,nabota,nabota,0
2025-06-28,newlux,newlux,0
2025-06-28,numbuzin,numbuzin,2
2025-06-28,ohui,ohui,0
2025-06-28,oligio,oligio,0
2025-06-28,olive young,olive young,1
2025-06-28,olive young,olive-young,0
2025-06-28,olive young,olive.young,0
2025-06-28,olive young,olive_young,0
2025-06-28,olive young,oliveyoung,0
2025-06-28,peripera,peripera,3
2025-06-28,potenza,potenza,0
2025-06-28,real barrier,real barrier,4
2025-06-28,real barrier,real-barrier,0
2025-06-28,real barrier,real.barrier,0
2025-06-28,real barrier,real_barrier,0
2025-06-28,real barrier,realbarrier,0
2025-06-28,reedle shot,reedle shot,2
2025-06-28,reedle shot,reedle-shot,0
2025-06-28,reedle shot,reedle.shot,0
2025-06-28,reedle shot,reedle_shot,0
2025-06-28,reedle shot,reedleshot,0
2025-06-28,rejuran,rejuran,4
2025-06-28,rentox,rentox,0
2025-06-28,rom&nd,rom&nd,3
2025-06-28,rom&nd,romnd,0
2025-06-28,round lab,round lab,0
2025-06-28,round lab,round-lab,0
2025-06-28,round lab,round.lab,0
2025-06-28,round lab,round_lab,0
2025-06-28,round lab,roundlab,1
2025-06-28,shurink,shurink,0
2025-06-28,skin1004,skin1004,12
2025-06-28,stylekorean,stylekorean,0
2025-06-28,stylevana,stylevana,0
2025-06-28,sulwhasoo,sulwhasoo,0
2025-06-28,sylfirm,sylfirm,0
2025-06-28,the whoo,the whoo,0
2025-06-28,the whoo,the-whoo,0
2025-06-28,the whoo,the.whoo,0
2025-06-28,the whoo,the_whoo,0
2025-06-28,the whoo,thewhoo,0
2025-06-28,tirtir,tirtir,4
2025-06-28,tonymoly,tonymoly,0
2025-06-28,torriden,torriden,1
2025-06-28,ultraformer,ultraformer,0
2025-06-28,volnewmer,volnewmer,0
2025-06-28,wellage,wellage,0
2025-06-28,yesstyle,yesstyle,3
2025-06-29,a'pieu,a'pieu,0
2025-06-29,a'pieu,a-pieu,0
2025-06-29,a'pieu,a.pieu,0
2025-06-29,a'pieu,a_pieu,0
2025-06-29,a'pieu,ap,2
2025-06-29,a'pieu,apieu,0
2025-06-29,acropass,acropass,0
2025-06-29,age-r,age-r,0
2025-06-29,age-r,age.r,0
2025-06-29,age-r,age_r,0
2025-06-29,age-r,ager,0
2025-06-29,anua,anua,8
2025-06-29,atopalm,atopalm,0
2025-06-29,bbia,bbia,0
2025-06-29,be the skin,be the skin,24
2025-06-29,be the skin,be-the-skin,0
2025-06-29,be the skin,be.the.skin,0
2025-06-29,be the skin,be_the_skin,0
2025-06-29,be the skin,betheskin,0
2025-06-29,beauty of joseon,beauty of joseon,7
2025-06-29,beauty of joseon,beauty-of-joseon,0
2025-06-29,beauty of joseon,beauty.of.joseon,0
2025-06-29,beauty of joseon,beauty_of_joseon,0
2025-06-29,beauty of joseon,beautyofjoseon,0
2025-06-29,belif,belif,1
2025-06-29,biodance,biodance,0
2025-06-29,boncept,boncept,0
2025-06-29,booster pro,booster pro,0
2025-06-29,booster pro,booster-pro,0
2025-06-29,booster pro,booster.pro,0
2025-06-29,booster pro,booster_pro,0
2025-06-29,booster pro,boosterpro,0
2025-06-29,botulax,botulax,0
2025-06-29,cell fusion c,cell fusion c,0
2025-06-29,cell fusion c,cell-fusion-c,0
2025-06-29,cell fusion c,cell.fusion.c,0
2025-06-29,cell fusion c,cell_fusion_c,0
2025-06-29,cell fusion c,cellfusionc,0
2025-06-29,centellian,centellian,0
2025-06-29,coolfase,coolfase,0
2025-06-29,cosrx,cosrx,11
2025-06-29,dalba,dalba,0
2025-06-29,goodal,goodal,0
2025-06-29,hi focus shot,hi focus shot,4
2025-06-29,hi focus shot,hi-focus-shot,0
2025-06-29,hi focus shot,hi.focus.shot,0
2025-06-29,hi focus shot,hi_focus_shot,0
2025-06-29,hi focus shot,hifocusshot,0
2025-06-29,history of whoo,history of whoo,0
2025-06-29,history of whoo,history-of-whoo,0
2025-06-29,history of whoo,history.of.whoo,0
2025-06-29,history of whoo,history_of_whoo,0
2025-06-29,history of whoo,historyofwhoo,0
2025-06-29,hwahae,hwahae,0
2025-06-29,innisfree,innisfree,5
2025-06-29,innotox,innotox,1
2025-06-29,iope,iope,0
2025-06-29,jeuveau,jeuveau,0
2025-06-29,jevegel,jevegel,0
2025-06-29,jolse,jolse,0
2025-06-29,juvelook,juvelook,0
2025-06-29,laneige,laneige,7
2025-06-29,letybo,letybo,0
2025-06-29,madeca,madeca,0
2025-06-29,mamonde,mamonde,0
2025-06-29,manyo,manyo,2
2025-06-29,medicube,medicube,6
2025-06-29,merzy,merzy,0
2025-06-29,mighty patch,mighty patch,0
2025-06-29,mighty patch,mighty-patch,0
2025-06-29,mighty patch,mighty.patch,0
2025-06-29,mighty patch,mighty_patch,0
2025-06-29,mighty patch,mightypatch,0
2025-06-29,missha,missha,1
2025-06-29,mixoon,mixoon,0
2025-06-29,nabota,nabota,0
2025-06-29,newlux,newlux,0
2025-06-29,numbuzin,numbuzin,2
2025-06-29,ohui,ohui,0
2025-06-29,oligio,oligio,0
2025-06-29,olive young,olive young,1
2025-06-29,olive young,olive-young,0
2025-06-29,olive young,olive.young,0
2025-06-29,olive young,olive_young,0
2025-06-29,olive young,oliveyoung,0
2025-06-29,peripera,peripera,1
2025-06-29,potenza,potenza,0
2025-06-29,real barrier,real barrier,0
2025-06-29,real barrier,real-barrier,0
2025-06-29,real barrier,real.barrier,0
2025-06-29,real barrier,real_barrier,0
2025-06-29,real barrier,realbarrier,0
2025-06-29,reedle shot,reedle shot,2
2025-06-29,reedle shot,reedle-shot,0
2025-06-29,reedle shot,reedle.shot,0
2025-06-29,reedle shot,reedle_shot,0
2025-06-29,reedle shot,reedleshot,0
2025-06-29,rejuran,rejuran,0
2025-06-29,rentox,rentox,0
2025-06-29,rom&nd,rom&nd,5
2025-06-29,rom&nd,romnd,0
2025-06-29,round lab,round lab,2
2025-06-29,round lab,round-lab,0
2025-06-29,round lab,round.lab,0
2025-06-29,round lab,round_lab,0
2025-06-29,round lab,roundlab,1
2025-06-29,shurink,shurink,0
2025-06-29,skin1004,skin1004,4
2025-06-29,stylekorean,stylekorean,0
2025-06-29,stylevana,stylevana,1
2025-06-29,sulwhasoo,sulwhasoo,0
2025-06-29,sylfirm,sylfirm,0
2025-06-29,the whoo,the whoo,0
2025-06-29,the whoo,the-whoo,0
2025-06-29,the whoo,the.whoo,0
2025-06-29,the whoo,the_whoo,0
2025-06-29,the whoo,thewhoo,0
2025-06-29,tirtir,tirtir,5
2025-06-29,tonymoly,tonymoly,0
2025-06-29,torriden,torriden,1
2025-06-29,ultraformer,ultraformer,0
2025-06-29,volnewmer,volnewmer,0
2025-06-29,wellage,wellage,0
2025-06-29,yesstyle,yesstyle,1
2025-06-30,a'pieu,a'pieu,0
2025-06-30,a'pieu,a-pieu,0
2025-06-30,a'pieu,a.pieu,0
2025-06-30,a'pieu,a_pieu,0
2025-06-30,a'pieu,ap,1
2025-06-30,a'pieu,apieu,0
2025-06-30,acropass,acropass,0
2025-06-30,age-r,age-r,2
2025-06-30,age-r,age.r,0
2025-06-30,age-r,age_r,0
2025-06-30,age-r,ager,0
2025-06-30,anua,anua,5
2025-06-30,atopalm,atopalm,0
2025-06-30,bbia,bbia,0
2025-06-30,be the skin,be the skin,15
2025-06-30,be the skin,be-the-skin,0
2025-06-30,be the skin,be.the.skin,0
2025-06-30,be the skin,be_the_skin,0
2025-06-30,be the skin,betheskin,0
2025-06-30,beauty of joseon,beauty of joseon,7
2025-06-30,beauty of joseon,beauty-of-joseon,0
2025-06-30,beauty of joseon,beauty.of.joseon,0
2025-06-30,beauty of joseon,beauty_of_joseon,0
2025-06-30,beauty of joseon,beautyofjoseon,0
2025-06-30,belif,belif,0
2025-06-30,biodance,biodance,3
2025-06-30,boncept,boncept,0
2025-06-30,booster pro,booster pro,1
2025-06-30,booster pro,booster-pro,0
2025-06-30,booster pro,booster.pro,0
2025-06-30,booster pro,booster_pro,0
2025-06-30,booster pro,boosterpro,0
2025-06-30,botulax,botulax,0
2025-06-30,cell fusion c,cell fusion c,0
2025-06-30,cell fusion c,cell-fusion-c,0
2025-06-30,cell fusion c,cell.fusion.c,0
2025-06-30,cell fusion c,cell_fusion_c,0
2025-06-30,cell fusion c,cellfusionc,0
2025-06-30,centellian,centellian,0
2025-06-30,coolfase,coolfase,0
2025-06-30,cosrx,cosrx,5
2025-06-30,dalba,dalba,1
2025-06-30,goodal,goodal,1
2025-06-30,hi focus shot,hi focus shot,0
2025-06-30,hi focus shot,hi-focus-shot,0
2025-06-30,hi focus shot,hi.focus.shot,0
2025-06-30,hi focus shot,hi_focus_shot,0
2025-06-30,hi focus shot,hifocusshot,0
2025-06-30,history of whoo,history of whoo,0
2025-06-30,history of whoo,history-of-whoo,0
2025-06-30,history of whoo,history.of.whoo,0
2025-06-30,history of whoo,history_of_whoo,0
2025-06-30,history of whoo,historyofwhoo,0
2025-06-30,hwahae,hwahae,0
2025-06-30,innisfree,innisfree,2
2025-06-30,innotox,innotox,0
2025-06-30,iope,iope,1
2025-06-30,jeuveau,jeuveau,0
2025-06-30,jevegel,jevegel,0
2025-06-30,jolse,jolse,0
2025-06-30,juvelook,juvelook,0
2025-06-30,laneige,laneige,8
2025-06-30,letybo,letybo,0
2025-06-30,madeca,madeca,0
2025-06-30,mamonde,mamonde,0
2025-06-30,manyo,manyo,1
2025-06-30,medicube,medicube,5
2025-06-30,merzy,merzy,0
2025-06-30,mighty patch,mighty patch,0
2025-06-30,mighty patch,mighty-patch,0
2025-06-30,mighty patch,mighty.patch,0
2025-06-30,mighty patch,mighty_patch,0
2025-06-30,mighty patch,mightypatch,0
2025-06-30,missha,missha,0
2025-06-30,mixoon,mixoon,0
2025-06-30,nabota,nabota,0
2025-06-30,newlux,newlux,0
2025-06-30,numbuzin,numbuzin,1
2025-06-30,ohui,ohui,0
2025-06-30,oligio,oligio,0
2025-06-30,olive young,olive young,1
2025-06-30,olive young,olive-young,0
2025-06-30,olive young,olive.young,0
2025-06-30,olive young,olive_young,0
2025-06-30,olive young,oliveyoung,0
2025-06-30,peripera,peripera,2
2025-06-30,potenza,potenza,0
2025-06-30,real barrier,real barrier,2
2025-06-30,real barrier,real-barrier,0
2025-06-30,real barrier,real.barrier,0
2025-06-30,real barrier,real_barrier,0
2025-06-30,real barrier,realbarrier,0
2025-06-30,reedle shot,reedle shot,1
2025-06-30,reedle shot,reedle-shot,0
2025-06-30,reedle shot,reedle.shot,0
2025-06-30,reedle shot,reedle_shot,0
2025-06-30,reedle shot,reedleshot,0
2025-06-30,rejuran,rejuran,2
2025-06-30,rentox,rentox,0
2025-06-30,rom&nd,rom&nd,1
2025-06-30,rom&nd,romnd,0
2025-06-30,round lab,round lab,2
2025-06-30,round lab,round-lab,0
2025-06-30,round lab,round.lab,0
2025-06-30,round lab,round_lab,0
2025-06-30,round lab,roundlab,0
2025-06-30,shurink,shurink,0
2025-06-30,skin1004,skin1004,3
2025-06-30,stylekorean,stylekorean,0
2025-06-30,stylevana,stylevana,1
2025-06-30,sulwhasoo,sulwhasoo,0
2025-06-30,sylfirm,sylfirm,0
2025-06-30,the whoo,the whoo,0
2025-06-30,the whoo,the-whoo,0
2025-06-30,the whoo,the.whoo,0
2025-06-30,the whoo,the_whoo,0
2025-06-30,the whoo,thewhoo,0
2025-06-30,tirtir,tirtir,3
2025-06-30,tonymoly,tonymoly,0
2025-06-30,torriden,torriden,1
2025-06-30,ultraformer,ultraformer,0
2025-06-30,volnewmer,volnewmer,0
2025-06-30,wellage,wellage,0
2025-06-30,yesstyle,yesstyle,2
2025-07-01,a'pieu,a'pieu,1
2025-07-01,a'pieu,a-pieu,0
2025-07-01,a'pieu,a.pieu,0
2025-07-01,a'pieu,a_pieu,0
2025-07-01,a'pieu,ap,2
2025-07-01,a'pieu,apieu,0
2025-07-01,acropass,acropass,0
2025-07-01,age-r,age-r,3
2025-07-01,age-r,age.r,0
2025-07-01,age-r,age_r,0
2025-07-01,age-r,ager,0
2025-07-01,anua,anua,6
2025-07-01,atopalm,atopalm,0
2025-07-01,bbia,bbia,1
2025-07-01,be the skin,be the skin,17
2025-07-01,be the skin,be-the-skin,0
2025-07-01,be the skin,be.the.skin,0
2025-07-01,be the skin,be_the_skin,0
2025-07-01,be the skin,betheskin,0
2025-07-01,beauty of joseon,beauty of joseon,7
2025-07-01,beauty of joseon,beauty-of-joseon,0
2025-07-01,beauty of joseon,beauty.of.joseon,0
2025-07-01,beauty of joseon,beauty_of_joseon,0
2025-07-01,beauty of joseon,beautyofjoseon,0
2025-07-01,belif,belif,2
2025-07-01,biodance,biodance,1
2025-07-01,boncept,boncept,0
2025-07-01,booster pro,booster pro,0
2025-07-01,booster pro,booster-pro,0
2025-07-01,booster pro,booster.pro,0
2025-07-01,booster pro,booster_pro,0
2025-07-01,booster pro,boosterpro,0
2025-07-01,botulax,botulax,1
2025-07-01,cell fusion c,cell fusion c,1
2025-07-01,cell fusion c,cell-fusion-c,0
2025-07-01,cell fusion c,cell.fusion.c,0
2025-07-01,cell fusion c,cell_fusion_c,0
2025-07-01,cell fusion c,cellfusionc,0
2025-07-01,centellian,centellian,0
2025-07-01,coolfase,coolfase,0
2025-07-01,cosrx,cosrx,11
2025-07-01,dalba,dalba,0
2025-07-01,goodal,goodal,0
2025-07-01,hi focus shot,hi focus shot,4
2025-07-01,hi focus shot,hi-focus-shot,0
2025-07-01,hi focus shot,hi.focus.shot,0
2025-07-01,hi focus shot,hi_focus_shot,0
2025-07-01,hi focus shot,hifocusshot,0
2025-07-01,history of whoo,history of whoo,0
2025-07-01,history of whoo,history-of-whoo,0
2025-07-01,history of whoo,history.of.whoo,0
2025-07-01,history of whoo,history_of_whoo,0
2025-07-01,history of whoo,historyofwhoo,0
2025-07-01,hwahae,hwahae,0
2025-07-01,innisfree,innisfree,4
2025-07-01,innotox,innotox,5
2025-07-01,iope,iope,0
2025-07-01,jeuveau,jeuveau,0
2025-07-01,jevegel,jevegel,0
2025-07-01,jolse,jolse,0
2025-07-01,juvelook,juvelook,0
2025-07-01,laneige,laneige,13
2025-07-01,letybo,letybo,0
2025-07-01,madeca,madeca,0
2025-07-01,mamonde,mamonde,0
2025-07-01,manyo,manyo,3
2025-07-01,medicube,medicube,7
2025-07-01,merzy,merzy,0
2025-07-01,mighty patch,mighty patch,2
2025-07-01,mighty patch,mighty-patch,0
2025-07-01,mighty patch,mighty.patch,0
2025-07-01,mighty patch,mighty_patch,0
2025-07-01,mighty patch,mightypatch,0
2025-07-01,missha,missha,3
2025-07-01,mixoon,mixoon,0
2025-07-01,nabota,nabota,1
2025-07-01,newlux,newlux,0
2025-07-01,numbuzin,numbuzin,6
2025-07-01,ohui,ohui,0
2025-07-01,oligio,oligio,0
2025-07-01,olive young,olive young,3
2025-07-01,olive young,olive-young,0
2025-07-01,olive young,olive.young,0
2025-07-01,olive young,olive_young,0
2025-07-01,olive young,oliveyoung,0
2025-07-01,peripera,peripera,1
2025-07-01,potenza,potenza,0
2025-07-01,real barrier,real barrier,3
2025-07-01,real barrier,real-barrier,0
2025-07-01,real barrier,real.barrier,0
2025-07-01,real barrier,real_barrier,0
2025-07-01,real barrier,realbarrier,0
2025-07-01,reedle shot,reedle shot,2
2025-07-01,reedle shot,reedle-shot,0
2025-07-01,reedle shot,reedle.shot,0
2025-07-01,reedle shot,reedle_shot,0
2025-07-01,reedle shot,reedleshot,0
2025-07-01,rejuran,rejuran,3
2025-07-01,rentox,rentox,1
2025-07-01,rom&nd,rom&nd,3
2025-07-01,rom&nd,romnd,1
2025-07-01,round lab,round lab,5
2025-07-01,round lab,round-lab,0
2025-07-01,round lab,round.lab,0
2025-07-01,round lab,round_lab,0
2025-07-01,round lab,roundlab,1
2025-07-01,shurink,shurink,0
2025-07-01,skin1004,skin1004,8
2025-07-01,stylekorean,stylekorean,0
2025-07-01,stylevana,stylevana,0
2025-07-01,sulwhasoo,sulwhasoo,0
2025-07-01,sylfirm,sylfirm,0
2025-07-01,the whoo,the whoo,0
2025-07-01,the whoo,the-whoo,0
2025-07-01,the whoo,the.whoo,0
2025-07-01,the whoo,the_whoo,0
2025-07-01,the whoo,thewhoo,0
2025-07-01,tirtir,tirtir,4
2025-07-01,tonymoly,tonymoly,2
2025-07-01,torriden,torriden,1
2025-07-01,ultraformer,ultraformer,0
2025-07-01,volnewmer,volnewmer,0
2025-07-01,wellage,wellage,1
2025-07-01,yesstyle,yesstyle,6
2025-07-02,a'pieu,a'pieu,0
2025-07-02,a'pieu,a-pieu,0
2025-07-02,a'pieu,a.pieu,0
2025-07-02,a'pieu,a_pieu,0
2025-07-02,a'pieu,ap,2
2025-07-02,a'pieu,apieu,0
2025-07-02,acropass,acropass,0
2025-07-02,age-r,age-r,1
2025-07-02,age-r,age.r,0
2025-07-02,age-r,age_r,0
2025-07-02,age-r,ager,0
2025-07-02,anua,anua,5
2025-07-02,atopalm,atopalm,0
2025-07-02,bbia,bbia,0
2025-07-02,be the skin,be the skin,15
2025-07-02,be the skin,be-the-skin,0
2025-07-02,be the skin,be.the.skin,0
2025-07-02,be the skin,be_the_skin,0
2025-07-02,be the skin,betheskin,0
2025-07-02,beauty of joseon,beauty of joseon,7
2025-07-02,beauty of joseon,beauty-of-joseon,0
2025-07-02,beauty of joseon,beauty.of.joseon,0
2025-07-02,beauty of joseon,beauty_of_joseon,0
2025-07-02,beauty of joseon,beautyofjoseon,0
2025-07-02,belif,belif,1
2025-07-02,biodance,biodance,0
2025-07-02,boncept,boncept,0
2025-07-02,booster pro,booster pro,1
2025-07-02,booster pro,booster-pro,0
2025-07-02,booster pro,booster.pro,0
2025-07-02,booster pro,booster_pro,0
2025-07-02,booster pro,boosterpro,0
2025-07-02,botulax,botulax,1
2025-07-02,cell fusion c,cell fusion c,0
2025-07-02,cell fusion c,cell-fusion-c,0
2025-07-02,cell fusion c,cell.fusion.c,0
2025-07-02,cell fusion c,cell_fusion_c,0
2025-07-02,cell fusion c,cellfusionc,0
2025-07-02,centellian,centellian,0
2025-07-02,coolfase,coolfase,0
2025-07-02,cosrx,cosrx,14
2025-07-02,dalba,dalba,0
2025-07-02,goodal,goodal,0
2025-07-02,hi focus shot,hi focus shot,2
2025-07-02,hi focus shot,hi-focus-shot,0
2025-07-02,hi focus shot,hi.focus.shot,0
2025-07-02,hi focus shot,hi_focus_shot,0
2025-07-02,hi focus shot,hifocusshot,0
2025-07-02,history of whoo,history of whoo,0
2025-07-02,history of whoo,history-of-whoo,0
2025-07-02,history of whoo,history.of.whoo,0
2025-07-02,history of whoo,history_of_whoo,0
2025-07-02,history of whoo,historyofwhoo,0
2025-07-02,hwahae,hwahae,0
2025-07-02,innisfree,innisfree,1
2025-07-02,innotox,innotox,1
2025-07-02,iope,iope,1
2025-07-02,jeuveau,jeuveau,0
2025-07-02,jevegel,jevegel,0
2025-07-02,jolse,jolse,0
2025-07-02,juvelook,juvelook,0
2025-07-02,laneige,laneige,2
2025-07-02,letybo,letybo,0
2025-07-02,madeca,madeca,0
2025-07-02,mamonde,mamonde,2
2025-07-02,manyo,manyo,3
2025-07-02,medicube,medicube,5
2025-07-02,merzy,merzy,0
2025-07-02,mighty patch,mighty patch,0
2025-07-02,mighty patch,mighty-patch,0
2025-07-02,mighty patch,mighty.patch,0
2025-07-02,mighty patch,mighty_patch,0
2025-07-02,mighty patch,mightypatch,0
2025-07-02,missha,missha,1
2025-07-02,mixoon,mixoon,0
2025-07-02,nabota,nabota,0
2025-07-02,newlux,newlux,0
2025-07-02,numbuzin,numbuzin,0
2025-07-02,ohui,ohui,0
2025-07-02,oligio,oligio,0
2025-07-02,olive young,olive young,5
2025-07-02,olive young,olive-young,0
2025-07-02,olive young,olive.young,0
2025-07-02,olive young,olive_young,0
2025-07-02,olive young,oliveyoung,0
2025-07-02,peripera,peripera,0
2025-07-02,potenza,potenza,0
2025-07-02,real barrier,real barrier,0
2025-07-02,real barrier,real-barrier,0
2025-07-02,real barrier,real.barrier,0
2025-07-02,real barrier,real_barrier,0
2025-07-02,real barrier,realbarrier,0
2025-07-02,reedle shot,reedle shot,2
2025-07-02,reedle shot,reedle-shot,0
2025-07-02,reedle shot,reedle.shot,0
2025-07-02,reedle shot,reedle_shot,0
2025-07-02,reedle shot,reedleshot,0
2025-07-02,rejuran,rejuran,3
2025-07-02,rentox,rentox,0
2025-07-02,rom&nd,rom&nd,3
2025-07-02,rom&nd,romnd,0
2025-07-02,round lab,round lab,1
2025-07-02,round lab,round-lab,0
2025-07-02,round lab,round.lab,0
2025-07-02,round lab,round_lab,0
2025-07-02,round lab,roundlab,0
2025-07-02,shurink,shurink,0
2025-07-02,skin1004,skin1004,5
2025-07-02,stylekorean,stylekorean,0
2025-07-02,stylevana,stylevana,2
2025-07-02,sulwhasoo,sulwhasoo,0
2025-07-02,sylfirm,sylfirm,0
2025-07-02,the whoo,the whoo,0
2025-07-02,the whoo,the-whoo,0
2025-07-02,the whoo,the.whoo,0
2025-07-02,the whoo,the_whoo,0
2025-07-02,the whoo,thewhoo,0
2025-07-02,tirtir,tirtir,6
2025-07-02,tonymoly,tonymoly,2
2025-07-02,torriden,torriden,0
2025-07-02,ultraformer,ultraformer,0
2025-07-02,volnewmer,volnewmer,0
2025-07-02,wellage,wellage,0
2025-07-02,yesstyle,yesstyle,4
2025-07-03,a'pieu,a'pieu,0
2025-07-03,a'pieu,a-pieu,0
2025-07-03,a'pieu,a.pieu,0
2025-07-03,a'pieu,a_pieu,0
2025-07-03,a'pieu,ap,0
2025-07-03,a'pieu,apieu,0
2025-07-03,acropass,acropass,0
2025-07-03,age-r,age-r,0
2025-07-03,age-r,age.r,0
2025-07-03,age-r,age_r,0
2025-07-03,age-r,ager,0
2025-07-03,anua,anua,8
2025-07-03,atopalm,atopalm,0
2025-07-03,bbia,bbia,0
2025-07-03,be the skin,be the skin,19
2025-07-03,be the skin,be-the-skin,0
2025-07-03,be the skin,be.the.skin,0
2025-07-03,be the skin,be_the_skin,0
2025-07-03,be the skin,betheskin,0
2025-07-03,beauty of joseon,beauty of joseon,9
2025-07-03,beauty of joseon,beauty-of-joseon,0
2025-07-03,beauty of joseon,beauty.of.joseon,0
2025-07-03,beauty of joseon,beauty_of_joseon,0
2025-07-03,beauty of joseon,beautyofjoseon,0
2025-07-03,belif,belif,2
2025-07-03,biodance,biodance,0
2025-07-03,boncept,boncept,0
2025-07-03,booster pro,booster pro,0
2025-07-03,booster pro,booster-pro,0
2025-07-03,booster pro,booster.pro,0
2025-07-03,booster pro,booster_pro,0
2025-07-03,booster pro,boosterpro,0
2025-07-03,botulax,botulax,0
2025-07-03,cell fusion c,cell fusion c,0
2025-07-03,cell fusion c,cell-fusion-c,0
2025-07-03,cell fusion c,cell.fusion.c,0
2025-07-03,cell fusion c,cell_fusion_c,0
2025-07-03,cell fusion c,cellfusionc,0
2025-07-03,centellian,centellian,0
2025-07-03,coolfase,coolfase,0
2025-07-03,cosrx,cosrx,16
2025-07-03,dalba,dalba,1
2025-07-03,goodal,goodal,0
2025-07-03,hi focus shot,hi focus shot,2
2025-07-03,hi focus shot,hi-focus-shot,0
2025-07-03,hi focus shot,hi.focus.shot,0
2025-07-03,hi focus shot,hi_focus_shot,0
2025-07-03,hi focus shot,hifocusshot,0
2025-07-03,history of whoo,history of whoo,0
2025-07-03,history of whoo,history-of-whoo,0
2025-07-03,history of whoo,history.of.whoo,0
2025-07-03,history of whoo,history_of_whoo,0
2025-07-03,history of whoo,historyofwhoo,0
2025-07-03,hwahae,hwahae,0
2025-07-03,innisfree,innisfree,1
2025-07-03,innotox,innotox,3
2025-07-03,iope,iope,0
2025-07-03,jeuveau,jeuveau,0
2025-07-03,jevegel,jevegel,0
2025-07-03,jolse,jolse,0
2025-07-03,juvelook,juvelook,1
2025-07-03,laneige,laneige,7
2025-07-03,letybo,letybo,0
2025-07-03,madeca,madeca,0
2025-07-03,mamonde,mamonde,0
2025-07-03,manyo,manyo,0
2025-07-03,medicube,medicube,2
2025-07-03,merzy,merzy,0
2025-07-03,mighty patch,mighty patch,0
2025-07-03,mighty patch,mighty-patch,0
2025-07-03,mighty patch,mighty.patch,0
2025-07-03,mighty patch,mighty_patch,0
2025-07-03,mighty patch,mightypatch,0
2025-07-03,missha,missha,1
2025-07-03,mixoon,mixoon,0
2025-07-03,nabota,nabota,0
2025-07-03,newlux,newlux,0
2025-07-03,numbuzin,numbuzin,0
2025-07-03,ohui,ohui,0
2025-07-03,oligio,oligio,0
2025-07-03,olive young,olive young,1
2025-07-03,olive young,olive-young,0
2025-07-03,olive young,olive.young,0
2025-07-03,olive young,olive_young,0
2025-07-03,olive young,oliveyoung,0
2025-07-03,peripera,peripera,2
2025-07-03,potenza,potenza,0
2025-07-03,real barrier,real barrier,0
2025-07-03,real barrier,real-barrier,0
2025-07-03,real barrier,real.barrier,0
2025-07-03,real barrier,real_barrier,0
2025-07-03,real barrier,realbarrier,0
2025-07-03,reedle shot,reedle shot,1
2025-07-03,reedle shot,reedle-shot,0
2025-07-03,reedle shot,reedle.shot,0
2025-07-03,reedle shot,reedle_shot,0
2025-07-03,reedle shot,reedleshot,0
2025-07-03,rejuran,rejuran,2
2025-07-03,rentox,rentox,0
2025-07-03,rom&nd,rom&nd,1
2025-07-03,rom&nd,romnd,0
2025-07-03,round lab,round lab,3
2025-07-03,round lab,round-lab,0
2025-07-03,round lab,round.lab,0
2025-07-03,round lab,round_lab,0
2025-07-03,round lab,roundlab,0
2025-07-03,shurink,shurink,0
2025-07-03,skin1004,skin1004,3
2025-07-03,stylekorean,stylekorean,0
2025-07-03,stylevana,stylevana,0
2025-07-03,sulwhasoo,sulwhasoo,0
2025-07-03,sylfirm,sylfirm,0
2025-07-03,the whoo,the whoo,0
2025-07-03,the whoo,the-whoo,0
2025-07-03,the whoo,the.whoo,0
2025-07-03,the whoo,the_whoo,0
2025-07-03,the whoo,thewhoo,0
2025-07-03,tirtir,tirtir,2
2025-07-03,tonymoly,tonymoly,1
2025-07-03,torriden,torriden,1
2025-07-03,ultraformer,ultraformer,0
2025-07-03,volnewmer,volnewmer,0
2025-07-03,wellage,wellage,0
2025-07-03,yesstyle,yesstyle,5
2025-07-04,a'pieu,a'pieu,1
2025-07-04,a'pieu,a-pieu,0
2025-07-04,a'pieu,a.pieu,0
2025-07-04,a'pieu,a_pieu,0
2025-07-04,a'pieu,ap,1
2025-07-04,a'pieu,apieu,0
2025-07-04,acropass,acropass,0
2025-07-04,age-r,age-r,2
2025-07-04,age-r,age.r,0
2025-07-04,age-r,age_r,0
2025-07-04,age-r,ager,0
2025-07-04,anua,anua,3
2025-07-04,atopalm,atopalm,0
2025-07-04,bbia,bbia,1
2025-07-04,be the skin,be the skin,13
2025-07-04,be the skin,be-the-skin,0
2025-07-04,be the skin,be.the.skin,0
2025-07-04,be the skin,be_the_skin,0
2025-07-04,be the skin,betheskin,0
2025-07-04,beauty of joseon,beauty of joseon,9
2025-07-04,beauty of joseon,beauty-of-joseon,0
2025-07-04,beauty of joseon,beauty.of.joseon,0
2025-07-04,beauty of joseon,beauty_of_joseon,0
2025-07-04,beauty of joseon,beautyofjoseon,0
2025-07-04,belif,belif,0
2025-07-04,biodance,biodance,1
2025-07-04,boncept,boncept,0
2025-07-04,booster pro,booster pro,0
2025-07-04,booster pro,booster-pro,0
2025-07-04,booster pro,booster.pro,0
2025-07-04,booster pro,booster_pro,0
2025-07-04,booster pro,boosterpro,0
2025-07-04,botulax,botulax,0
2025-07-04,cell fusion c,cell fusion c,0
2025-07-04,cell fusion c,cell-fusion-c,0
2025-07-04,cell fusion c,cell.fusion.c,0
2025-07-04,cell fusion c,cell_fusion_c,0
2025-07-04,cell fusion c,cellfusionc,0
2025-07-04,centellian,centellian,0
2025-07-04,coolfase,coolfase,0
2025-07-04,cosrx,cosrx,10
2025-07-04,dalba,dalba,0
2025-07-04,goodal,goodal,0
2025-07-04,hi focus shot,hi focus shot,4
2025-07-04,hi focus shot,hi-focus-shot,0
2025-07-04,hi focus shot,hi.focus.shot,0
2025-07-04,hi focus shot,hi_focus_shot,0
2025-07-04,hi focus shot,hifocusshot,0
2025-07-04,history of whoo,history of whoo,1
2025-07-04,history of whoo,history-of-whoo,0
2025-07-04,history of whoo,history.of.whoo,0
2025-07-04,history of whoo,history_of_whoo,0
2025-07-04,history of whoo,historyofwhoo,0
2025-07-04,hwahae,hwahae,0
2025-07-04,innisfree,innisfree,3
2025-07-04,innotox,innotox,2
2025-07-04,iope,iope,1
2025-07-04,jeuveau,jeuveau,0
2025-07-04,jevegel,jevegel,0
2025-07-04,jolse,jolse,1
2025-07-04,juvelook,juvelook,0
2025-07-04,laneige,laneige,10
2025-07-04,letybo,letybo,0
2025-07-04,madeca,madeca,1
2025-07-04,mamonde,mamonde,0
2025-07-04,manyo,manyo,3
2025-07-04,medicube,medicube,4
2025-07-04,merzy,merzy,0
2025-07-04,mighty patch,mighty patch,0
2025-07-04,mighty patch,mighty-patch,0
2025-07-04,mighty patch,mighty.patch,0
2025-07-04,mighty patch,mighty_patch,0
2025-07-04,mighty patch,mightypatch,0
2025-07-04,missha,missha,1
2025-07-04,mixoon,mixoon,0
2025-07-04,nabota,nabota,0
2025-07-04,newlux,newlux,0
2025-07-04,numbuzin,numbuzin,3
2025-07-04,ohui,ohui,0
2025-07-04,oligio,oligio,0
2025-07-04,olive young,olive young,2
2025-07-04,olive young,olive-young,0
2025-07-04,olive young,olive.young,0
2025-07-04,olive young,olive_young,0
2025-07-04,olive young,oliveyoung,0
2025-07-04,peripera,peripera,3
2025-07-04,potenza,potenza,0
2025-07-04,real barrier,real barrier,3
2025-07-04,real barrier,real-barrier,0
2025-07-04,real barrier,real.barrier,0
2025-07-04,real barrier,real_barrier,0
2025-07-04,real barrier,realbarrier,1
2025-07-04,reedle shot,reedle shot,2
2025-07-04,reedle shot,reedle-shot,0
2025-07-04,reedle shot,reedle.shot,0
2025-07-04,reedle shot,reedle_shot,0
2025-07-04,reedle shot,reedleshot,0
2025-07-04,rejuran,rejuran,4
2025-07-04,rentox,rentox,0
2025-07-04,rom&nd,rom&nd,4
2025-07-04,rom&nd,romnd,0
2025-07-04,round lab,round lab,4
2025-07-04,round lab,round-lab,0
2025-07-04,round lab,round.lab,0
2025-07-04,round lab,round_lab,0
2025-07-04,round lab,roundlab,2
2025-07-04,shurink,shurink,0
2025-07-04,skin1004,skin1004,10
2025-07-04,stylekorean,stylekorean,1
2025-07-04,stylevana,stylevana,3
2025-07-04,sulwhasoo,sulwhasoo,0
2025-07-04,sylfirm,sylfirm,0
2025-07-04,the whoo,the whoo,1
2025-07-04,the whoo,the-whoo,0
2025-07-04,the whoo,the.whoo,0
2025-07-04,the whoo,the_whoo,0
2025-07-04,the whoo,thewhoo,0
2025-07-04,tirtir,tirtir,6
2025-07-04,tonymoly,tonymoly,2
2025-07-04,torriden,torriden,3
2025-07-04,ultraformer,ultraformer,0
2025-07-04,volnewmer,volnewmer,0
2025-07-04,wellage,wellage,0
2025-07-04,yesstyle,yesstyle,13
2025-07-05,a'pieu,a'pieu,1
2025-07-05,a'pieu,a-pieu,0
2025-07-05,a'pieu,a.pieu,0
2025-07-05,a'pieu,a_pieu,0
2025-07-05,a'pieu,ap,1
2025-07-05,a'pieu,apieu,0
2025-07-05,acropass,acropass,0
2025-07-05,age-r,age-r,3
2025-07-05,age-r,age.r,0
2025-07-05,age-r,age_r,0
2025-07-05,age-r,ager,0
2025-07-05,anua,anua,9
2025-07-05,atopalm,atopalm,0
2025-07-05,bbia,bbia,2
2025-07-05,be the skin,be the skin,18
2025-07-05,be the skin,be-the-skin,0
2025-07-05,be the skin,be.the.skin,0
2025-07-05,be the skin,be_the_skin,0
2025-07-05,be the skin,betheskin,0
2025-07-05,beauty of joseon,beauty of joseon,7
2025-07-05,beauty of joseon,beauty-of-joseon,0
2025-07-05,beauty of joseon,beauty.of.joseon,0
2025-07-05,beauty of joseon,beauty_of_joseon,0
2025-07-05,beauty of joseon,beautyofjoseon,0
2025-07-05,belif,belif,0
2025-07-05,biodance,biodance,3
2025-07-05,boncept,boncept,0
2025-07-05,booster pro,booster pro,2
2025-07-05,booster pro,booster-pro,0
2025-07-05,booster pro,booster.pro,0
2025-07-05,booster pro,booster_pro,0
2025-07-05,booster pro,boosterpro,0
2025-07-05,botulax,botulax,0
2025-07-05,cell fusion c,cell fusion c,1
2025-07-05,cell fusion c,cell-fusion-c,0
2025-07-05,cell fusion c,cell.fusion.c,0
2025-07-05,cell fusion c,cell_fusion_c,0
2025-07-05,cell fusion c,cellfusionc,0
2025-07-05,centellian,centellian,0
2025-07-05,coolfase,coolfase,0
2025-07-05,cosrx,cosrx,10
2025-07-05,dalba,dalba,1
2025-07-05,goodal,goodal,0
2025-07-05,hi focus shot,hi focus shot,1
2025-07-05,hi focus shot,hi-focus-shot,0
2025-07-05,hi focus shot,hi.focus.shot,0
2025-07-05,hi focus shot,hi_focus_shot,0
2025-07-05,hi focus shot,hifocusshot,0
2025-07-05,history of whoo,history of whoo,0
2025-07-05,history of whoo,history-of-whoo,0
2025-07-05,history of whoo,history.of.whoo,0
2025-07-05,history of whoo,history_of_whoo,0
2025-07-05,history of whoo,historyofwhoo,0
2025-07-05,hwahae,hwahae,0
2025-07-05,innisfree,innisfree,5
2025-07-05,innotox,innotox,6
2025-07-05,iope,iope,0
2025-07-05,jeuveau,jeuveau,0
2025-07-05,jevegel,jevegel,0
2025-07-05,jolse,jolse,0
2025-07-05,juvelook,juvelook,0
2025-07-05,laneige,laneige,9
2025-07-05,letybo,letybo,0
2025-07-05,madeca,madeca,0
2025-07-05,mamonde,mamonde,0
2025-07-05,manyo,manyo,1
2025-07-05,medicube,medicube,8
2025-07-05,merzy,merzy,0
2025-07-05,mighty patch,mighty patch,0
2025-07-05,mighty patch,mighty-patch,0
2025-07-05,mighty patch,mighty.patch,0
2025-07-05,mighty patch,mighty_patch,0
2025-07-05,mighty patch,mightypatch,0
2025-07-05,missha,missha,0
2025-07-05,mixoon,mixoon,0
2025-07-05,nabota,nabota,0
2025-07-05,newlux,newlux,0
2025-07-05,numbuzin,numbuzin,2
2025-07-05,ohui,ohui,0
2025-07-05,oligio,oligio,0
2025-07-05,olive young,olive young,0
2025-07-05,olive young,olive-young,0
2025-07-05,olive young,olive.young,0
2025-07-05,olive young,olive_young,0
2025-07-05,olive young,oliveyoung,0
2025-07-05,peripera,peripera,3
2025-07-05,potenza,potenza,1
2025-07-05,real barrier,real barrier,0
2025-07-05,real barrier,real-barrier,0
2025-07-05,real barrier,real.barrier,0
2025-07-05,real barrier,real_barrier,0
2025-07-05,real barrier,realbarrier,0
2025-07-05,reedle shot,reedle shot,0
2025-07-05,reedle shot,reedle-shot,0
2025-07-05,reedle shot,reedle.shot,0
2025-07-05,reedle shot,reedle_shot,0
2025-07-05,reedle shot,reedleshot,0
2025-07-05,rejuran,rejuran,3
2025-07-05,rentox,rentox,0
2025-07-05,rom&nd,rom&nd,0
2025-07-05,rom&nd,romnd,0
2025-07-05,round lab,round lab,1
2025-07-05,round lab,round-lab,0
2025-07-05,round lab,round.lab,0
2025-07-05,round lab,round_lab,0
2025-07-05,round lab,roundlab,0
2025-07-05,shurink,shurink,1
2025-07-05,skin1004,skin1004,3
2025-07-05,stylekorean,stylekorean,0
2025-07-05,stylevana,stylevana,0
2025-07-05,sulwhasoo,sulwhasoo,0
2025-07-05,sylfirm,sylfirm,0
2025-07-05,the whoo,the whoo,0
2025-07-05,the whoo,the-whoo,0
2025-07-05,the whoo,the.whoo,0
2025-07-05,the whoo,the_whoo,0
2025-07-05,the whoo,thewhoo,0
2025-07-05,tirtir,tirtir,6
2025-07-05,tonymoly,tonymoly,0
2025-07-05,torriden,torriden,3
2025-07-05,ultraformer,ultraformer,0
2025-07-05,volnewmer,volnewmer,0
2025-07-05,wellage,wellage,0
2025-07-05,yesstyle,yesstyle,7
2025-07-06,a'pieu,a'pieu,0
2025-07-06,a'pieu,a-pieu,0
2025-07-06,a'pieu,a.pieu,0
2025-07-06,a'pieu,a_pieu,0
2025-07-06,a'pieu,ap,2
2025-07-06,a'pieu,apieu,0
2025-07-06,acropass,acropass,0
2025-07-06,age-r,age-r,1
2025-07-06,age-r,age.r,0
2025-07-06,age-r,age_r,0
2025-07-06,age-r,ager,0
2025-07-06,anua,anua,2
2025-07-06,atopalm,atopalm,0
2025-07-06,bbia,bbia,0
2025-07-06,be the skin,be the skin,18
2025-07-06,be the skin,be-the-skin,0
2025-07-06,be the skin,be.the.skin,0
2025-07-06,be the skin,be_the_skin,0
2025-07-06,be the skin,betheskin,0
2025-07-06,beauty of joseon,beauty of joseon,5
2025-07-06,beauty of joseon,beauty-of-joseon,0
2025-07-06,beauty of joseon,beauty.of.joseon,0
2025-07-06,beauty of joseon,beauty_of_joseon,0
2025-07-06,beauty of joseon,beautyofjoseon,0
2025-07-06,belif,belif,2
2025-07-06,biodance,biodance,0
2025-07-06,boncept,boncept,1
2025-07-06,booster pro,booster pro,2
2025-07-06,booster pro,booster-pro,0
2025-07-06,booster pro,booster.pro,0
2025-07-06,booster pro,booster_pro,0
2025-07-06,booster pro,boosterpro,0
2025-07-06,botulax,botulax,1
2025-07-06,cell fusion c,cell fusion c,1
2025-07-06,cell fusion c,cell-fusion-c,0
2025-07-06,cell fusion c,cell.fusion.c,0
2025-07-06,cell fusion c,cell_fusion_c,0
2025-07-06,cell fusion c,cellfusionc,0
2025-07-06,centellian,centellian,0
2025-07-06,coolfase,coolfase,0
2025-07-06,cosrx,cosrx,7
2025-07-06,dalba,dalba,2
2025-07-06,goodal,goodal,2
2025-07-06,hi focus shot,hi focus shot,2
2025-07-06,hi focus shot,hi-focus-shot,0
2025-07-06,hi focus shot,hi.focus.shot,0
2025-07-06,hi focus shot,hi_focus_shot,0
2025-07-06,hi focus shot,hifocusshot,0
2025-07-06,history of whoo,history of whoo,0
2025-07-06,history of whoo,history-of-whoo,0
2025-07-06,history of whoo,history.of.whoo,0
2025-07-06,history of whoo,history_of_whoo,0
2025-07-06,history of whoo,historyofwhoo,0
2025-07-06,hwahae,hwahae,0
2025-07-06,innisfree,innisfree,4
2025-07-06,innotox,innotox,3
2025-07-06,iope,iope,0
2025-07-06,jeuveau,jeuveau,0
2025-07-06,jevegel,jevegel,0
2025-07-06,jolse,jolse,0
2025-07-06,juvelook,juvelook,0
2025-07-06,laneige,laneige,7
2025-07-06,letybo,letybo,0
2025-07-06,madeca,madeca,0
2025-07-06,mamonde,mamonde,0
2025-07-06,manyo,manyo,0
2025-07-06,medicube,medicube,2
2025-07-06,merzy,merzy,0
2025-07-06,mighty patch,mighty patch,1
2025-07-06,mighty patch,mighty-patch,0
2025-07-06,mighty patch,mighty.patch,0
2025-07-06,mighty patch,mighty_patch,0
2025-07-06,mighty patch,mightypatch,0
2025-07-06,missha,missha,1
2025-07-06,mixoon,mixoon,0
2025-07-06,nabota,nabota,1
2025-07-06,newlux,newlux,0
2025-07-06,numbuzin,numbuzin,1
2025-07-06,ohui,ohui,0
2025-07-06,oligio,oligio,0
2025-07-06,olive young,olive young,3
2025-07-06,olive young,olive-young,0
2025-07-06,olive young,olive.young,0
2025-07-06,olive young,olive_young,0
2025-07-06,olive young,oliveyoung,0
2025-07-06,peripera,peripera,2
2025-07-06,potenza,potenza,0
2025-07-06,real barrier,real barrier,2
2025-07-06,real barrier,real-barrier,0
2025-07-06,real barrier,real.barrier,0
2025-07-06,real barrier,real_barrier,0
2025-07-06,real barrier,realbarrier,0
2025-07-06,reedle shot,reedle shot,3
2025-07-06,reedle shot,reedle-shot,0
2025-07-06,reedle shot,reedle.shot,0
2025-07-06,reedle shot,reedle_shot,0
2025-07-06,reedle shot,reedleshot,0
2025-07-06,rejuran,rejuran,3
2025-07-06,rentox,rentox,0
2025-07-06,rom&nd,rom&nd,2
2025-07-06,rom&nd,romnd,0
2025-07-06,round lab,round lab,4
2025-07-06,round lab,round-lab,0
2025-07-06,round lab,round.lab,0
2025-07-06,round lab,round_lab,0
2025-07-06,round lab,roundlab,1
2025-07-06,shurink,shurink,0
2025-07-06,skin1004,skin1004,7
2025-07-06,stylekorean,stylekorean,0
2025-07-06,stylevana,stylevana,3
2025-07-06,sulwhasoo,sulwhasoo,2
2025-07-06,sylfirm,sylfirm,0
2025-07-06,the whoo,the whoo,0
2025-07-06,the whoo,the-whoo,0
2025-07-06,the whoo,the.whoo,0
2025-07-06,the whoo,the_whoo,0
2025-07-06,the whoo,thewhoo,0
2025-07-06,tirtir,tirtir,1
2025-07-06,tonymoly,tonymoly,3
2025-07-06,torriden,torriden,3
2025-07-06,ultraformer,ultraformer,0
2025-07-06,volnewmer,volnewmer,0
2025-07-06,wellage,wellage,0
2025-07-06,yesstyle,yesstyle,8
2025-07-07,a'pieu,a'pieu,0
2025-07-07,a'pieu,a-pieu,0
2025-07-07,a'pieu,a.pieu,0
2025-07-07,a'pieu,a_pieu,0
2025-07-07,a'pieu,ap,0
2025-07-07,a'pieu,apieu,0
2025-07-07,acropass,acropass,0
2025-07-07,age-r,age-r,0
2025-07-07,age-r,age.r,0
2025-07-07,age-r,age_r,0
2025-07-07,age-r,ager,0
2025-07-07,anua,anua,13
2025-07-07,atopalm,atopalm,0
2025-07-07,bbia,bbia,0
2025-07-07,be the skin,be the skin,14
2025-07-07,be the skin,be-the-skin,0
2025-07-07,be the skin,be.the.skin,0
2025-07-07,be the skin,be_the_skin,0
2025-07-07,be the skin,betheskin,0
2025-07-07,beauty of joseon,beauty of joseon,13
2025-07-07,beauty of joseon,beauty-of-joseon,0
2025-07-07,beauty of joseon,beauty.of.joseon,0
2025-07-07,beauty of joseon,beauty_of_joseon,0
2025-07-07,beauty of joseon,beautyofjoseon,0
2025-07-07,belif,belif,0
2025-07-07,biodance,biodance,2
2025-07-07,boncept,boncept,0
2025-07-07,booster pro,booster pro,0
2025-07-07,booster pro,booster-pro,0
2025-07-07,booster pro,booster.pro,0
2025-07-07,booster pro,booster_pro,0
2025-07-07,booster pro,boosterpro,0
2025-07-07,botulax,botulax,0
2025-07-07,cell fusion c,cell fusion c,2
2025-07-07,cell fusion c,cell-fusion-c,0
2025-07-07,cell fusion c,cell.fusion.c,0
2025-07-07,cell fusion c,cell_fusion_c,0
2025-07-07,cell fusion c,cellfusionc,0
2025-07-07,centellian,centellian,0
2025-07-07,coolfase,coolfase,0
2025-07-07,cosrx,cosrx,9
2025-07-07,dalba,dalba,1
2025-07-07,goodal,goodal,0
2025-07-07,hi focus shot,hi focus shot,1
2025-07-07,hi focus shot,hi-focus-shot,0
2025-07-07,hi focus shot,hi.focus.shot,0
2025-07-07,hi focus shot,hi_focus_shot,0
2025-07-07,hi focus shot,hifocusshot,0
2025-07-07,history of whoo,history of whoo,0
2025-07-07,history of whoo,history-of-whoo,0
2025-07-07,history of whoo,history.of.whoo,0
2025-07-07,history of whoo,history_of_whoo,0
2025-07-07,history of whoo,historyofwhoo,0
2025-07-07,hwahae,hwahae,0
2025-07-07,innisfree,innisfree,0
2025-07-07,innotox,innotox,3
2025-07-07,iope,iope,0
2025-07-07,jeuveau,jeuveau,0
2025-07-07,jevegel,jevegel,0
2025-07-07,jolse,jolse,0
2025-07-07,juvelook,juvelook,0
2025-07-07,laneige,laneige,8
2025-07-07,letybo,letybo,0
2025-07-07,madeca,madeca,0
2025-07-07,mamonde,mamonde,0
2025-07-07,manyo,manyo,2
2025-07-07,medicube,medicube,6
2025-07-07,merzy,merzy,0
2025-07-07,mighty patch,mighty patch,0
2025-07-07,mighty patch,mighty-patch,0
2025-07-07,mighty patch,mighty.patch,0
2025-07-07,mighty patch,mighty_patch,0
2025-07-07,mighty patch,mightypatch,0
2025-07-07,missha,missha,2
2025-07-07,mixoon,mixoon,0
2025-07-07,nabota,nabota,0
2025-07-07,newlux,newlux,0
2025-07-07,numbuzin,numbuzin,2
2025-07-07,ohui,ohui,0
2025-07-07,oligio,oligio,0
2025-07-07,olive young,olive young,0
2025-07-07,olive young,olive-young,0
2025-07-07,olive young,olive.young,0
2025-07-07,olive young,olive_young,0
2025-07-07,olive young,oliveyoung,0
2025-07-07,peripera,peripera,1
2025-07-07,potenza,potenza,0
2025-07-07,real barrier,real barrier,2
2025-07-07,real barrier,real-barrier,0
2025-07-07,real barrier,real.barrier,0
2025-07-07,real barrier,real_barrier,0
2025-07-07,real barrier,realbarrier,0
2025-07-07,reedle shot,reedle shot,0
2025-07-07,reedle shot,reedle-shot,0
2025-07-07,reedle shot,reedle.shot,0
2025-07-07,reedle shot,reedle_shot,0
2025-07-07,reedle shot,reedleshot,0
2025-07-07,rejuran,rejuran,0
2025-07-07,rentox,rentox,0
2025-07-07,rom&nd,rom&nd,1
2025-07-07,rom&nd,romnd,0
2025-07-07,round lab,round lab,3
2025-07-07,round lab,round-lab,0
2025-07-07,round lab,round.lab,0
2025-07-07,round lab,round_lab,0
2025-07-07,round lab,roundlab,3
2025-07-07,shurink,shurink,0
2025-07-07,skin1004,skin1004,5
2025-07-07,stylekorean,stylekorean,2
2025-07-07,stylevana,stylevana,1
2025-07-07,sulwhasoo,sulwhasoo,0
2025-07-07,sylfirm,sylfirm,0
2025-07-07,the whoo,the whoo,0
2025-07-07,the whoo,the-whoo,0
2025-07-07,the whoo,the.whoo,0
2025-07-07,the whoo,the_whoo,0
2025-07-07,the whoo,thewhoo,0
2025-07-07,tirtir,tirtir,3
2025-07-07,tonymoly,tonymoly,0
2025-07-07,torriden,torriden,1
2025-07-07,ultraformer,ultraformer,0
2025-07-07,volnewmer,volnewmer,0
2025-07-07,wellage,wellage,0
2025-07-07,yesstyle,yesstyle,5
2025-07-08,a'pieu,a'pieu,0
2025-07-08,a'pieu,a-pieu,0
2025-07-08,a'pieu,a.pieu,0
2025-07-08,a'pieu,a_pieu,0
2025-07-08,a'pieu,ap,0
2025-07-08,a'pieu,apieu,0
2025-07-08,acropass,acropass,0
2025-07-08,age-r,age-r,1
2025-07-08,age-r,age.r,0
2025-07-08,age-r,age_r,0
2025-07-08,age-r,ager,0
2025-07-08,anua,anua,6
2025-07-08,atopalm,atopalm,0
2025-07-08,bbia,bbia,0
2025-07-08,be the skin,be the skin,22
2025-07-08,be the skin,be-the-skin,0
2025-07-08,be the skin,be.the.skin,0
2025-07-08,be the skin,be_the_skin,0
2025-07-08,be the skin,betheskin,0
2025-07-08,beauty of joseon,beauty of joseon,9
2025-07-08,beauty of joseon,beauty-of-joseon,0
2025-07-08,beauty of joseon,beauty.of.joseon,0
2025-07-08,beauty of joseon,beauty_of_joseon,0
2025-07-08,beauty of joseon,beautyofjoseon,0
2025-07-08,belif,belif,0
2025-07-08,biodance,biodance,0
2025-07-08,boncept,boncept,0
2025-07-08,booster pro,booster pro,1
2025-07-08,booster pro,booster-pro,0
2025-07-08,booster pro,booster.pro,0
2025-07-08,booster pro,booster_pro,0
2025-07-08,booster pro,boosterpro,0
2025-07-08,botulax,botulax,0
2025-07-08,cell fusion c,cell fusion c,0
2025-07-08,cell fusion c,cell-fusion-c,0
2025-07-08,cell fusion c,cell.fusion.c,0
2025-07-08,cell fusion c,cell_fusion_c,0
2025-07-08,cell fusion c,cellfusionc,0
2025-07-08,centellian,centellian,0
2025-07-08,coolfase,coolfase,0
2025-07-08,cosrx,cosrx,14
2025-07-08,dalba,dalba,0
2025-07-08,goodal,goodal,2
2025-07-08,hi focus shot,hi focus shot,3
2025-07-08,hi focus shot,hi-focus-shot,0
2025-07-08,hi focus shot,hi.focus.shot,0
2025-07-08,hi focus shot,hi_focus_shot,0
2025-07-08,hi focus shot,hifocusshot,0
2025-07-08,history of whoo,history of whoo,0
2025-07-08,history of whoo,history-of-whoo,0
2025-07-08,history of whoo,history.of.whoo,0
2025-07-08,history of whoo,history_of_whoo,0
2025-07-08,history of whoo,historyofwhoo,0
2025-07-08,hwahae,hwahae,0
2025-07-08,innisfree,innisfree,5
2025-07-08,innotox,innotox,2
2025-07-08,iope,iope,0
2025-07-08,jeuveau,jeuveau,0
2025-07-08,jevegel,jevegel,0
2025-07-08,jolse,jolse,0
2025-07-08,juvelook,juvelook,2
2025-07-08,laneige,laneige,10
2025-07-08,letybo,letybo,0
2025-07-08,madeca,madeca,0
2025-07-08,mamonde,mamonde,0
2025-07-08,manyo,manyo,2
2025-07-08,medicube,medicube,5
2025-07-08,merzy,merzy,0
2025-07-08,mighty patch,mighty patch,0
2025-07-08,mighty patch,mighty-patch,0
2025-07-08,mighty patch,mighty.patch,0
2025-07-08,mighty patch,mighty_patch,0
2025-07-08,mighty patch,mightypatch,0
2025-07-08,missha,missha,1
2025-07-08,mixoon,mixoon,1
2025-07-08,nabota,nabota,0
2025-07-08,newlux,newlux,0
2025-07-08,numbuzin,numbuzin,5
2025-07-08,ohui,ohui,0
2025-07-08,oligio,oligio,0
2025-07-08,olive young,olive young,2
2025-07-08,olive young,olive-young,0
2025-07-08,olive young,olive.young,0
2025-07-08,olive young,olive_young,0
2025-07-08,olive young,oliveyoung,0
2025-07-08,peripera,peripera,1
2025-07-08,potenza,potenza,0
2025-07-08,real barrier,real barrier,0
2025-07-08,real barrier,real-barrier,0
2025-07-08,real barrier,real.barrier,0
2025-07-08,real barrier,real_barrier,0
2025-07-08,real barrier,realbarrier,0
2025-07-08,reedle shot,reedle shot,1
2025-07-08,reedle shot,reedle-shot,0
2025-07-08,reedle shot,reedle.shot,0
2025-07-08,reedle shot,reedle_shot,0
2025-07-08,reedle shot,reedleshot,0
2025-07-08,rejuran,rejuran,4
2025-07-08,rentox,rentox,0
2025-07-08,rom&nd,rom&nd,2
2025-07-08,rom&nd,romnd,0
2025-07-08,round lab,round lab,3
2025-07-08,round lab,round-lab,0
2025-07-08,round lab,round.lab,0
2025-07-08,round lab,round_lab,0
2025-07-08,round lab,roundlab,2
2025-07-08,shurink,shurink,2
2025-07-08,skin1004,skin1004,5
2025-07-08,stylekorean,stylekorean,1
2025-07-08,stylevana,stylevana,0
2025-07-08,sulwhasoo,sulwhasoo,0
2025-07-08,sylfirm,sylfirm,0
2025-07-08,the whoo,the whoo,0
2025-07-08,the whoo,the-whoo,0
2025-07-08,the whoo,the.whoo,0
2025-07-08,the whoo,the_whoo,0
2025-07-08,the whoo,thewhoo,0
2025-07-08,tirtir,tirtir,1
2025-07-08,tonymoly,tonymoly,0
2025-07-08,torriden,torriden,3
2025-07-08,ultraformer,ultraformer,0
2025-07-08,volnewmer,volnewmer,0
2025-07-08,wellage,wellage,0
2025-07-08,yesstyle,yesstyle,9
2025-07-09,a'pieu,a'pieu,1
2025-07-09,a'pieu,a-pieu,0
2025-07-09,a'pieu,a.pieu,0
2025-07-09,a'pieu,a_pieu,0
2025-07-09,a'pieu,ap,0
2025-07-09,a'pieu,apieu,0
2025-07-09,acropass,acropass,0
2025-07-09,age-r,age-r,2
2025-07-09,age-r,age.r,0
2025-07-09,age-r,age_r,0
2025-07-09,age-r,ager,0
2025-07-09,anua,anua,6
2025-07-09,atopalm,atopalm,0
2025-07-09,bbia,bbia,1
2025-07-09,be the skin,be the skin,19
2025-07-09,be the skin,be-the-skin,0
2025-07-09,be the skin,be.the.skin,0
2025-07-09,be the skin,be_the_skin,0
2025-07-09,be the skin,betheskin,0
2025-07-09,beauty of joseon,beauty of joseon,8
2025-07-09,beauty of joseon,beauty-of-joseon,0
2025-07-09,beauty of joseon,beauty.of.joseon,0
2025-07-09,beauty of joseon,beauty_of_joseon,0
2025-07-09,beauty of joseon,beautyofjoseon,0
2025-07-09,belif,belif,1
2025-07-09,biodance,biodance,3
2025-07-09,boncept,boncept,0
2025-07-09,booster pro,booster pro,1
2025-07-09,booster pro,booster-pro,0
2025-07-09,booster pro,booster.pro,0
2025-07-09,booster pro,booster_pro,0
2025-07-09,booster pro,boosterpro,0
2025-07-09,botulax,botulax,0
2025-07-09,cell fusion c,cell fusion c,1
2025-07-09,cell fusion c,cell-fusion-c,0
2025-07-09,cell fusion c,cell.fusion.c,0
2025-07-09,cell fusion c,cell_fusion_c,0
2025-07-09,cell fusion c,cellfusionc,0
2025-07-09,centellian,centellian,0
2025-07-09,coolfase,coolfase,0
2025-07-09,cosrx,cosrx,16
2025-07-09,dalba,dalba,0
2025-07-09,goodal,goodal,1
2025-07-09,hi focus shot,hi focus shot,5
2025-07-09,hi focus shot,hi-focus-shot,0
2025-07-09,hi focus shot,hi.focus.shot,0
2025-07-09,hi focus shot,hi_focus_shot,0
2025-07-09,hi focus shot,hifocusshot,0
2025-07-09,history of whoo,history of whoo,0
2025-07-09,history of whoo,history-of-whoo,0
2025-07-09,history of whoo,history.of.whoo,0
2025-07-09,history of whoo,history_of_whoo,0
2025-07-09,history of whoo,historyofwhoo,0
2025-07-09,hwahae,hwahae,0
2025-07-09,innisfree,innisfree,4
2025-07-09,innotox,innotox,2
2025-07-09,iope,iope,0
2025-07-09,jeuveau,jeuveau,0
2025-07-09,jevegel,jevegel,0
2025-07-09,jolse,jolse,0
2025-07-09,juvelook,juvelook,0
2025-07-09,laneige,laneige,8
2025-07-09,letybo,letybo,0
2025-07-09,madeca,madeca,0
2025-07-09,mamonde,mamonde,0
2025-07-09,manyo,manyo,1
2025-07-09,medicube,medicube,6
2025-07-09,merzy,merzy,0
2025-07-09,mighty patch,mighty patch,1
2025-07-09,mighty patch,mighty-patch,0
2025-07-09,mighty patch,mighty.patch,0
2025-07-09,mighty patch,mighty_patch,0
2025-07-09,mighty patch,mightypatch,0
2025-07-09,missha,missha,0
2025-07-09,mixoon,mixoon,0
2025-07-09,nabota,nabota,0
2025-07-09,newlux,newlux,0
2025-07-09,numbuzin,numbuzin,4
2025-07-09,ohui,ohui,0
2025-07-09,oligio,oligio,0
2025-07-09,olive young,olive young,2
2025-07-09,olive young,olive-young,0
2025-07-09,olive young,olive.young,0
2025-07-09,olive young,olive_young,0
2025-07-09,olive young,oliveyoung,0
2025-07-09,peripera,peripera,3
2025-07-09,potenza,potenza,0
2025-07-09,real barrier,real barrier,0
2025-07-09,real barrier,real-barrier,0
2025-07-09,real barrier,real.barrier,0
2025-07-09,real barrier,real_barrier,0
2025-07-09,real barrier,realbarrier,0
2025-07-09,reedle shot,reedle shot,0
2025-07-09,reedle shot,reedle-shot,0
2025-07-09,reedle shot,reedle.shot,0
2025-07-09,reedle shot,reedle_shot,0
2025-07-09,reedle shot,reedleshot,0
2025-07-09,rejuran,rejuran,3
2025-07-09,rentox,rentox,0
2025-07-09,rom&nd,rom&nd,3
2025-07-09,rom&nd,romnd,0
2025-07-09,round lab,round lab,6
2025-07-09,round lab,round-lab,0
2025-07-09,round lab,round.lab,0
2025-07-09,round lab,round_lab,0
2025-07-09,round lab,roundlab,2
2025-07-09,shurink,shurink,1
2025-07-09,skin1004,skin1004,10
2025-07-09,stylekorean,stylekorean,2
2025-07-09,stylevana,stylevana,2
2025-07-09,sulwhasoo,sulwhasoo,1
2025-07-09,sylfirm,sylfirm,0
2025-07-09,the whoo,the whoo,0
2025-07-09,the whoo,the-whoo,0
2025-07-09,the whoo,the.whoo,0
2025-07-09,the whoo,the_whoo,0
2025-07-09,the whoo,thewhoo,0
2025-07-09,tirtir,tirtir,3
2025-07-09,tonymoly,tonymoly,0
2025-07-09,torriden,torriden,2
2025-07-09,ultraformer,ultraformer,0
2025-07-09,volnewmer,volnewmer,0
2025-07-09,wellage,wellage,1
2025-07-09,yesstyle,yesstyle,6
2025-07-10,a'pieu,a'pieu,1
2025-07-10,a'pieu,a-pieu,1
2025-07-10,a'pieu,a.pieu,0
2025-07-10,a'pieu,a_pieu,0
2025-07-10,a'pieu,ap,1
2025-07-10,a'pieu,apieu,0
2025-07-10,acropass,acropass,0
2025-07-10,age-r,age-r,3
2025-07-10,age-r,age.r,0
2025-07-10,age-r,age_r,0
2025-07-10,age-r,ager,0
2025-07-10,anua,anua,9
2025-07-10,atopalm,atopalm,0
2025-07-10,bbia,bbia,1
2025-07-10,be the skin,be the skin,17
2025-07-10,be the skin,be-the-skin,0
2025-07-10,be the skin,be.the.skin,0
2025-07-10,be the skin,be_the_skin,0
2025-07-10,be the skin,betheskin,0
2025-07-10,beauty of joseon,beauty of joseon,7
2025-07-10,beauty of joseon,beauty-of-joseon,0
2025-07-10,beauty of joseon,beauty.of.joseon,0
2025-07-10,beauty of joseon,beauty_of_joseon,0
2025-07-10,beauty of joseon,beautyofjoseon,0
2025-07-10,belif,belif,1
2025-07-10,biodance,biodance,0
2025-07-10,boncept,boncept,0
2025-07-10,booster pro,booster pro,2
2025-07-10,booster pro,booster-pro,0
2025-07-10,booster pro,booster.pro,0
2025-07-10,booster pro,booster_pro,0
2025-07-10,booster pro,boosterpro,0
2025-07-10,botulax,botulax,0
2025-07-10,cell fusion c,cell fusion c,0
2025-07-10,cell fusion c,cell-fusion-c,0
2025-07-10,cell fusion c,cell.fusion.c,0
2025-07-10,cell fusion c,cell_fusion_c,0
2025-07-10,cell fusion c,cellfusionc,0
2025-07-10,centellian,centellian,0
2025-07-10,coolfase,coolfase,0
2025-07-10,cosrx,cosrx,13
2025-07-10,dalba,dalba,0
2025-07-10,goodal,goodal,0
2025-07-10,hi focus shot,hi focus shot,4
2025-07-10,hi focus shot,hi-focus-shot,0
2025-07-10,hi focus shot,hi.focus.shot,0
2025-07-10,hi focus shot,hi_focus_shot,0
2025-07-10,hi focus shot,hifocusshot,0
2025-07-10,history of whoo,history of whoo,0
2025-07-10,history of whoo,history-of-whoo,0
2025-07-10,history of whoo,history.of.whoo,0
2025-07-10,history of whoo,history_of_whoo,0
2025-07-10,history of whoo,historyofwhoo,0
2025-07-10,hwahae,hwahae,0
2025-07-10,innisfree,innisfree,3
2025-07-10,innotox,innotox,2
2025-07-10,iope,iope,0
2025-07-10,jeuveau,jeuveau,0
2025-07-10,jevegel,jevegel,0
2025-07-10,jolse,jolse,0
2025-07-10,juvelook,juvelook,0
2025-07-10,laneige,laneige,15
2025-07-10,letybo,letybo,0
2025-07-10,madeca,madeca,0
2025-07-10,mamonde,mamonde,0
2025-07-10,manyo,manyo,0
2025-07-10,medicube,medicube,12
2025-07-10,merzy,merzy,0
2025-07-10,mighty patch,mighty patch,1
2025-07-10,mighty patch,mighty-patch,0
2025-07-10,mighty patch,mighty.patch,0
2025-07-10,mighty patch,mighty_patch,0
2025-07-10,mighty patch,mightypatch,0
2025-07-10,missha,missha,3
2025-07-10,mixoon,mixoon,0
2025-07-10,nabota,nabota,0
2025-07-10,newlux,newlux,0
2025-07-10,numbuzin,numbuzin,2
2025-07-10,ohui,ohui,0
2025-07-10,oligio,oligio,0
2025-07-10,olive young,olive young,6
2025-07-10,olive young,olive-young,0
2025-07-10,olive young,olive.young,0
2025-07-10,olive young,olive_young,0
2025-07-10,olive young,oliveyoung,0
2025-07-10,peripera,peripera,4
2025-07-10,potenza,potenza,0
2025-07-10,real barrier,real barrier,1
2025-07-10,real barrier,real-barrier,0
2025-07-10,real barrier,real.barrier,0
2025-07-10,real barrier,real_barrier,0
2025-07-10,real barrier,realbarrier,0
2025-07-10,reedle shot,reedle shot,4
2025-07-10,reedle shot,reedle-shot,0
2025-07-10,reedle shot,reedle.shot,0
2025-07-10,reedle shot,reedle_shot,0
2025-07-10,reedle shot,reedleshot,0
2025-07-10,rejuran,rejuran,1
2025-07-10,rentox,rentox,0
2025-07-10,rom&nd,rom&nd,3
2025-07-10,rom&nd,romnd,0
2025-07-10,round lab,round lab,6
2025-07-10,round lab,round-lab,0
2025-07-10,round lab,round.lab,0
2025-07-10,round lab,round_lab,0
2025-07-10,round lab,roundlab,1
2025-07-10,shurink,shurink,0
2025-07-10,skin1004,skin1004,5
2025-07-10,stylekorean,stylekorean,1
2025-07-10,stylevana,stylevana,1
2025-07-10,sulwhasoo,sulwhasoo,0
2025-07-10,sylfirm,sylfirm,0
2025-07-10,the whoo,the whoo,0
2025-07-10,the whoo,the-whoo,0
2025-07-10,the whoo,the.whoo,0
2025-07-10,the whoo,the_whoo,0
2025-07-10,the whoo,thewhoo,0
2025-07-10,tirtir,tirtir,6
2025-07-10,tonymoly,tonymoly,0
2025-07-10,torriden,torriden,1
2025-07-10,ultraformer,ultraformer,0
2025-07-10,volnewmer,volnewmer,0
2025-07-10,wellage,wellage,0
2025-07-10,yesstyle,yesstyle,4
2025-07-11,a'pieu,a'pieu,0
2025-07-11,a'pieu,a-pieu,0
2025-07-11,a'pieu,a.pieu,0
2025-07-11,a'pieu,a_pieu,0
2025-07-11,a'pieu,ap,1
2025-07-11,a'pieu,apieu,0
2025-07-11,acropass,acropass,0
2025-07-11,age-r,age-r,1
2025-07-11,age-r,age.r,0
2025-07-11,age-r,age_r,0
2025-07-11,age-r,ager,0
2025-07-11,anua,anua,7
2025-07-11,atopalm,atopalm,1
2025-07-11,bbia,bbia,0
2025-07-11,be the skin,be the skin,11
2025-07-11,be the skin,be-the-skin,0
2025-07-11,be the skin,be.the.skin,0
2025-07-11,be the skin,be_the_skin,0
2025-07-11,be the skin,betheskin,0
2025-07-11,beauty of joseon,beauty of joseon,6
2025-07-11,beauty of joseon,beauty-of-joseon,0
2025-07-11,beauty of joseon,beauty.of.joseon,0
2025-07-11,beauty of joseon,beauty_of_joseon,0
2025-07-11,beauty of joseon,beautyofjoseon,0
2025-07-11,belif,belif,1
2025-07-11,biodance,biodance,0
2025-07-11,boncept,boncept,0
2025-07-11,booster pro,booster pro,2
2025-07-11,booster pro,booster-pro,0
2025-07-11,booster pro,booster.pro,0
2025-07-11,booster pro,booster_pro,0
2025-07-11,booster pro,boosterpro,0
2025-07-11,botulax,botulax,0
2025-07-11,cell fusion c,cell fusion c,2
2025-07-11,cell fusion c,cell-fusion-c,0
2025-07-11,cell fusion c,cell.fusion.c,0
2025-07-11,cell fusion c,cell_fusion_c,0
2025-07-11,cell fusion c,cellfusionc,0
2025-07-11,centellian,centellian,0
2025-07-11,coolfase,coolfase,0
2025-07-11,cosrx,cosrx,3
2025-07-11,dalba,dalba,0
2025-07-11,goodal,goodal,0
2025-07-11,hi focus shot,hi focus shot,5
2025-07-11,hi focus shot,hi-focus-shot,0
2025-07-11,hi focus shot,hi.focus.shot,0
2025-07-11,hi focus shot,hi_focus_shot,0
2025-07-11,hi focus shot,hifocusshot,0
2025-07-11,history of whoo,history of whoo,0
2025-07-11,history of whoo,history-of-whoo,0
2025-07-11,history of whoo,history.of.whoo,0
2025-07-11,history of whoo,history_of_whoo,0
2025-07-11,history of whoo,historyofwhoo,0
2025-07-11,hwahae,hwahae,0
2025-07-11,innisfree,innisfree,3
2025-07-11,innotox,innotox,1
2025-07-11,iope,iope,0
2025-07-11,jeuveau,jeuveau,0
2025-07-11,jevegel,jevegel,0
2025-07-11,jolse,jolse,0
2025-07-11,juvelook,juvelook,0
2025-07-11,laneige,laneige,7
2025-07-11,letybo,letybo,0
2025-07-11,madeca,madeca,0
2025-07-11,mamonde,mamonde,0
2025-07-11,manyo,manyo,3
2025-07-11,medicube,medicube,3
2025-07-11,merzy,merzy,0
2025-07-11,mighty patch,mighty patch,0
2025-07-11,mighty patch,mighty-patch,0
2025-07-11,mighty patch,mighty.patch,0
2025-07-11,mighty patch,mighty_patch,0
2025-07-11,mighty patch,mightypatch,0
2025-07-11,missha,missha,0
2025-07-11,mixoon,mixoon,0
2025-07-11,nabota,nabota,0
2025-07-11,newlux,newlux,0
2025-07-11,numbuzin,numbuzin,3
2025-07-11,ohui,ohui,0
2025-07-11,oligio,oligio,0
2025-07-11,olive young,olive young,2
2025-07-11,olive young,olive-young,0
2025-07-11,olive young,olive.young,0
2025-07-11,olive young,olive_young,0
2025-07-11,olive young,oliveyoung,0
2025-07-11,peripera,peripera,2
2025-07-11,potenza,potenza,0
2025-07-11,real barrier,real barrier,0
2025-07-11,real barrier,real-barrier,0
2025-07-11,real barrier,real.barrier,0
2025-07-11,real barrier,real_barrier,0
2025-07-11,real barrier,realbarrier,0
2025-07-11,reedle shot,reedle shot,2
2025-07-11,reedle shot,reedle-shot,0
2025-07-11,reedle shot,reedle.shot,0
2025-07-11,reedle shot,reedle_shot,0
2025-07-11,reedle shot,reedleshot,0
2025-07-11,rejuran,rejuran,2
2025-07-11,rentox,rentox,0
2025-07-11,rom&nd,rom&nd,4
2025-07-11,rom&nd,romnd,0
2025-07-11,round lab,round lab,4
2025-07-11,round lab,round-lab,0
2025-07-11,round lab,round.lab,0
2025-07-11,round lab,round_lab,0
2025-07-11,round lab,roundlab,4
2025-07-11,shurink,shurink,1
2025-07-11,skin1004,skin1004,5
2025-07-11,stylekorean,stylekorean,0
2025-07-11,stylevana,stylevana,1
2025-07-11,sulwhasoo,sulwhasoo,0
2025-07-11,sylfirm,sylfirm,0
2025-07-11,the whoo,the whoo,0
2025-07-11,the whoo,the-whoo,0
2025-07-11,the whoo,the.whoo,0
2025-07-11,the whoo,the_whoo,0
2025-07-11,the whoo,thewhoo,0
2025-07-11,tirtir,tirtir,3
2025-07-11,tonymoly,tonymoly,1
2025-07-11,torriden,torriden,1
2025-07-11,ultraformer,ultraformer,0
2025-07-11,volnewmer,volnewmer,0
2025-07-11,wellage,wellage,0
2025-07-11,yesstyle,yesstyle,12
2025-07-12,a'pieu,a'pieu,3
2025-07-12,a'pieu,a-pieu,0
2025-07-12,a'pieu,a.pieu,0
2025-07-12,a'pieu,a_pieu,0
2025-07-12,a'pieu,ap,0
2025-07-12,a'pieu,apieu,0
2025-07-12,acropass,acropass,0
2025-07-12,age-r,age-r,2
2025-07-12,age-r,age.r,0
2025-07-12,age-r,age_r,0
2025-07-12,age-r,ager,0
2025-07-12,anua,anua,12
2025-07-12,atopalm,atopalm,0
2025-07-12,bbia,bbia,2
2025-07-12,be the skin,be the skin,18
2025-07-12,be the skin,be-the-skin,0
2025-07-12,be the skin,be.the.skin,0
2025-07-12,be the skin,be_the_skin,0
2025-07-12,be the skin,betheskin,0
2025-07-12,beauty of joseon,beauty of joseon,5
2025-07-12,beauty of joseon,beauty-of-joseon,0
2025-07-12,beauty of joseon,beauty.of.joseon,0
2025-07-12,beauty of joseon,beauty_of_joseon,0
2025-07-12,beauty of joseon,beautyofjoseon,0
2025-07-12,belif,belif,0
2025-07-12,biodance,biodance,0
2025-07-12,boncept,boncept,0
2025-07-12,booster pro,booster pro,0
2025-07-12,booster pro,booster-pro,0
2025-07-12,booster pro,booster.pro,0
2025-07-12,booster pro,booster_pro,0
2025-07-12,booster pro,boosterpro,0
2025-07-12,botulax,botulax,0
2025-07-12,cell fusion c,cell fusion c,1
2025-07-12,cell fusion c,cell-fusion-c,0
2025-07-12,cell fusion c,cell.fusion.c,0
2025-07-12,cell fusion c,cell_fusion_c,0
2025-07-12,cell fusion c,cellfusionc,0
2025-07-12,centellian,centellian,0
2025-07-12,coolfase,coolfase,0
2025-07-12,cosrx,cosrx,15
2025-07-12,dalba,dalba,0
2025-07-12,goodal,goodal,1
2025-07-12,hi focus shot,hi focus shot,4
2025-07-12,hi focus shot,hi-focus-shot,0
2025-07-12,hi focus shot,hi.focus.shot,0
2025-07-12,hi focus shot,hi_focus_shot,0
2025-07-12,hi focus shot,hifocusshot,0
2025-07-12,history of whoo,history of whoo,0
2025-07-12,history of whoo,history-of-whoo,0
2025-07-12,history of whoo,history.of.whoo,0
2025-07-12,history of whoo,history_of_whoo,0
2025-07-12,history of whoo,historyofwhoo,0
2025-07-12,hwahae,hwahae,0
2025-07-12,innisfree,innisfree,2
2025-07-12,innotox,innotox,5
2025-07-12,iope,iope,0
2025-07-12,jeuveau,jeuveau,0
2025-07-12,jevegel,jevegel,0
2025-07-12,jolse,jolse,0
2025-07-12,juvelook,juvelook,0
2025-07-12,laneige,laneige,10
2025-07-12,letybo,letybo,0
2025-07-12,madeca,madeca,0
2025-07-12,mamonde,mamonde,0
2025-07-12,manyo,manyo,1
2025-07-12,medicube,medicube,4
2025-07-12,merzy,merzy,0
2025-07-12,mighty patch,mighty patch,0
2025-07-12,mighty patch,mighty-patch,0
2025-07-12,mighty patch,mighty.patch,0
2025-07-12,mighty patch,mighty_patch,0
2025-07-12,mighty patch,mightypatch,0
2025-07-12,missha,missha,0
2025-07-12,mixoon,mixoon,0
2025-07-12,nabota,nabota,0
2025-07-12,newlux,newlux,0
2025-07-12,numbuzin,numbuzin,3
2025-07-12,ohui,ohui,0
2025-07-12,oligio,oligio,1
2025-07-12,olive young,olive young,5
2025-07-12,olive young,olive-young,0
2025-07-12,olive young,olive.young,0
2025-07-12,olive young,olive_young,0
2025-07-12,olive young,oliveyoung,0
2025-07-12,peripera,peripera,4
2025-07-12,potenza,potenza,0
2025-07-12,real barrier,real barrier,0
2025-07-12,real barrier,real-barrier,0
2025-07-12,real barrier,real.barrier,0
2025-07-12,real barrier,real_barrier,0
2025-07-12,real barrier,realbarrier,0
2025-07-12,reedle shot,reedle shot,0
2025-07-12,reedle shot,reedle-shot,0
2025-07-12,reedle shot,reedle.shot,0
2025-07-12,reedle shot,reedle_shot,0
2025-07-12,reedle shot,reedleshot,0
2025-07-12,rejuran,rejuran,1
2025-07-12,rentox,rentox,0
2025-07-12,rom&nd,rom&nd,5
2025-07-12,rom&nd,romnd,0
2025-07-12,round lab,round lab,5
2025-07-12,round lab,round-lab,0
2025-07-12,round lab,round.lab,0
2025-07-12,round lab,round_lab,0
2025-07-12,round lab,roundlab,2
2025-07-12,shurink,shurink,0
2025-07-12,skin1004,skin1004,9
2025-07-12,stylekorean,stylekorean,0
2025-07-12,stylevana,stylevana,2
2025-07-12,sulwhasoo,sulwhasoo,0
2025-07-12,sylfirm,sylfirm,0
2025-07-12,the whoo,the whoo,0
2025-07-12,the whoo,the-whoo,0
2025-07-12,the whoo,the.whoo,0
2025-07-12,the whoo,the_whoo,0
2025-07-12,the whoo,thewhoo,0
2025-07-12,tirtir,tirtir,5
2025-07-12,tonymoly,tonymoly,1
2025-07-12,torriden,torriden,1
2025-07-12,ultraformer,ultraformer,1
2025-07-12,volnewmer,volnewmer,0
2025-07-12,wellage,wellage,0
2025-07-12,yesstyle,yesstyle,7
2025-07-13,a'pieu,a'pieu,0
2025-07-13,a'pieu,a-pieu,1
2025-07-13,a'pieu,a.pieu,0
2025-07-13,a'pieu,a_pieu,0
2025-07-13,a'pieu,ap,1
2025-07-13,a'pieu,apieu,0
2025-07-13,acropass,acropass,0
2025-07-13,age-r,age-r,2
2025-07-13,age-r,age.r,0
2025-07-13,age-r,age_r,0
2025-07-13,age-r,ager,0
2025-07-13,anua,anua,9
2025-07-13,atopalm,atopalm,0
2025-07-13,bbia,bbia,0
2025-07-13,be the skin,be the skin,24
2025-07-13,be the skin,be-the-skin,0
2025-07-13,be the skin,be.the.skin,0
2025-07-13,be the skin,be_the_skin,0
2025-07-13,be the skin,betheskin,0
2025-07-13,beauty of joseon,beauty of joseon,6
2025-07-13,beauty of joseon,beauty-of-joseon,0
2025-07-13,beauty of joseon,beauty.of.joseon,0
2025-07-13,beauty of joseon,beauty_of_joseon,0
2025-07-13,beauty of joseon,beautyofjoseon,0
2025-07-13,belif,belif,0
2025-07-13,biodance,biodance,0
2025-07-13,boncept,boncept,0
2025-07-13,booster pro,booster pro,2
2025-07-13,booster pro,booster-pro,0
2025-07-13,booster pro,booster.pro,0
2025-07-13,booster pro,booster_pro,0
2025-07-13,booster pro,boosterpro,0
2025-07-13,botulax,botulax,0
2025-07-13,cell fusion c,cell fusion c,1
2025-07-13,cell fusion c,cell-fusion-c,0
2025-07-13,cell fusion c,cell.fusion.c,0
2025-07-13,cell fusion c,cell_fusion_c,0
2025-07-13,cell fusion c,cellfusionc,0
2025-07-13,centellian,centellian,0
2025-07-13,coolfase,coolfase,0
2025-07-13,cosrx,cosrx,4
2025-07-13,dalba,dalba,0
2025-07-13,goodal,goodal,0
2025-07-13,hi focus shot,hi focus shot,3
2025-07-13,hi focus shot,hi-focus-shot,0
2025-07-13,hi focus shot,hi.focus.shot,0
2025-07-13,hi focus shot,hi_focus_shot,0
2025-07-13,hi focus shot,hifocusshot,0
2025-07-13,history of whoo,history of whoo,0
2025-07-13,history of whoo,history-of-whoo,0
2025-07-13,history of whoo,history.of.whoo,0
2025-07-13,history of whoo,history_of_whoo,0
2025-07-13,history of whoo,historyofwhoo,0
2025-07-13,hwahae,hwahae,0
2025-07-13,innisfree,innisfree,3
2025-07-13,innotox,innotox,5
2025-07-13,iope,iope,0
2025-07-13,jeuveau,jeuveau,0
2025-07-13,jevegel,jevegel,0
2025-07-13,jolse,jolse,0
2025-07-13,juvelook,juvelook,0
2025-07-13,laneige,laneige,9
2025-07-13,letybo,letybo,0
2025-07-13,madeca,madeca,0
2025-07-13,mamonde,mamonde,0
2025-07-13,manyo,manyo,0
2025-07-13,medicube,medicube,6
2025-07-13,merzy,merzy,0
2025-07-13,mighty patch,mighty patch,0
2025-07-13,mighty patch,mighty-patch,0
2025-07-13,mighty patch,mighty.patch,0
2025-07-13,mighty patch,mighty_patch,0
2025-07-13,mighty patch,mightypatch,0
2025-07-13,missha,missha,0
2025-07-13,mixoon,mixoon,0
2025-07-13,nabota,nabota,1
2025-07-13,newlux,newlux,0
2025-07-13,numbuzin,numbuzin,3
2025-07-13,ohui,ohui,0
2025-07-13,oligio,oligio,0
2025-07-13,olive young,olive young,3
2025-07-13,olive young,olive-young,0
2025-07-13,olive young,olive.young,0
2025-07-13,olive young,olive_young,0
2025-07-13,olive young,oliveyoung,0
2025-07-13,peripera,peripera,0
2025-07-13,potenza,potenza,0
2025-07-13,real barrier,real barrier,2
2025-07-13,real barrier,real-barrier,0
2025-07-13,real barrier,real.barrier,0
2025-07-13,real barrier,real_barrier,0
2025-07-13,real barrier,realbarrier,0
2025-07-13,reedle shot,reedle shot,2
2025-07-13,reedle shot,reedle-shot,0
2025-07-13,reedle shot,reedle.shot,0
2025-07-13,reedle shot,reedle_shot,0
2025-07-13,reedle shot,reedleshot,0
2025-07-13,rejuran,rejuran,4
2025-07-13,rentox,rentox,1
2025-07-13,rom&nd,rom&nd,4
2025-07-13,rom&nd,romnd,0
2025-07-13,round lab,round lab,5
2025-07-13,round lab,round-lab,0
2025-07-13,round lab,round.lab,0
2025-07-13,round lab,round_lab,0
2025-07-13,round lab,roundlab,1
2025-07-13,shurink,shurink,0
2025-07-13,skin1004,skin1004,10
2025-07-13,stylekorean,stylekorean,0
2025-07-13,stylevana,stylevana,0
2025-07-13,sulwhasoo,sulwhasoo,0
2025-07-13,sylfirm,sylfirm,0
2025-07-13,the whoo,the whoo,0
2025-07-13,the whoo,the-whoo,0
2025-07-13,the whoo,the.whoo,0
2025-07-13,the whoo,the_whoo,0
2025-07-13,the whoo,thewhoo,0
2025-07-13,tirtir,tirtir,4
2025-07-13,tonymoly,tonymoly,1
2025-07-13,torriden,torriden,1
2025-07-13,ultraformer,ultraformer,0
2025-07-13,volnewmer,volnewmer,0
2025-07-13,wellage,wellage,1
2025-07-13,yesstyle,yesstyle,5
2025-07-14,a'pieu,a'pieu,0
2025-07-14,a'pieu,a-pieu,0
2025-07-14,a'pieu,a.pieu,0
2025-07-14,a'pieu,a_pieu,0
2025-07-14,a'pieu,ap,0
2025-07-14,a'pieu,apieu,0
2025-07-14,acropass,acropass,0
2025-07-14,age-r,age-r,1
2025-07-14,age-r,age.r,0
2025-07-14,age-r,age_r,0
2025-07-14,age-r,ager,0
2025-07-14,anua,anua,6
2025-07-14,atopalm,atopalm,0
2025-07-14,bbia,bbia,1
2025-07-14,be the skin,be the skin,16
2025-07-14,be the skin,be-the-skin,0
2025-07-14,be the skin,be.the.skin,0
2025-07-14,be the skin,be_the_skin,0
2025-07-14,be the skin,betheskin,0
2025-07-14,beauty of joseon,beauty of joseon,7
2025-07-14,beauty of joseon,beauty-of-joseon,0
2025-07-14,beauty of joseon,beauty.of.joseon,0
2025-07-14,beauty of joseon,beauty_of_joseon,0
2025-07-14,beauty of joseon,beautyofjoseon,1
2025-07-14,belif,belif,0
2025-07-14,biodance,biodance,0
2025-07-14,boncept,boncept,0
2025-07-14,booster pro,booster pro,0
2025-07-14,booster pro,booster-pro,0
2025-07-14,booster pro,booster.pro,0
2025-07-14,booster pro,booster_pro,0
2025-07-14,booster pro,boosterpro,0
2025-07-14,botulax,botulax,0
2025-07-14,cell fusion c,cell fusion c,0
2025-07-14,cell fusion c,cell-fusion-c,0
2025-07-14,cell fusion c,cell.fusion.c,0
2025-07-14,cell fusion c,cell_fusion_c,0
2025-07-14,cell fusion c,cellfusionc,0
2025-07-14,centellian,centellian,0
2025-07-14,coolfase,coolfase,0
2025-07-14,cosrx,cosrx,10
2025-07-14,dalba,dalba,0
2025-07-14,goodal,goodal,1
2025-07-14,hi focus shot,hi focus shot,3
2025-07-14,hi focus shot,hi-focus-shot,0
2025-07-14,hi focus shot,hi.focus.shot,0
2025-07-14,hi focus shot,hi_focus_shot,0
2025-07-14,hi focus shot,hifocusshot,0
2025-07-14,history of whoo,history of whoo,1
2025-07-14,history of whoo,history-of-whoo,0
2025-07-14,history of whoo,history.of.whoo,0
2025-07-14,history of whoo,history_of_whoo,0
2025-07-14,history of whoo,historyofwhoo,0
2025-07-14,hwahae,hwahae,0
2025-07-14,innisfree,innisfree,0
2025-07-14,innotox,innotox,2
2025-07-14,iope,iope,0
2025-07-14,jeuveau,jeuveau,0
2025-07-14,jevegel,jevegel,0
2025-07-14,jolse,jolse,0
2025-07-14,juvelook,juvelook,0
2025-07-14,laneige,laneige,11
2025-07-14,letybo,letybo,0
2025-07-14,madeca,madeca,0
2025-07-14,mamonde,mamonde,0
2025-07-14,manyo,manyo,1
2025-07-14,medicube,medicube,2
2025-07-14,merzy,merzy,0
2025-07-14,mighty patch,mighty patch,0
2025-07-14,mighty patch,mighty-patch,0
2025-07-14,mighty patch,mighty.patch,0
2025-07-14,mighty patch,mighty_patch,0
2025-07-14,mighty patch,mightypatch,0
2025-07-14,missha,missha,1
2025-07-14,mixoon,mixoon,0
2025-07-14,nabota,nabota,0
2025-07-14,newlux,newlux,0
2025-07-14,numbuzin,numbuzin,0
2025-07-14,ohui,ohui,0
2025-07-14,oligio,oligio,0
2025-07-14,olive young,olive young,1
2025-07-14,olive young,olive-young,0
2025-07-14,olive young,olive.young,0
2025-07-14,olive young,olive_young,0
2025-07-14,olive young,oliveyoung,0
2025-07-14,peripera,peripera,3
2025-07-14,potenza,potenza,0
2025-07-14,real barrier,real barrier,0
2025-07-14,real barrier,real-barrier,0
2025-07-14,real barrier,real.barrier,0
2025-07-14,real barrier,real_barrier,0
2025-07-14,real barrier,realbarrier,0
2025-07-14,reedle shot,reedle shot,0
2025-07-14,reedle shot,reedle-shot,0
2025-07-14,reedle shot,reedle.shot,0
2025-07-14,reedle shot,reedle_shot,0
2025-07-14,reedle shot,reedleshot,0
2025-07-14,rejuran,rejuran,1
2025-07-14,rentox,rentox,0
2025-07-14,rom&nd,rom&nd,2
2025-07-14,rom&nd,romnd,0
2025-07-14,round lab,round lab,3
2025-07-14,round lab,round-lab,0
2025-07-14,round lab,round.lab,0
2025-07-14,round lab,round_lab,0
2025-07-14,round lab,roundlab,0
2025-07-14,shurink,shurink,0
2025-07-14,skin1004,skin1004,8
2025-07-14,stylekorean,stylekorean,0
2025-07-14,stylevana,stylevana,2
2025-07-14,sulwhasoo,sulwhasoo,0
2025-07-14,sylfirm,sylfirm,0
2025-07-14,the whoo,the whoo,1
2025-07-14,the whoo,the-whoo,0
2025-07-14,the whoo,the.whoo,0
2025-07-14,the whoo,the_whoo,0
2025-07-14,the whoo,thewhoo,0
2025-07-14,tirtir,tirtir,3
2025-07-14,tonymoly,tonymoly,0
2025-07-14,torriden,torriden,1
2025-07-14,ultraformer,ultraformer,0
2025-07-14,volnewmer,volnewmer,0
2025-07-14,wellage,wellage,0
2025-07-14,yesstyle,yesstyle,8
2025-07-15,a'pieu,a'pieu,0
2025-07-15,a'pieu,a-pieu,0
2025-07-15,a'pieu,a.pieu,0
2025-07-15,a'pieu,a_pieu,0
2025-07-15,a'pieu,ap,0
2025-07-15,a'pieu,apieu,0
2025-07-15,acropass,acropass,0
2025-07-15,age-r,age-r,0
2025-07-15,age-r,age.r,0
2025-07-15,age-r,age_r,0
2025-07-15,age-r,ager,0
2025-07-15,anua,anua,12
2025-07-15,atopalm,atopalm,0
2025-07-15,bbia,bbia,0
2025-07-15,be the skin,be the skin,22
2025-07-15,be the skin,be-the-skin,0
2025-07-15,be the skin,be.the.skin,0
2025-07-15,be the skin,be_the_skin,0
2025-07-15,be the skin,betheskin,0
2025-07-15,beauty of joseon,beauty of joseon,10
2025-07-15,beauty of joseon,beauty-of-joseon,0
2025-07-15,beauty of joseon,beauty.of.joseon,0
2025-07-15,beauty of joseon,beauty_of_joseon,0
2025-07-15,beauty of joseon,beautyofjoseon,0
2025-07-15,belif,belif,0
2025-07-15,biodance,biodance,0
2025-07-15,boncept,boncept,0
2025-07-15,booster pro,booster pro,3
2025-07-15,booster pro,booster-pro,0
2025-07-15,booster pro,booster.pro,0
2025-07-15,booster pro,booster_pro,0
2025-07-15,booster pro,boosterpro,0
2025-07-15,botulax,botulax,0
2025-07-15,cell fusion c,cell fusion c,0
2025-07-15,cell fusion c,cell-fusion-c,0
2025-07-15,cell fusion c,cell.fusion.c,0
2025-07-15,cell fusion c,cell_fusion_c,0
2025-07-15,cell fusion c,cellfusionc,0
2025-07-15,centellian,centellian,0
2025-07-15,coolfase,coolfase,0
2025-07-15,cosrx,cosrx,9
2025-07-15,dalba,dalba,1
2025-07-15,goodal,goodal,1
2025-07-15,hi focus shot,hi focus shot,1
2025-07-15,hi focus shot,hi-focus-shot,0
2025-07-15,hi focus shot,hi.focus.shot,0
2025-07-15,hi focus shot,hi_focus_shot,0
2025-07-15,hi focus shot,hifocusshot,0
2025-07-15,history of whoo,history of whoo,0
2025-07-15,history of whoo,history-of-whoo,0
2025-07-15,history of whoo,history.of.whoo,0
2025-07-15,history of whoo,history_of_whoo,0
2025-07-15,history of whoo,historyofwhoo,0
2025-07-15,hwahae,hwahae,0
2025-07-15,innisfree,innisfree,5
2025-07-15,innotox,innotox,3
2025-07-15,iope,iope,0
2025-07-15,jeuveau,jeuveau,0
2025-07-15,jevegel,jevegel,0
2025-07-15,jolse,jolse,1
2025-07-15,juvelook,juvelook,1
2025-07-15,laneige,laneige,8
2025-07-15,letybo,letybo,0
2025-07-15,madeca,madeca,0
2025-07-15,mamonde,mamonde,0
2025-07-15,manyo,manyo,1
2025-07-15,medicube,medicube,5
2025-07-15,merzy,merzy,0
2025-07-15,mighty patch,mighty patch,0
2025-07-15,mighty patch,mighty-patch,0
2025-07-15,mighty patch,mighty.patch,0
2025-07-15,mighty patch,mighty_patch,0
2025-07-15,mighty patch,mightypatch,0
2025-07-15,missha,missha,1
2025-07-15,mixoon,mixoon,0
2025-07-15,nabota,nabota,1
2025-07-15,newlux,newlux,0
2025-07-15,numbuzin,numbuzin,5
2025-07-15,ohui,ohui,0
2025-07-15,oligio,oligio,0
2025-07-15,olive young,olive young,3
2025-07-15,olive young,olive-young,0
2025-07-15,olive young,olive.young,0
2025-07-15,olive young,olive_young,0
2025-07-15,olive young,oliveyoung,0
2025-07-15,peripera,peripera,3
2025-07-15,potenza,potenza,1
2025-07-15,real barrier,real barrier,1
2025-07-15,real barrier,real-barrier,0
2025-07-15,real barrier,real.barrier,0
2025-07-15,real barrier,real_barrier,0
2025-07-15,real barrier,realbarrier,0
2025-07-15,reedle shot,reedle shot,1
2025-07-15,reedle shot,reedle-shot,0
2025-07-15,reedle shot,reedle.shot,0
2025-07-15,reedle shot,reedle_shot,0
2025-07-15,reedle shot,reedleshot,0
2025-07-15,rejuran,rejuran,5
2025-07-15,rentox,rentox,0
2025-07-15,rom&nd,rom&nd,7
2025-07-15,rom&nd,romnd,0
2025-07-15,round lab,round lab,2
2025-07-15,round lab,round-lab,0
2025-07-15,round lab,round.lab,0
2025-07-15,round lab,round_lab,0
2025-07-15,round lab,roundlab,0
2025-07-15,shurink,shurink,0
2025-07-15,skin1004,skin1004,8
2025-07-15,stylekorean,stylekorean,1
2025-07-15,stylevana,stylevana,1
2025-07-15,sulwhasoo,sulwhasoo,0
2025-07-15,sylfirm,sylfirm,0
2025-07-15,the whoo,the whoo,0
2025-07-15,the whoo,the-whoo,0
2025-07-15,the whoo,the.whoo,0
2025-07-15,the whoo,the_whoo,0
2025-07-15,the whoo,thewhoo,0
2025-07-15,tirtir,tirtir,1
2025-07-15,tonymoly,tonymoly,0
2025-07-15,torriden,torriden,4
2025-07-15,ultraformer,ultraformer,0
2025-07-15,volnewmer,volnewmer,0
2025-07-15,wellage,wellage,6
2025-07-15,yesstyle,yesstyle,14
2025-07-16,a'pieu,a'pieu,1
2025-07-16,a'pieu,a-pieu,0
2025-07-16,a'pieu,a.pieu,0
2025-07-16,a'pieu,a_pieu,0
2025-07-16,a'pieu,ap,2
2025-07-16,a'pieu,apieu,0
2025-07-16,acropass,acropass,0
2025-07-16,age-r,age-r,3
2025-07-16,age-r,age.r,0
2025-07-16,age-r,age_r,0
2025-07-16,age-r,ager,0
2025-07-16,anua,anua,10
2025-07-16,atopalm,atopalm,0
2025-07-16,bbia,bbia,1
2025-07-16,be the skin,be the skin,15
2025-07-16,be the skin,be-the-skin,0
2025-07-16,be the skin,be.the.skin,0
2025-07-16,be the skin,be_the_skin,0
2025-07-16,be the skin,betheskin,0
2025-07-16,beauty of joseon,beauty of joseon,0
2025-07-16,beauty of joseon,beauty-of-joseon,0
2025-07-16,beauty of joseon,beauty.of.joseon,0
2025-07-16,beauty of joseon,beauty_of_joseon,0
2025-07-16,beauty of joseon,beautyofjoseon,0
2025-07-16,belif,belif,0
2025-07-16,biodance,biodance,1
2025-07-16,boncept,boncept,0
2025-07-16,booster pro,booster pro,1
2025-07-16,booster pro,booster-pro,0
2025-07-16,booster pro,booster.pro,0
2025-07-16,booster pro,booster_pro,0
2025-07-16,booster pro,boosterpro,0
2025-07-16,botulax,botulax,3
2025-07-16,cell fusion c,cell fusion c,2
2025-07-16,cell fusion c,cell-fusion-c,0
2025-07-16,cell fusion c,cell.fusion.c,0
2025-07-16,cell fusion c,cell_fusion_c,0
2025-07-16,cell fusion c,cellfusionc,0
2025-07-16,centellian,centellian,0
2025-07-16,coolfase,coolfase,0
2025-07-16,cosrx,cosrx,8
2025-07-16,dalba,dalba,0
2025-07-16,goodal,goodal,0
2025-07-16,hi focus shot,hi focus shot,1
2025-07-16,hi focus shot,hi-focus-shot,0
2025-07-16,hi focus shot,hi.focus.shot,0
2025-07-16,hi focus shot,hi_focus_shot,0
2025-07-16,hi focus shot,hifocusshot,0
2025-07-16,history of whoo,history of whoo,0
2025-07-16,history of whoo,history-of-whoo,0
2025-07-16,history of whoo,history.of.whoo,0
2025-07-16,history of whoo,history_of_whoo,0
2025-07-16,history of whoo,historyofwhoo,0
2025-07-16,hwahae,hwahae,0
2025-07-16,innisfree,innisfree,4
2025-07-16,innotox,innotox,4
2025-07-16,iope,iope,0
2025-07-16,jeuveau,jeuveau,0
2025-07-16,jevegel,jevegel,0
2025-07-16,jolse,jolse,0
2025-07-16,juvelook,juvelook,1
2025-07-16,laneige,laneige,7
2025-07-16,letybo,letybo,0
2025-07-16,madeca,madeca,0
2025-07-16,mamonde,mamonde,0
2025-07-16,manyo,manyo,0
2025-07-16,medicube,medicube,3
2025-07-16,merzy,merzy,0
2025-07-16,mighty patch,mighty patch,2
2025-07-16,mighty patch,mighty-patch,0
2025-07-16,mighty patch,mighty.patch,0
2025-07-16,mighty patch,mighty_patch,0
2025-07-16,mighty patch,mightypatch,0
2025-07-16,missha,missha,2
2025-07-16,mixoon,mixoon,0
2025-07-16,nabota,nabota,2
2025-07-16,newlux,newlux,0
2025-07-16,numbuzin,numbuzin,5
2025-07-16,ohui,ohui,0
2025-07-16,oligio,oligio,0
2025-07-16,olive young,olive young,4
2025-07-16,olive young,olive-young,0
2025-07-16,olive young,olive.young,0
2025-07-16,olive young,olive_young,0
2025-07-16,olive young,oliveyoung,0
2025-07-16,peripera,peripera,2
2025-07-16,potenza,potenza,0
2025-07-16,real barrier,real barrier,1
2025-07-16,real barrier,real-barrier,0
2025-07-16,real barrier,real.barrier,0
2025-07-16,real barrier,real_barrier,0
2025-07-16,real barrier,realbarrier,0
2025-07-16,reedle shot,reedle shot,0
2025-07-16,reedle shot,reedle-shot,0
2025-07-16,reedle shot,reedle.shot,0
2025-07-16,reedle shot,reedle_shot,0
2025-07-16,reedle shot,reedleshot,0
2025-07-16,rejuran,rejuran,2
2025-07-16,rentox,rentox,0
2025-07-16,rom&nd,rom&nd,4
2025-07-16,rom&nd,romnd,1
2025-07-16,round lab,round lab,3
2025-07-16,round lab,round-lab,0
2025-07-16,round lab,round.lab,0
2025-07-16,round lab,round_lab,0
2025-07-16,round lab,roundlab,0
2025-07-16,shurink,shurink,0
2025-07-16,skin1004,skin1004,4
2025-07-16,stylekorean,stylekorean,0
2025-07-16,stylevana,stylevana,1
2025-07-16,sulwhasoo,sulwhasoo,0
2025-07-16,sylfirm,sylfirm,0
2025-07-16,the whoo,the whoo,0
2025-07-16,the whoo,the-whoo,0
2025-07-16,the whoo,the.whoo,0
2025-07-16,the whoo,the_whoo,0
2025-07-16,the whoo,thewhoo,0
2025-07-16,tirtir,tirtir,5
2025-07-16,tonymoly,tonymoly,0
2025-07-16,torriden,torriden,0
2025-07-16,ultraformer,ultraformer,0
2025-07-16,volnewmer,volnewmer,0
2025-07-16,wellage,wellage,0
2025-07-16,yesstyle,yesstyle,14
2025-07-17,a'pieu,a'pieu,2
2025-07-17,a'pieu,a-pieu,0
2025-07-17,a'pieu,a.pieu,0
2025-07-17,a'pieu,a_pieu,0
2025-07-17,a'pieu,ap,0
2025-07-17,a'pieu,apieu,0
2025-07-17,acropass,acropass,0
2025-07-17,age-r,age-r,0
2025-07-17,age-r,age.r,0
2025-07-17,age-r,age_r,0
2025-07-17,age-r,ager,0
2025-07-17,anua,anua,13
2025-07-17,atopalm,atopalm,0
2025-07-17,bbia,bbia,0
2025-07-17,be the skin,be the skin,22
2025-07-17,be the skin,be-the-skin,0
2025-07-17,be the skin,be.the.skin,0
2025-07-17,be the skin,be_the_skin,0
2025-07-17,be the skin,betheskin,0
2025-07-17,beauty of joseon,beauty of joseon,12
2025-07-17,beauty of joseon,beauty-of-joseon,0
2025-07-17,beauty of joseon,beauty.of.joseon,0
2025-07-17,beauty of joseon,beauty_of_joseon,0
2025-07-17,beauty of joseon,beautyofjoseon,0
2025-07-17,belif,belif,1
2025-07-17,biodance,biodance,0
2025-07-17,boncept,boncept,0
2025-07-17,booster pro,booster pro,0
2025-07-17,booster pro,booster-pro,0
2025-07-17,booster pro,booster.pro,0
2025-07-17,booster pro,booster_pro,0
2025-07-17,booster pro,boosterpro,0
2025-07-17,botulax,botulax,0
2025-07-17,cell fusion c,cell fusion c,0
2025-07-17,cell fusion c,cell-fusion-c,0
2025-07-17,cell fusion c,cell.fusion.c,0
2025-07-17,cell fusion c,cell_fusion_c,0
2025-07-17,cell fusion c,cellfusionc,0
2025-07-17,centellian,centellian,0
2025-07-17,coolfase,coolfase,0
2025-07-17,cosrx,cosrx,14
2025-07-17,dalba,dalba,0
2025-07-17,goodal,goodal,0
2025-07-17,hi focus shot,hi focus shot,4
2025-07-17,hi focus shot,hi-focus-shot,0
2025-07-17,hi focus shot,hi.focus.shot,0
2025-07-17,hi focus shot,hi_focus_shot,0
2025-07-17,hi focus shot,hifocusshot,0
2025-07-17,history of whoo,history of whoo,0
2025-07-17,history of whoo,history-of-whoo,0
2025-07-17,history of whoo,history.of.whoo,0
2025-07-17,history of whoo,history_of_whoo,0
2025-07-17,history of whoo,historyofwhoo,0
2025-07-17,hwahae,hwahae,0
2025-07-17,innisfree,innisfree,2
2025-07-17,innotox,innotox,3
2025-07-17,iope,iope,1
2025-07-17,jeuveau,jeuveau,0
2025-07-17,jevegel,jevegel,0
2025-07-17,jolse,jolse,0
2025-07-17,juvelook,juvelook,0
2025-07-17,laneige,laneige,7
2025-07-17,letybo,letybo,0
2025-07-17,madeca,madeca,1
2025-07-17,mamonde,mamonde,0
2025-07-17,manyo,manyo,0
2025-07-17,medicube,medicube,4
2025-07-17,merzy,merzy,0
2025-07-17,mighty patch,mighty patch,0
2025-07-17,mighty patch,mighty-patch,0
2025-07-17,mighty patch,mighty.patch,0
2025-07-17,mighty patch,mighty_patch,0
2025-07-17,mighty patch,mightypatch,0
2025-07-17,missha,missha,2
2025-07-17,mixoon,mixoon,0
2025-07-17,nabota,nabota,0
2025-07-17,newlux,newlux,0
2025-07-17,numbuzin,numbuzin,4
2025-07-17,ohui,ohui,0
2025-07-17,oligio,oligio,0
2025-07-17,olive young,olive young,6
2025-07-17,olive young,olive-young,0
2025-07-17,olive young,olive.young,0
2025-07-17,olive young,olive_young,0
2025-07-17,olive young,oliveyoung,0
2025-07-17,peripera,peripera,1
2025-07-17,potenza,potenza,0
2025-07-17,real barrier,real barrier,0
2025-07-17,real barrier,real-barrier,0
2025-07-17,real barrier,real.barrier,0
2025-07-17,real barrier,real_barrier,0
2025-07-17,real barrier,realbarrier,0
2025-07-17,reedle shot,reedle shot,0
2025-07-17,reedle shot,reedle-shot,0
2025-07-17,reedle shot,reedle.shot,0
2025-07-17,reedle shot,reedle_shot,0
2025-07-17,reedle shot,reedleshot,0
2025-07-17,rejuran,rejuran,2
2025-07-17,rentox,rentox,0
2025-07-17,rom&nd,rom&nd,4
2025-07-17,rom&nd,romnd,0
2025-07-17,round lab,round lab,7
2025-07-17,round lab,round-lab,0
2025-07-17,round lab,round.lab,0
2025-07-17,round lab,round_lab,0
2025-07-17,round lab,roundlab,1
2025-07-17,shurink,shurink,0
2025-07-17,skin1004,skin1004,5
2025-07-17,stylekorean,stylekorean,0
2025-07-17,stylevana,stylevana,2
2025-07-17,sulwhasoo,sulwhasoo,0
2025-07-17,sylfirm,sylfirm,0
2025-07-17,the whoo,the whoo,0
2025-07-17,the whoo,the-whoo,0
2025-07-17,the whoo,the.whoo,0
2025-07-17,the whoo,the_whoo,0
2025-07-17,the whoo,thewhoo,0
2025-07-17,tirtir,tirtir,3
2025-07-17,tonymoly,tonymoly,0
2025-07-17,torriden,torriden,3
2025-07-17,ultraformer,ultraformer,0
2025-07-17,volnewmer,volnewmer,0
2025-07-17,wellage,wellage,0
2025-07-17,yesstyle,yesstyle,11
2025-07-18,a'pieu,a'pieu,0
2025-07-18,a'pieu,a-pieu,0
2025-07-18,a'pieu,a.pieu,0
2025-07-18,a'pieu,a_pieu,0
2025-07-18,a'pieu,ap,3
2025-07-18,a'pieu,apieu,0
2025-07-18,acropass,acropass,0
2025-07-18,age-r,age-r,1
2025-07-18,age-r,age.r,0
2025-07-18,age-r,age_r,0
2025-07-18,age-r,ager,0
2025-07-18,anua,anua,5
2025-07-18,atopalm,atopalm,0
2025-07-18,bbia,bbia,0
2025-07-18,be the skin,be the skin,19
2025-07-18,be the skin,be-the-skin,0
2025-07-18,be the skin,be.the.skin,0
2025-07-18,be the skin,be_the_skin,0
2025-07-18,be the skin,betheskin,0
2025-07-18,beauty of joseon,beauty of joseon,15
2025-07-18,beauty of joseon,beauty-of-joseon,0
2025-07-18,beauty of joseon,beauty.of.joseon,0
2025-07-18,beauty of joseon,beauty_of_joseon,0
2025-07-18,beauty of joseon,beautyofjoseon,0
2025-07-18,belif,belif,0
2025-07-18,biodance,biodance,0
2025-07-18,boncept,boncept,0
2025-07-18,booster pro,booster pro,0
2025-07-18,booster pro,booster-pro,0
2025-07-18,booster pro,booster.pro,0
2025-07-18,booster pro,booster_pro,0
2025-07-18,booster pro,boosterpro,0
2025-07-18,botulax,botulax,0
2025-07-18,cell fusion c,cell fusion c,1
2025-07-18,cell fusion c,cell-fusion-c,0
2025-07-18,cell fusion c,cell.fusion.c,0
2025-07-18,cell fusion c,cell_fusion_c,0
2025-07-18,cell fusion c,cellfusionc,0
2025-07-18,centellian,centellian,0
2025-07-18,coolfase,coolfase,0
2025-07-18,cosrx,cosrx,8
2025-07-18,dalba,dalba,1
2025-07-18,goodal,goodal,1
2025-07-18,hi focus shot,hi focus shot,5
2025-07-18,hi focus shot,hi-focus-shot,0
2025-07-18,hi focus shot,hi.focus.shot,0
2025-07-18,hi focus shot,hi_focus_shot,0
2025-07-18,hi focus shot,hifocusshot,0
2025-07-18,history of whoo,history of whoo,1
2025-07-18,history of whoo,history-of-whoo,0
2025-07-18,history of whoo,history.of.whoo,0
2025-07-18,history of whoo,history_of_whoo,0
2025-07-18,history of whoo,historyofwhoo,0
2025-07-18,hwahae,hwahae,0
2025-07-18,innisfree,innisfree,5
2025-07-18,innotox,innotox,1
2025-07-18,iope,iope,1
2025-07-18,jeuveau,jeuveau,0
2025-07-18,jevegel,jevegel,0
2025-07-18,jolse,jolse,0
2025-07-18,juvelook,juvelook,1
2025-07-18,laneige,laneige,5
2025-07-18,letybo,letybo,0
2025-07-18,madeca,madeca,0
2025-07-18,mamonde,mamonde,0
2025-07-18,manyo,manyo,1
2025-07-18,medicube,medicube,5
2025-07-18,merzy,merzy,0
2025-07-18,mighty patch,mighty patch,0
2025-07-18,mighty patch,mighty-patch,0
2025-07-18,mighty patch,mighty.patch,0
2025-07-18,mighty patch,mighty_patch,0
2025-07-18,mighty patch,mightypatch,0
2025-07-18,missha,missha,2
2025-07-18,mixoon,mixoon,0
2025-07-18,nabota,nabota,0
2025-07-18,newlux,newlux,0
2025-07-18,numbuzin,numbuzin,2
2025-07-18,ohui,ohui,0
2025-07-18,oligio,oligio,0
2025-07-18,olive young,olive young,4
2025-07-18,olive young,olive-young,0
2025-07-18,olive young,olive.young,0
2025-07-18,olive young,olive_young,0
2025-07-18,olive young,oliveyoung,1
2025-07-18,peripera,peripera,3
2025-07-18,potenza,potenza,0
2025-07-18,real barrier,real barrier,1
2025-07-18,real barrier,real-barrier,0
2025-07-18,real barrier,real.barrier,0
2025-07-18,real barrier,real_barrier,0
2025-07-18,real barrier,realbarrier,0
2025-07-18,reedle shot,reedle shot,1
2025-07-18,reedle shot,reedle-shot,0
2025-07-18,reedle shot,reedle.shot,0
2025-07-18,reedle shot,reedle_shot,0
2025-07-18,reedle shot,reedleshot,0
2025-07-18,rejuran,rejuran,1
2025-07-18,rentox,rentox,0
2025-07-18,rom&nd,rom&nd,2
2025-07-18,rom&nd,romnd,0
2025-07-18,round lab,round lab,2
2025-07-18,round lab,round-lab,0
2025-07-18,round lab,round.lab,0
2025-07-18,round lab,round_lab,0
2025-07-18,round lab,roundlab,1
2025-07-18,shurink,shurink,0
2025-07-18,skin1004,skin1004,7
2025-07-18,stylekorean,stylekorean,4
2025-07-18,stylevana,stylevana,3
2025-07-18,sulwhasoo,sulwhasoo,1
2025-07-18,sylfirm,sylfirm,0
2025-07-18,the whoo,the whoo,1
2025-07-18,the whoo,the-whoo,0
2025-07-18,the whoo,the.whoo,0
2025-07-18,the whoo,the_whoo,0
2025-07-18,the whoo,thewhoo,0
2025-07-18,tirtir,tirtir,4
2025-07-18,tonymoly,tonymoly,3
2025-07-18,torriden,torriden,1
2025-07-18,ultraformer,ultraformer,0
2025-07-18,volnewmer,volnewmer,0
2025-07-18,wellage,wellage,0
2025-07-18,yesstyle,yesstyle,16
2025-07-19,a'pieu,a'pieu,0
2025-07-19,a'pieu,a-pieu,0
2025-07-19,a'pieu,a.pieu,0
2025-07-19,a'pieu,a_pieu,0
2025-07-19,a'pieu,ap,1
2025-07-19,a'pieu,apieu,0
2025-07-19,acropass,acropass,0
2025-07-19,age-r,age-r,2
2025-07-19,age-r,age.r,0
2025-07-19,age-r,age_r,0
2025-07-19,age-r,ager,0
2025-07-19,anua,anua,10
2025-07-19,atopalm,atopalm,0
2025-07-19,bbia,bbia,0
2025-07-19,be the skin,be the skin,16
2025-07-19,be the skin,be-the-skin,0
2025-07-19,be the skin,be.the.skin,0
2025-07-19,be the skin,be_the_skin,0
2025-07-19,be the skin,betheskin,0
2025-07-19,beauty of joseon,beauty of joseon,12
2025-07-19,beauty of joseon,beauty-of-joseon,0
2025-07-19,beauty of joseon,beauty.of.joseon,0
2025-07-19,beauty of joseon,beauty_of_joseon,0
2025-07-19,beauty of joseon,beautyofjoseon,0
2025-07-19,belif,belif,0
2025-07-19,biodance,biodance,0
2025-07-19,boncept,boncept,0
2025-07-19,booster pro,booster pro,1
2025-07-19,booster pro,booster-pro,0
2025-07-19,booster pro,booster.pro,0
2025-07-19,booster pro,booster_pro,0
2025-07-19,booster pro,boosterpro,0
2025-07-19,botulax,botulax,0
2025-07-19,cell fusion c,cell fusion c,0
2025-07-19,cell fusion c,cell-fusion-c,0
2025-07-19,cell fusion c,cell.fusion.c,0
2025-07-19,cell fusion c,cell_fusion_c,0
2025-07-19,cell fusion c,cellfusionc,0
2025-07-19,centellian,centellian,0
2025-07-19,coolfase,coolfase,0
2025-07-19,cosrx,cosrx,5
2025-07-19,dalba,dalba,0
2025-07-19,goodal,goodal,0
2025-07-19,hi focus shot,hi focus shot,2
2025-07-19,hi focus shot,hi-focus-shot,0
2025-07-19,hi focus shot,hi.focus.shot,0
2025-07-19,hi focus shot,hi_focus_shot,0
2025-07-19,hi focus shot,hifocusshot,0
2025-07-19,history of whoo,history of whoo,0
2025-07-19,history of whoo,history-of-whoo,0
2025-07-19,history of whoo,history.of.whoo,0
2025-07-19,history of whoo,history_of_whoo,0
2025-07-19,history of whoo,historyofwhoo,0
2025-07-19,hwahae,hwahae,0
2025-07-19,innisfree,innisfree,5
2025-07-19,innotox,innotox,3
2025-07-19,iope,iope,0
2025-07-19,jeuveau,jeuveau,0
2025-07-19,jevegel,jevegel,0
2025-07-19,jolse,jolse,0
2025-07-19,juvelook,juvelook,0
2025-07-19,laneige,laneige,12
2025-07-19,letybo,letybo,0
2025-07-19,madeca,madeca,0
2025-07-19,mamonde,mamonde,1
2025-07-19,manyo,manyo,3
2025-07-19,medicube,medicube,5
2025-07-19,merzy,merzy,0
2025-07-19,mighty patch,mighty patch,0
2025-07-19,mighty patch,mighty-patch,0
2025-07-19,mighty patch,mighty.patch,0
2025-07-19,mighty patch,mighty_patch,0
2025-07-19,mighty patch,mightypatch,0
2025-07-19,missha,missha,3
2025-07-19,mixoon,mixoon,0
2025-07-19,nabota,nabota,0
2025-07-19,newlux,newlux,0
2025-07-19,numbuzin,numbuzin,2
2025-07-19,ohui,ohui,0
2025-07-19,oligio,oligio,0
2025-07-19,olive young,olive young,0
2025-07-19,olive young,olive-young,0
2025-07-19,olive young,olive.young,0
2025-07-19,olive young,olive_young,0
2025-07-19,olive young,oliveyoung,0
2025-07-19,peripera,peripera,1
2025-07-19,potenza,potenza,0
2025-07-19,real barrier,real barrier,1
2025-07-19,real barrier,real-barrier,0
2025-07-19,real barrier,real.barrier,0
2025-07-19,real barrier,real_barrier,0
2025-07-19,real barrier,realbarrier,0
2025-07-19,reedle shot,reedle shot,4
2025-07-19,reedle shot,reedle-shot,0
2025-07-19,reedle shot,reedle.shot,0
2025-07-19,reedle shot,reedle_shot,0
2025-07-19,reedle shot,reedleshot,0
2025-07-19,rejuran,rejuran,0
2025-07-19,rentox,rentox,0
2025-07-19,rom&nd,rom&nd,1
2025-07-19,rom&nd,romnd,0
2025-07-19,round lab,round lab,2
2025-07-19,round lab,round-lab,0
2025-07-19,round lab,round.lab,0
2025-07-19,round lab,round_lab,0
2025-07-19,round lab,roundlab,0
2025-07-19,shurink,shurink,0
2025-07-19,skin1004,skin1004,10
2025-07-19,stylekorean,stylekorean,0
2025-07-19,stylevana,stylevana,2
2025-07-19,sulwhasoo,sulwhasoo,1
2025-07-19,sylfirm,sylfirm,1
2025-07-19,the whoo,the whoo,0
2025-07-19,the whoo,the-whoo,0
2025-07-19,the whoo,the.whoo,0
2025-07-19,the whoo,the_whoo,0
2025-07-19,the whoo,thewhoo,0
2025-07-19,tirtir,tirtir,3
2025-07-19,tonymoly,tonymoly,2
2025-07-19,torriden,torriden,4
2025-07-19,ultraformer,ultraformer,0
2025-07-19,volnewmer,volnewmer,0
2025-07-19,wellage,wellage,0
2025-07-19,yesstyle,yesstyle,6
2025-07-20,a'pieu,a'pieu,2
2025-07-20,a'pieu,a-pieu,0
2025-07-20,a'pieu,a.pieu,0
2025-07-20,a'pieu,a_pieu,0
2025-07-20,a'pieu,ap,4
2025-07-20,a'pieu,apieu,0
2025-07-20,acropass,acropass,0
2025-07-20,age-r,age-r,1
2025-07-20,age-r,age.r,0
2025-07-20,age-r,age_r,0
2025-07-20,age-r,ager,0
2025-07-20,anua,anua,8
2025-07-20,atopalm,atopalm,0
2025-07-20,bbia,bbia,1
2025-07-20,be the skin,be the skin,18
2025-07-20,be the skin,be-the-skin,0
2025-07-20,be the skin,be.the.skin,0
2025-07-20,be the skin,be_the_skin,0
2025-07-20,be the skin,betheskin,0
2025-07-20,beauty of joseon,beauty of joseon,6
2025-07-20,beauty of joseon,beauty-of-joseon,0
2025-07-20,beauty of joseon,beauty.of.joseon,0
2025-07-20,beauty of joseon,beauty_of_joseon,0
2025-07-20,beauty of joseon,beautyofjoseon,0
2025-07-20,belif,belif,0
2025-07-20,biodance,biodance,0
2025-07-20,boncept,boncept,0
2025-07-20,booster pro,booster pro,0
2025-07-20,booster pro,booster-pro,0
2025-07-20,booster pro,booster.pro,0
2025-07-20,booster pro,booster_pro,0
2025-07-20,booster pro,boosterpro,0
2025-07-20,botulax,botulax,0
2025-07-20,cell fusion c,cell fusion c,0
2025-07-20,cell fusion c,cell-fusion-c,0
2025-07-20,cell fusion c,cell.fusion.c,0
2025-07-20,cell fusion c,cell_fusion_c,0
2025-07-20,cell fusion c,cellfusionc,0
2025-07-20,centellian,centellian,0
2025-07-20,coolfase,coolfase,0
2025-07-20,cosrx,cosrx,11
2025-07-20,dalba,dalba,1
2025-07-20,goodal,goodal,0
2025-07-20,hi focus shot,hi focus shot,0
2025-07-20,hi focus shot,hi-focus-shot,0
2025-07-20,hi focus shot,hi.focus.shot,0
2025-07-20,hi focus shot,hi_focus_shot,0
2025-07-20,hi focus shot,hifocusshot,0
2025-07-20,history of whoo,history of whoo,0
2025-07-20,history of whoo,history-of-whoo,0
2025-07-20,history of whoo,history.of.whoo,0
2025-07-20,history of whoo,history_of_whoo,0
2025-07-20,history of whoo,historyofwhoo,0
2025-07-20,hwahae,hwahae,0
2025-07-20,innisfree,innisfree,2
2025-07-20,innotox,innotox,3
2025-07-20,iope,iope,0
2025-07-20,jeuveau,jeuveau,0
2025-07-20,jevegel,jevegel,0
2025-07-20,jolse,jolse,0
2025-07-20,juvelook,juvelook,0
2025-07-20,laneige,laneige,8
2025-07-20,letybo,letybo,0
2025-07-20,madeca,madeca,0
2025-07-20,mamonde,mamonde,1
2025-07-20,manyo,manyo,0
2025-07-20,medicube,medicube,8
2025-07-20,merzy,merzy,1
2025-07-20,mighty patch,mighty patch,0
2025-07-20,mighty patch,mighty-patch,0
2025-07-20,mighty patch,mighty.patch,0
2025-07-20,mighty patch,mighty_patch,0
2025-07-20,mighty patch,mightypatch,0
2025-07-20,missha,missha,0
2025-07-20,mixoon,mixoon,0
2025-07-20,nabota,nabota,1
2025-07-20,newlux,newlux,0
2025-07-20,numbuzin,numbuzin,1
2025-07-20,ohui,ohui,0
2025-07-20,oligio,oligio,0
2025-07-20,olive young,olive young,2
2025-07-20,olive young,olive-young,0
2025-07-20,olive young,olive.young,0
2025-07-20,olive young,olive_young,0
2025-07-20,olive young,oliveyoung,0
2025-07-20,peripera,peripera,1
2025-07-20,potenza,potenza,0
2025-07-20,real barrier,real barrier,0
2025-07-20,real barrier,real-barrier,0
2025-07-20,real barrier,real.barrier,0
2025-07-20,real barrier,real_barrier,0
2025-07-20,real barrier,realbarrier,0
2025-07-20,reedle shot,reedle shot,2
2025-07-20,reedle shot,reedle-shot,0
2025-07-20,reedle shot,reedle.shot,0
2025-07-20,reedle shot,reedle_shot,0
2025-07-20,reedle shot,reedleshot,0
2025-07-20,rejuran,rejuran,0
2025-07-20,rentox,rentox,0
2025-07-20,rom&nd,rom&nd,3
2025-07-20,rom&nd,romnd,0
2025-07-20,round lab,round lab,5
2025-07-20,round lab,round-lab,0
2025-07-20,round lab,round.lab,0
2025-07-20,round lab,round_lab,0
2025-07-20,round lab,roundlab,2
2025-07-20,shurink,shurink,0
2025-07-20,skin1004,skin1004,11
2025-07-20,stylekorean,stylekorean,0
2025-07-20,stylevana,stylevana,0
2025-07-20,sulwhasoo,sulwhasoo,1
2025-07-20,sylfirm,sylfirm,0
2025-07-20,the whoo,the whoo,0
2025-07-20,the whoo,the-whoo,0
2025-07-20,the whoo,the.whoo,0
2025-07-20,the whoo,the_whoo,0
2025-07-20,the whoo,thewhoo,0
2025-07-20,tirtir,tirtir,2
2025-07-20,tonymoly,tonymoly,1
2025-07-20,torriden,torriden,0
2025-07-20,ultraformer,ultraformer,0
2025-07-20,volnewmer,volnewmer,0
2025-07-20,wellage,wellage,0
2025-07-20,yesstyle,yesstyle,14
2025-07-21,a'pieu,a'pieu,1
2025-07-21,a'pieu,a-pieu,0
2025-07-21,a'pieu,a.pieu,0
2025-07-21,a'pieu,a_pieu,0
2025-07-21,a'pieu,ap,1
2025-07-21,a'pieu,apieu,0
2025-07-21,acropass,acropass,0
2025-07-21,age-r,age-r,1
2025-07-21,age-r,age.r,0
2025-07-21,age-r,age_r,0
2025-07-21,age-r,ager,0
2025-07-21,anua,anua,6
2025-07-21,atopalm,atopalm,0
2025-07-21,bbia,bbia,0
2025-07-21,be the skin,be the skin,31
2025-07-21,be the skin,be-the-skin,0
2025-07-21,be the skin,be.the.skin,0
2025-07-21,be the skin,be_the_skin,0
2025-07-21,be the skin,betheskin,0
2025-07-21,beauty of joseon,beauty of joseon,7
2025-07-21,beauty of joseon,beauty-of-joseon,0
2025-07-21,beauty of joseon,beauty.of.joseon,0
2025-07-21,beauty of joseon,beauty_of_joseon,0
2025-07-21,beauty of joseon,beautyofjoseon,0
2025-07-21,belif,belif,2
2025-07-21,biodance,biodance,2
2025-07-21,boncept,boncept,0
2025-07-21,booster pro,booster pro,0
2025-07-21,booster pro,booster-pro,0
2025-07-21,booster pro,booster.pro,0
2025-07-21,booster pro,booster_pro,0
2025-07-21,booster pro,boosterpro,0
2025-07-21,botulax,botulax,0
2025-07-21,cell fusion c,cell fusion c,0
2025-07-21,cell fusion c,cell-fusion-c,0
2025-07-21,cell fusion c,cell.fusion.c,0
2025-07-21,cell fusion c,cell_fusion_c,0
2025-07-21,cell fusion c,cellfusionc,0
2025-07-21,centellian,centellian,0
2025-07-21,coolfase,coolfase,0
2025-07-21,cosrx,cosrx,9
2025-07-21,dalba,dalba,0
2025-07-21,goodal,goodal,0
2025-07-21,hi focus shot,hi focus shot,2
2025-07-21,hi focus shot,hi-focus-shot,0
2025-07-21,hi focus shot,hi.focus.shot,0
2025-07-21,hi focus shot,hi_focus_shot,0
2025-07-21,hi focus shot,hifocusshot,0
2025-07-21,history of whoo,history of whoo,0
2025-07-21,history of whoo,history-of-whoo,0
2025-07-21,history of whoo,history.of.whoo,0
2025-07-21,history of whoo,history_of_whoo,0
2025-07-21,history of whoo,historyofwhoo,0
2025-07-21,hwahae,hwahae,0
2025-07-21,innisfree,innisfree,1
2025-07-21,innotox,innotox,5
2025-07-21,iope,iope,1
2025-07-21,jeuveau,jeuveau,0
2025-07-21,jevegel,jevegel,0
2025-07-21,jolse,jolse,0
2025-07-21,juvelook,juvelook,1
2025-07-21,laneige,laneige,17
2025-07-21,letybo,letybo,0
2025-07-21,madeca,madeca,1
2025-07-21,mamonde,mamonde,1
2025-07-21,manyo,manyo,0
2025-07-21,medicube,medicube,4
2025-07-21,merzy,merzy,0
2025-07-21,mighty patch,mighty patch,0
2025-07-21,mighty patch,mighty-patch,0
2025-07-21,mighty patch,mighty.patch,0
2025-07-21,mighty patch,mighty_patch,0
2025-07-21,mighty patch,mightypatch,0
2025-07-21,missha,missha,2
2025-07-21,mixoon,mixoon,0
2025-07-21,nabota,nabota,0
2025-07-21,newlux,newlux,0
2025-07-21,numbuzin,numbuzin,4
2025-07-21,ohui,ohui,0
2025-07-21,oligio,oligio,0
2025-07-21,olive young,olive young,3
2025-07-21,olive young,olive-young,0
2025-07-21,olive young,olive.young,0
2025-07-21,olive young,olive_young,0
2025-07-21,olive young,oliveyoung,0
2025-07-21,peripera,peripera,2
2025-07-21,potenza,potenza,3
2025-07-21,real barrier,real barrier,0
2025-07-21,real barrier,real-barrier,0
2025-07-21,real barrier,real.barrier,0
2025-07-21,real barrier,real_barrier,0
2025-07-21,real barrier,realbarrier,0
2025-07-21,reedle shot,reedle shot,1
2025-07-21,reedle shot,reedle-shot,0
2025-07-21,reedle shot,reedle.shot,0
2025-07-21,reedle shot,reedle_shot,0
2025-07-21,reedle shot,reedleshot,0
2025-07-21,rejuran,rejuran,6
2025-07-21,rentox,rentox,0
2025-07-21,rom&nd,rom&nd,6
2025-07-21,rom&nd,romnd,0
2025-07-21,round lab,round lab,1
2025-07-21,round lab,round-lab,0
2025-07-21,round lab,round.lab,0
2025-07-21,round lab,round_lab,0
2025-07-21,round lab,roundlab,1
2025-07-21,shurink,shurink,0
2025-07-21,skin1004,skin1004,9
2025-07-21,stylekorean,stylekorean,0
2025-07-21,stylevana,stylevana,1
2025-07-21,sulwhasoo,sulwhasoo,2
2025-07-21,sylfirm,sylfirm,0
2025-07-21,the whoo,the whoo,1
2025-07-21,the whoo,the-whoo,0
2025-07-21,the whoo,the.whoo,0
2025-07-21,the whoo,the_whoo,0
2025-07-21,the whoo,thewhoo,0
2025-07-21,tirtir,tirtir,4
2025-07-21,tonymoly,tonymoly,1
2025-07-21,torriden,torriden,3
2025-07-21,ultraformer,ultraformer,0
2025-07-21,volnewmer,volnewmer,0
2025-07-21,wellage,wellage,0
2025-07-21,yesstyle,yesstyle,9
2025-07-22,a'pieu,a'pieu,0
2025-07-22,a'pieu,a-pieu,0
2025-07-22,a'pieu,a.pieu,0
2025-07-22,a'pieu,a_pieu,0
2025-07-22,a'pieu,ap,2
2025-07-22,a'pieu,apieu,0
2025-07-22,acropass,acropass,0
2025-07-22,age-r,age-r,0
2025-07-22,age-r,age.r,0
2025-07-22,age-r,age_r,0
2025-07-22,age-r,ager,0
2025-07-22,anua,anua,12
2025-07-22,atopalm,atopalm,0
2025-07-22,bbia,bbia,0
2025-07-22,be the skin,be the skin,38
2025-07-22,be the skin,be-the-skin,0
2025-07-22,be the skin,be.the.skin,0
2025-07-22,be the skin,be_the_skin,0
2025-07-22,be the skin,betheskin,0
2025-07-22,beauty of joseon,beauty of joseon,8
2025-07-22,beauty of joseon,beauty-of-joseon,0
2025-07-22,beauty of joseon,beauty.of.joseon,0
2025-07-22,beauty of joseon,beauty_of_joseon,0
2025-07-22,beauty of joseon,beautyofjoseon,0
2025-07-22,belif,belif,0
2025-07-22,biodance,biodance,0
2025-07-22,boncept,boncept,0
2025-07-22,booster pro,booster pro,0
2025-07-22,booster pro,booster-pro,0
2025-07-22,booster pro,booster.pro,0
2025-07-22,booster pro,booster_pro,0
2025-07-22,booster pro,boosterpro,0
2025-07-22,botulax,botulax,0
2025-07-22,cell fusion c,cell fusion c,3
2025-07-22,cell fusion c,cell-fusion-c,0
2025-07-22,cell fusion c,cell.fusion.c,0
2025-07-22,cell fusion c,cell_fusion_c,0
2025-07-22,cell fusion c,cellfusionc,0
2025-07-22,centellian,centellian,0
2025-07-22,coolfase,coolfase,0
2025-07-22,cosrx,cosrx,8
2025-07-22,dalba,dalba,0
2025-07-22,goodal,goodal,1
2025-07-22,hi focus shot,hi focus shot,3
2025-07-22,hi focus shot,hi-focus-shot,0
2025-07-22,hi focus shot,hi.focus.shot,0
2025-07-22,hi focus shot,hi_focus_shot,0
2025-07-22,hi focus shot,hifocusshot,0
2025-07-22,history of whoo,history of whoo,0
2025-07-22,history of whoo,history-of-whoo,0
2025-07-22,history of whoo,history.of.whoo,0
2025-07-22,history of whoo,history_of_whoo,0
2025-07-22,history of whoo,historyofwhoo,0
2025-07-22,hwahae,hwahae,0
2025-07-22,innisfree,innisfree,1
2025-07-22,innotox,innotox,3
2025-07-22,iope,iope,0
2025-07-22,jeuveau,jeuveau,0
2025-07-22,jevegel,jevegel,0
2025-07-22,jolse,jolse,0
2025-07-22,juvelook,juvelook,0
2025-07-22,laneige,laneige,10
2025-07-22,letybo,letybo,0
2025-07-22,madeca,madeca,0
2025-07-22,mamonde,mamonde,0
2025-07-22,manyo,manyo,2
2025-07-22,medicube,medicube,3
2025-07-22,merzy,merzy,0
2025-07-22,mighty patch,mighty patch,1
2025-07-22,mighty patch,mighty-patch,0
2025-07-22,mighty patch,mighty.patch,0
2025-07-22,mighty patch,mighty_patch,0
2025-07-22,mighty patch,mightypatch,0
2025-07-22,missha,missha,1
2025-07-22,mixoon,mixoon,0
2025-07-22,nabota,nabota,0
2025-07-22,newlux,newlux,0
2025-07-22,numbuzin,numbuzin,2
2025-07-22,ohui,ohui,0
2025-07-22,oligio,oligio,1
2025-07-22,olive young,olive young,3
2025-07-22,olive young,olive-young,0
2025-07-22,olive young,olive.young,0
2025-07-22,olive young,olive_young,0
2025-07-22,olive young,oliveyoung,1
2025-07-22,peripera,peripera,3
2025-07-22,potenza,potenza,0
2025-07-22,real barrier,real barrier,1
2025-07-22,real barrier,real-barrier,0
2025-07-22,real barrier,real.barrier,0
2025-07-22,real barrier,real_barrier,0
2025-07-22,real barrier,realbarrier,0
2025-07-22,reedle shot,reedle shot,1
2025-07-22,reedle shot,reedle-shot,0
2025-07-22,reedle shot,reedle.shot,0
2025-07-22,reedle shot,reedle_shot,0
2025-07-22,reedle shot,reedleshot,0
2025-07-22,rejuran,rejuran,3
2025-07-22,rentox,rentox,0
2025-07-22,rom&nd,rom&nd,2
2025-07-22,rom&nd,romnd,0
2025-07-22,round lab,round lab,8
2025-07-22,round lab,round-lab,0
2025-07-22,round lab,round.lab,0
2025-07-22,round lab,round_lab,0
2025-07-22,round lab,roundlab,2
2025-07-22,shurink,shurink,0
2025-07-22,skin1004,skin1004,8
2025-07-22,stylekorean,stylekorean,0
2025-07-22,stylevana,stylevana,2
2025-07-22,sulwhasoo,sulwhasoo,2
2025-07-22,sylfirm,sylfirm,0
2025-07-22,the whoo,the whoo,0
2025-07-22,the whoo,the-whoo,0
2025-07-22,the whoo,the.whoo,0
2025-07-22,the whoo,the_whoo,0
2025-07-22,the whoo,thewhoo,0
2025-07-22,tirtir,tirtir,1
2025-07-22,tonymoly,tonymoly,3
2025-07-22,torriden,torriden,2
2025-07-22,ultraformer,ultraformer,0
2025-07-22,volnewmer,volnewmer,0
2025-07-22,wellage,wellage,0
2025-07-22,yesstyle,yesstyle,19
2025-07-23,a'pieu,a'pieu,2
2025-07-23,a'pieu,a-pieu,0
2025-07-23,a'pieu,a.pieu,0
2025-07-23,a'pieu,a_pieu,0
2025-07-23,a'pieu,ap,1
2025-07-23,a'pieu,apieu,0
2025-07-23,acropass,acropass,0
2025-07-23,age-r,age-r,3
2025-07-23,age-r,age.r,0
2025-07-23,age-r,age_r,0
2025-07-23,age-r,ager,1
2025-07-23,anua,anua,9
2025-07-23,atopalm,atopalm,0
2025-07-23,bbia,bbia,2
2025-07-23,be the skin,be the skin,32
2025-07-23,be the skin,be-the-skin,0
2025-07-23,be the skin,be.the.skin,0
2025-07-23,be the skin,be_the_skin,0
2025-07-23,be the skin,betheskin,0
2025-07-23,beauty of joseon,beauty of joseon,8
2025-07-23,beauty of joseon,beauty-of-joseon,0
2025-07-23,beauty of joseon,beauty.of.joseon,0
2025-07-23,beauty of joseon,beauty_of_joseon,0
2025-07-23,beauty of joseon,beautyofjoseon,0
2025-07-23,belif,belif,1
2025-07-23,biodance,biodance,0
2025-07-23,boncept,boncept,0
2025-07-23,booster pro,booster pro,1
2025-07-23,booster pro,booster-pro,0
2025-07-23,booster pro,booster.pro,0
2025-07-23,booster pro,booster_pro,0
2025-07-23,booster pro,boosterpro,0
2025-07-23,botulax,botulax,0
2025-07-23,cell fusion c,cell fusion c,1
2025-07-23,cell fusion c,cell-fusion-c,0
2025-07-23,cell fusion c,cell.fusion.c,0
2025-07-23,cell fusion c,cell_fusion_c,0
2025-07-23,cell fusion c,cellfusionc,0
2025-07-23,centellian,centellian,0
2025-07-23,coolfase,coolfase,0
2025-07-23,cosrx,cosrx,12
2025-07-23,dalba,dalba,0
2025-07-23,goodal,goodal,0
2025-07-23,hi focus shot,hi focus shot,1
2025-07-23,hi focus shot,hi-focus-shot,0
2025-07-23,hi focus shot,hi.focus.shot,0
2025-07-23,hi focus shot,hi_focus_shot,0
2025-07-23,hi focus shot,hifocusshot,0
2025-07-23,history of whoo,history of whoo,0
2025-07-23,history of whoo,history-of-whoo,0
2025-07-23,history of whoo,history.of.whoo,0
2025-07-23,history of whoo,history_of_whoo,0
2025-07-23,history of whoo,historyofwhoo,0
2025-07-23,hwahae,hwahae,0
2025-07-23,innisfree,innisfree,3
2025-07-23,innotox,innotox,3
2025-07-23,iope,iope,0
2025-07-23,jeuveau,jeuveau,0
2025-07-23,jevegel,jevegel,0
2025-07-23,jolse,jolse,0
2025-07-23,juvelook,juvelook,1
2025-07-23,laneige,laneige,10
2025-07-23,letybo,letybo,0
2025-07-23,madeca,madeca,0
2025-07-23,mamonde,mamonde,2
2025-07-23,manyo,manyo,1
2025-07-23,medicube,medicube,3
2025-07-23,merzy,merzy,0
2025-07-23,mighty patch,mighty patch,0
2025-07-23,mighty patch,mighty-patch,0
2025-07-23,mighty patch,mighty.patch,0
2025-07-23,mighty patch,mighty_patch,0
2025-07-23,mighty patch,mightypatch,0
2025-07-23,missha,missha,1
2025-07-23,mixoon,mixoon,0
2025-07-23,nabota,nabota,2
2025-07-23,newlux,newlux,0
2025-07-23,numbuzin,numbuzin,0
2025-07-23,ohui,ohui,0
2025-07-23,oligio,oligio,0
2025-07-23,olive young,olive young,5
2025-07-23,olive young,olive-young,0
2025-07-23,olive young,olive.young,0
2025-07-23,olive young,olive_young,0
2025-07-23,olive young,oliveyoung,0
2025-07-23,peripera,peripera,4
2025-07-23,potenza,potenza,0
2025-07-23,real barrier,real barrier,1
2025-07-23,real barrier,real-barrier,0
2025-07-23,real barrier,real.barrier,0
2025-07-23,real barrier,real_barrier,0
2025-07-23,real barrier,realbarrier,0
2025-07-23,reedle shot,reedle shot,0
2025-07-23,reedle shot,reedle-shot,0
2025-07-23,reedle shot,reedle.shot,0
2025-07-23,reedle shot,reedle_shot,0
2025-07-23,reedle shot,reedleshot,0
2025-07-23,rejuran,rejuran,0
2025-07-23,rentox,rentox,1
2025-07-23,rom&nd,rom&nd,4
2025-07-23,rom&nd,romnd,0
2025-07-23,round lab,round lab,6
2025-07-23,round lab,round-lab,0
2025-07-23,round lab,round.lab,0
2025-07-23,round lab,round_lab,0
2025-07-23,round lab,roundlab,2
2025-07-23,shurink,shurink,0
2025-07-23,skin1004,skin1004,9
2025-07-23,stylekorean,stylekorean,0
2025-07-23,stylevana,stylevana,0
2025-07-23,sulwhasoo,sulwhasoo,1
2025-07-23,sylfirm,sylfirm,0
2025-07-23,the whoo,the whoo,0
2025-07-23,the whoo,the-whoo,0
2025-07-23,the whoo,the.whoo,0
2025-07-23,the whoo,the_whoo,0
2025-07-23,the whoo,thewhoo,0
2025-07-23,tirtir,tirtir,5
2025-07-23,tonymoly,tonymoly,3
2025-07-23,torriden,torriden,3
2025-07-23,ultraformer,ultraformer,0
2025-07-23,volnewmer,volnewmer,0
2025-07-23,wellage,wellage,1
2025-07-23,yesstyle,yesstyle,12
2025-07-24,a'pieu,a'pieu,0
2025-07-24,a'pieu,a-pieu,0
2025-07-24,a'pieu,a.pieu,0
2025-07-24,a'pieu,a_pieu,0
2025-07-24,a'pieu,ap,1
2025-07-24,a'pieu,apieu,0
2025-07-24,acropass,acropass,0
2025-07-24,age-r,age-r,1
2025-07-24,age-r,age.r,0
2025-07-24,age-r,age_r,0
2025-07-24,age-r,ager,0
2025-07-24,anua,anua,6
2025-07-24,atopalm,atopalm,0
2025-07-24,bbia,bbia,0
2025-07-24,be the skin,be the skin,26
2025-07-24,be the skin,be-the-skin,0
2025-07-24,be the skin,be.the.skin,0
2025-07-24,be the skin,be_the_skin,0
2025-07-24,be the skin,betheskin,0
2025-07-24,beauty of joseon,beauty of joseon,7
2025-07-24,beauty of joseon,beauty-of-joseon,0
2025-07-24,beauty of joseon,beauty.of.joseon,0
2025-07-24,beauty of joseon,beauty_of_joseon,0
2025-07-24,beauty of joseon,beautyofjoseon,0
2025-07-24,belif,belif,0
2025-07-24,biodance,biodance,0
2025-07-24,boncept,boncept,0
2025-07-24,booster pro,booster pro,0
2025-07-24,booster pro,booster-pro,0
2025-07-24,booster pro,booster.pro,0
2025-07-24,booster pro,booster_pro,0
2025-07-24,booster pro,boosterpro,0
2025-07-24,botulax,botulax,3
2025-07-24,cell fusion c,cell fusion c,1
2025-07-24,cell fusion c,cell-fusion-c,0
2025-07-24,cell fusion c,cell.fusion.c,0
2025-07-24,cell fusion c,cell_fusion_c,0
2025-07-24,cell fusion c,cellfusionc,0
2025-07-24,centellian,centellian,0
2025-07-24,coolfase,coolfase,0
2025-07-24,cosrx,cosrx,10
2025-07-24,dalba,dalba,0
2025-07-24,goodal,goodal,0
2025-07-24,hi focus shot,hi focus shot,1
2025-07-24,hi focus shot,hi-focus-shot,0
2025-07-24,hi focus shot,hi.focus.shot,0
2025-07-24,hi focus shot,hi_focus_shot,0
2025-07-24,hi focus shot,hifocusshot,0
2025-07-24,history of whoo,history of whoo,0
2025-07-24,history of whoo,history-of-whoo,0
2025-07-24,history of whoo,history.of.whoo,0
2025-07-24,history of whoo,history_of_whoo,0
2025-07-24,history of whoo,historyofwhoo,0
2025-07-24,hwahae,hwahae,0
2025-07-24,innisfree,innisfree,3
2025-07-24,innotox,innotox,2
2025-07-24,iope,iope,0
2025-07-24,jeuveau,jeuveau,0
2025-07-24,jevegel,jevegel,0
2025-07-24,jolse,jolse,0
2025-07-24,juvelook,juvelook,0
2025-07-24,laneige,laneige,10
2025-07-24,letybo,letybo,1
2025-07-24,madeca,madeca,0
2025-07-24,mamonde,mamonde,1
2025-07-24,manyo,manyo,0
2025-07-24,medicube,medicube,3
2025-07-24,merzy,merzy,0
2025-07-24,mighty patch,mighty patch,0
2025-07-24,mighty patch,mighty-patch,0
2025-07-24,mighty patch,mighty.patch,0
2025-07-24,mighty patch,mighty_patch,0
2025-07-24,mighty patch,mightypatch,0
2025-07-24,missha,missha,0
2025-07-24,mixoon,mixoon,0
2025-07-24,nabota,nabota,1
2025-07-24,newlux,newlux,0
2025-07-24,numbuzin,numbuzin,1
2025-07-24,ohui,ohui,0
2025-07-24,oligio,oligio,0
2025-07-24,olive young,olive young,1
2025-07-24,olive young,olive-young,0
2025-07-24,olive young,olive.young,0
2025-07-24,olive young,olive_young,0
2025-07-24,olive young,oliveyoung,0
2025-07-24,peripera,peripera,1
2025-07-24,potenza,potenza,0
2025-07-24,real barrier,real barrier,3
2025-07-24,real barrier,real-barrier,0
2025-07-24,real barrier,real.barrier,0
2025-07-24,real barrier,real_barrier,0
2025-07-24,real barrier,realbarrier,0
2025-07-24,reedle shot,reedle shot,0
2025-07-24,reedle shot,reedle-shot,0
2025-07-24,reedle shot,reedle.shot,0
2025-07-24,reedle shot,reedle_shot,0
2025-07-24,reedle shot,reedleshot,0
2025-07-24,rejuran,rejuran,1
2025-07-24,rentox,rentox,1
2025-07-24,rom&nd,rom&nd,3
2025-07-24,rom&nd,romnd,0
2025-07-24,round lab,round lab,4
2025-07-24,round lab,round-lab,0
2025-07-24,round lab,round.lab,0
2025-07-24,round lab,round_lab,0
2025-07-24,round lab,roundlab,2
2025-07-24,shurink,shurink,0
2025-07-24,skin1004,skin1004,8
2025-07-24,stylekorean,stylekorean,0
2025-07-24,stylevana,stylevana,1
2025-07-24,sulwhasoo,sulwhasoo,1
2025-07-24,sylfirm,sylfirm,0
2025-07-24,the whoo,the whoo,0
2025-07-24,the whoo,the-whoo,0
2025-07-24,the whoo,the.whoo,0
2025-07-24,the whoo,the_whoo,0
2025-07-24,the whoo,thewhoo,0
2025-07-24,tirtir,tirtir,2
2025-07-24,tonymoly,tonymoly,0
2025-07-24,torriden,torriden,1
2025-07-24,ultraformer,ultraformer,0
2025-07-24,volnewmer,volnewmer,0
2025-07-24,wellage,wellage,0
2025-07-24,yesstyle,yesstyle,6
2025-07-25,a'pieu,a'pieu,1
2025-07-25,a'pieu,a-pieu,1
2025-07-25,a'pieu,a.pieu,0
2025-07-25,a'pieu,a_pieu,0
2025-07-25,a'pieu,ap,0
2025-07-25,a'pieu,apieu,0
2025-07-25,acropass,acropass,0
2025-07-25,age-r,age-r,1
2025-07-25,age-r,age.r,0
2025-07-25,age-r,age_r,0
2025-07-25,age-r,ager,0
2025-07-25,anua,anua,9
2025-07-25,atopalm,atopalm,0
2025-07-25,bbia,bbia,1
2025-07-25,be the skin,be the skin,32
2025-07-25,be the skin,be-the-skin,0
2025-07-25,be the skin,be.the.skin,0
2025-07-25,be the skin,be_the_skin,0
2025-07-25,be the skin,betheskin,0
2025-07-25,beauty of joseon,beauty of joseon,7
2025-07-25,beauty of joseon,beauty-of-joseon,0
2025-07-25,beauty of joseon,beauty.of.joseon,0
2025-07-25,beauty of joseon,beauty_of_joseon,0
2025-07-25,beauty of joseon,beautyofjoseon,0
2025-07-25,belif,belif,0
2025-07-25,biodance,biodance,0
2025-07-25,boncept,boncept,0
2025-07-25,booster pro,booster pro,1
2025-07-25,booster pro,booster-pro,0
2025-07-25,booster pro,booster.pro,0
2025-07-25,booster pro,booster_pro,0
2025-07-25,booster pro,boosterpro,0
2025-07-25,botulax,botulax,0
2025-07-25,cell fusion c,cell fusion c,0
2025-07-25,cell fusion c,cell-fusion-c,0
2025-07-25,cell fusion c,cell.fusion.c,0
2025-07-25,cell fusion c,cell_fusion_c,0
2025-07-25,cell fusion c,cellfusionc,0
2025-07-25,centellian,centellian,0
2025-07-25,coolfase,coolfase,0
2025-07-25,cosrx,cosrx,7
2025-07-25,dalba,dalba,0
2025-07-25,goodal,goodal,0
2025-07-25,hi focus shot,hi focus shot,0
2025-07-25,hi focus shot,hi-focus-shot,0
2025-07-25,hi focus shot,hi.focus.shot,0
2025-07-25,hi focus shot,hi_focus_shot,0
2025-07-25,hi focus shot,hifocusshot,0
2025-07-25,history of whoo,history of whoo,1
2025-07-25,history of whoo,history-of-whoo,0
2025-07-25,history of whoo,history.of.whoo,0
2025-07-25,history of whoo,history_of_whoo,0
2025-07-25,history of whoo,historyofwhoo,0
2025-07-25,hwahae,hwahae,0
2025-07-25,innisfree,innisfree,1
2025-07-25,innotox,innotox,2
2025-07-25,iope,iope,0
2025-07-25,jeuveau,jeuveau,0
2025-07-25,jevegel,jevegel,0
2025-07-25,jolse,jolse,0
2025-07-25,juvelook,juvelook,1
2025-07-25,laneige,laneige,10
2025-07-25,letybo,letybo,0
2025-07-25,madeca,madeca,0
2025-07-25,mamonde,mamonde,1
2025-07-25,manyo,manyo,2
2025-07-25,medicube,medicube,4
2025-07-25,merzy,merzy,0
2025-07-25,mighty patch,mighty patch,0
2025-07-25,mighty patch,mighty-patch,0
2025-07-25,mighty patch,mighty.patch,0
2025-07-25,mighty patch,mighty_patch,0
2025-07-25,mighty patch,mightypatch,0
2025-07-25,missha,missha,2
2025-07-25,mixoon,mixoon,0
2025-07-25,nabota,nabota,1
2025-07-25,newlux,newlux,0
2025-07-25,numbuzin,numbuzin,3
2025-07-25,ohui,ohui,0
2025-07-25,oligio,oligio,0
2025-07-25,olive young,olive young,3
2025-07-25,olive young,olive-young,0
2025-07-25,olive young,olive.young,0
2025-07-25,olive young,olive_young,0
2025-07-25,olive young,oliveyoung,0
2025-07-25,peripera,peripera,2
2025-07-25,potenza,potenza,1
2025-07-25,real barrier,real barrier,2
2025-07-25,real barrier,real-barrier,0
2025-07-25,real barrier,real.barrier,0
2025-07-25,real barrier,real_barrier,0
2025-07-25,real barrier,realbarrier,0
2025-07-25,reedle shot,reedle shot,0
2025-07-25,reedle shot,reedle-shot,0
2025-07-25,reedle shot,reedle.shot,0
2025-07-25,reedle shot,reedle_shot,0
2025-07-25,reedle shot,reedleshot,0
2025-07-25,rejuran,rejuran,0
2025-07-25,rentox,rentox,0
2025-07-25,rom&nd,rom&nd,6
2025-07-25,rom&nd,romnd,0
2025-07-25,round lab,round lab,4
2025-07-25,round lab,round-lab,0
2025-07-25,round lab,round.lab,0
2025-07-25,round lab,round_lab,0
2025-07-25,round lab,roundlab,0
2025-07-25,shurink,shurink,0
2025-07-25,skin1004,skin1004,11
2025-07-25,stylekorean,stylekorean,0
2025-07-25,stylevana,stylevana,0
2025-07-25,sulwhasoo,sulwhasoo,0
2025-07-25,sylfirm,sylfirm,0
2025-07-25,the whoo,the whoo,1
2025-07-25,the whoo,the-whoo,0
2025-07-25,the whoo,the.whoo,0
2025-07-25,the whoo,the_whoo,0
2025-07-25,the whoo,thewhoo,0
2025-07-25,tirtir,tirtir,6
2025-07-25,tonymoly,tonymoly,4
2025-07-25,torriden,torriden,1
2025-07-25,ultraformer,ultraformer,0
2025-07-25,volnewmer,volnewmer,0
2025-07-25,wellage,wellage,0
2025-07-25,yesstyle,yesstyle,14
2025-07-26,a'pieu,a'pieu,2
2025-07-26,a'pieu,a-pieu,0
2025-07-26,a'pieu,a.pieu,0
2025-07-26,a'pieu,a_pieu,0
2025-07-26,a'pieu,ap,1
2025-07-26,a'pieu,apieu,0
2025-07-26,acropass,acropass,0
2025-07-26,age-r,age-r,2
2025-07-26,age-r,age.r,0
2025-07-26,age-r,age_r,0
2025-07-26,age-r,ager,0
2025-07-26,anua,anua,10
2025-07-26,atopalm,atopalm,0
2025-07-26,bbia,bbia,2
2025-07-26,be the skin,be the skin,31
2025-07-26,be the skin,be-the-skin,0
2025-07-26,be the skin,be.the.skin,0
2025-07-26,be the skin,be_the_skin,0
2025-07-26,be the skin,betheskin,0
2025-07-26,beauty of joseon,beauty of joseon,4
2025-07-26,beauty of joseon,beauty-of-joseon,0
2025-07-26,beauty of joseon,beauty.of.joseon,0
2025-07-26,beauty of joseon,beauty_of_joseon,0
2025-07-26,beauty of joseon,beautyofjoseon,0
2025-07-26,belif,belif,0
2025-07-26,biodance,biodance,0
2025-07-26,boncept,boncept,0
2025-07-26,booster pro,booster pro,0
2025-07-26,booster pro,booster-pro,0
2025-07-26,booster pro,booster.pro,0
2025-07-26,booster pro,booster_pro,0
2025-07-26,booster pro,boosterpro,0
2025-07-26,botulax,botulax,0
2025-07-26,cell fusion c,cell fusion c,0
2025-07-26,cell fusion c,cell-fusion-c,0
2025-07-26,cell fusion c,cell.fusion.c,0
2025-07-26,cell fusion c,cell_fusion_c,0
2025-07-26,cell fusion c,cellfusionc,0
2025-07-26,centellian,centellian,0
2025-07-26,coolfase,coolfase,0
2025-07-26,cosrx,cosrx,15
2025-07-26,dalba,dalba,1
2025-07-26,goodal,goodal,1
2025-07-26,hi focus shot,hi focus shot,1
2025-07-26,hi focus shot,hi-focus-shot,0
2025-07-26,hi focus shot,hi.focus.shot,0
2025-07-26,hi focus shot,hi_focus_shot,0
2025-07-26,hi focus shot,hifocusshot,0
2025-07-26,history of whoo,history of whoo,0
2025-07-26,history of whoo,history-of-whoo,0
2025-07-26,history of whoo,history.of.whoo,0
2025-07-26,history of whoo,history_of_whoo,0
2025-07-26,history of whoo,historyofwhoo,0
2025-07-26,hwahae,hwahae,0
2025-07-26,innisfree,innisfree,3
2025-07-26,innotox,innotox,0
2025-07-26,iope,iope,1
2025-07-26,jeuveau,jeuveau,0
2025-07-26,jevegel,jevegel,0
2025-07-26,jolse,jolse,0
2025-07-26,juvelook,juvelook,0
2025-07-26,laneige,laneige,18
2025-07-26,letybo,letybo,0
2025-07-26,madeca,madeca,2
2025-07-26,mamonde,mamonde,0
2025-07-26,manyo,manyo,0
2025-07-26,medicube,medicube,6
2025-07-26,merzy,merzy,0
2025-07-26,mighty patch,mighty patch,0
2025-07-26,mighty patch,mighty-patch,0
2025-07-26,mighty patch,mighty.patch,0
2025-07-26,mighty patch,mighty_patch,0
2025-07-26,mighty patch,mightypatch,0
2025-07-26,missha,missha,0
2025-07-26,mixoon,mixoon,0
2025-07-26,nabota,nabota,0
2025-07-26,newlux,newlux,0
2025-07-26,numbuzin,numbuzin,5
2025-07-26,ohui,ohui,0
2025-07-26,oligio,oligio,0
2025-07-26,olive young,olive young,1
2025-07-26,olive young,olive-young,0
2025-07-26,olive young,olive.young,0
2025-07-26,olive young,olive_young,0
2025-07-26,olive young,oliveyoung,0
2025-07-26,peripera,peripera,1
2025-07-26,potenza,potenza,0
2025-07-26,real barrier,real barrier,0
2025-07-26,real barrier,real-barrier,0
2025-07-26,real barrier,real.barrier,0
2025-07-26,real barrier,real_barrier,0
2025-07-26,real barrier,realbarrier,0
2025-07-26,reedle shot,reedle shot,0
2025-07-26,reedle shot,reedle-shot,0
2025-07-26,reedle shot,reedle.shot,0
2025-07-26,reedle shot,reedle_shot,0
2025-07-26,reedle shot,reedleshot,0
2025-07-26,rejuran,rejuran,3
2025-07-26,rentox,rentox,1
2025-07-26,rom&nd,rom&nd,5
2025-07-26,rom&nd,romnd,0
2025-07-26,round lab,round lab,6
2025-07-26,round lab,round-lab,0
2025-07-26,round lab,round.lab,0
2025-07-26,round lab,round_lab,0
2025-07-26,round lab,roundlab,0
2025-07-26,shurink,shurink,0
2025-07-26,skin1004,skin1004,6
2025-07-26,stylekorean,stylekorean,0
2025-07-26,stylevana,stylevana,2
2025-07-26,sulwhasoo,sulwhasoo,0
2025-07-26,sylfirm,sylfirm,0
2025-07-26,the whoo,the whoo,0
2025-07-26,the whoo,the-whoo,0
2025-07-26,the whoo,the.whoo,0
2025-07-26,the whoo,the_whoo,0
2025-07-26,the whoo,thewhoo,0
2025-07-26,tirtir,tirtir,3
2025-07-26,tonymoly,tonymoly,0
2025-07-26,torriden,torriden,2
2025-07-26,ultraformer,ultraformer,0
2025-07-26,volnewmer,volnewmer,0
2025-07-26,wellage,wellage,1
2025-07-26,yesstyle,yesstyle,9
2025-07-27,a'pieu,a'pieu,0
2025-07-27,a'pieu,a-pieu,0
2025-07-27,a'pieu,a.pieu,0
2025-07-27,a'pieu,a_pieu,0
2025-07-27,a'pieu,ap,1
2025-07-27,a'pieu,apieu,0
2025-07-27,acropass,acropass,0
2025-07-27,age-r,age-r,1
2025-07-27,age-r,age.r,0
2025-07-27,age-r,age_r,0
2025-07-27,age-r,ager,0
2025-07-27,anua,anua,7
2025-07-27,atopalm,atopalm,0
2025-07-27,bbia,bbia,0
2025-07-27,be the skin,be the skin,31
2025-07-27,be the skin,be-the-skin,0
2025-07-27,be the skin,be.the.skin,0
2025-07-27,be the skin,be_the_skin,0
2025-07-27,be the skin,betheskin,0
2025-07-27,beauty of joseon,beauty of joseon,8
2025-07-27,beauty of joseon,beauty-of-joseon,0
2025-07-27,beauty of joseon,beauty.of.joseon,0
2025-07-27,beauty of joseon,beauty_of_joseon,0
2025-07-27,beauty of joseon,beautyofjoseon,0
2025-07-27,belif,belif,0
2025-07-27,biodance,biodance,1
2025-07-27,boncept,boncept,0
2025-07-27,booster pro,booster pro,1
2025-07-27,booster pro,booster-pro,0
2025-07-27,booster pro,booster.pro,0
2025-07-27,booster pro,booster_pro,0
2025-07-27,booster pro,boosterpro,0
2025-07-27,botulax,botulax,0
2025-07-27,cell fusion c,cell fusion c,0
2025-07-27,cell fusion c,cell-fusion-c,0
2025-07-27,cell fusion c,cell.fusion.c,0
2025-07-27,cell fusion c,cell_fusion_c,0
2025-07-27,cell fusion c,cellfusionc,0
2025-07-27,centellian,centellian,0
2025-07-27,coolfase,coolfase,0
2025-07-27,cosrx,cosrx,14
2025-07-27,dalba,dalba,0
2025-07-27,goodal,goodal,0
2025-07-27,hi focus shot,hi focus shot,0
2025-07-27,hi focus shot,hi-focus-shot,0
2025-07-27,hi focus shot,hi.focus.shot,0
2025-07-27,hi focus shot,hi_focus_shot,0
2025-07-27,hi focus shot,hifocusshot,0
2025-07-27,history of whoo,history of whoo,0
2025-07-27,history of whoo,history-of-whoo,0
2025-07-27,history of whoo,history.of.whoo,0
2025-07-27,history of whoo,history_of_whoo,0
2025-07-27,history of whoo,historyofwhoo,0
2025-07-27,hwahae,hwahae,0
2025-07-27,innisfree,innisfree,5
2025-07-27,innotox,innotox,1
2025-07-27,iope,iope,0
2025-07-27,jeuveau,jeuveau,0
2025-07-27,jevegel,jevegel,0
2025-07-27,jolse,jolse,0
2025-07-27,juvelook,juvelook,0
2025-07-27,laneige,laneige,11
2025-07-27,letybo,letybo,0
2025-07-27,madeca,madeca,0
2025-07-27,mamonde,mamonde,0
2025-07-27,manyo,manyo,0
2025-07-27,medicube,medicube,5
2025-07-27,merzy,merzy,0
2025-07-27,mighty patch,mighty patch,0
2025-07-27,mighty patch,mighty-patch,0
2025-07-27,mighty patch,mighty.patch,0
2025-07-27,mighty patch,mighty_patch,0
2025-07-27,mighty patch,mightypatch,0
2025-07-27,missha,missha,2
2025-07-27,mixoon,mixoon,0
2025-07-27,nabota,nabota,1
2025-07-27,newlux,newlux,0
2025-07-27,numbuzin,numbuzin,1
2025-07-27,ohui,ohui,0
2025-07-27,oligio,oligio,0
2025-07-27,olive young,olive young,0
2025-07-27,olive young,olive-young,0
2025-07-27,olive young,olive.young,0
2025-07-27,olive young,olive_young,0
2025-07-27,olive young,oliveyoung,0
2025-07-27,peripera,peripera,0
2025-07-27,potenza,potenza,0
2025-07-27,real barrier,real barrier,0
2025-07-27,real barrier,real-barrier,0
2025-07-27,real barrier,real.barrier,0
2025-07-27,real barrier,real_barrier,0
2025-07-27,real barrier,realbarrier,0
2025-07-27,reedle shot,reedle shot,2
2025-07-27,reedle shot,reedle-shot,0
2025-07-27,reedle shot,reedle.shot,0
2025-07-27,reedle shot,reedle_shot,0
2025-07-27,reedle shot,reedleshot,0
2025-07-27,rejuran,rejuran,1
2025-07-27,rentox,rentox,0
2025-07-27,rom&nd,rom&nd,2
2025-07-27,rom&nd,romnd,0
2025-07-27,round lab,round lab,3
2025-07-27,round lab,round-lab,0
2025-07-27,round lab,round.lab,0
2025-07-27,round lab,round_lab,0
2025-07-27,round lab,roundlab,0
2025-07-27,shurink,shurink,0
2025-07-27,skin1004,skin1004,9
2025-07-27,stylekorean,stylekorean,0
2025-07-27,stylevana,stylevana,2
2025-07-27,sulwhasoo,sulwhasoo,0
2025-07-27,sylfirm,sylfirm,0
2025-07-27,the whoo,the whoo,0
2025-07-27,the whoo,the-whoo,0
2025-07-27,the whoo,the.whoo,0
2025-07-27,the whoo,the_whoo,0
2025-07-27,the whoo,thewhoo,0
2025-07-27,tirtir,tirtir,3
2025-07-27,tonymoly,tonymoly,0
2025-07-27,torriden,torriden,4
2025-07-27,ultraformer,ultraformer,0
2025-07-27,volnewmer,volnewmer,0
2025-07-27,wellage,wellage,0
2025-07-27,yesstyle,yesstyle,10
2025-07-28,a'pieu,a'pieu,0
2025-07-28,a'pieu,a-pieu,0
2025-07-28,a'pieu,a.pieu,0
2025-07-28,a'pieu,a_pieu,0
2025-07-28,a'pieu,ap,0
2025-07-28,a'pieu,apieu,0
2025-07-28,acropass,acropass,0
2025-07-28,age-r,age-r,0
2025-07-28,age-r,age.r,0
2025-07-28,age-r,age_r,0
2025-07-28,age-r,ager,0
2025-07-28,anua,anua,6
2025-07-28,atopalm,atopalm,0
2025-07-28,bbia,bbia,0
2025-07-28,be the skin,be the skin,41
2025-07-28,be the skin,be-the-skin,0
2025-07-28,be the skin,be.the.skin,0
2025-07-28,be the skin,be_the_skin,0
2025-07-28,be the skin,betheskin,0
2025-07-28,beauty of joseon,beauty of joseon,3
2025-07-28,beauty of joseon,beauty-of-joseon,0
2025-07-28,beauty of joseon,beauty.of.joseon,0
2025-07-28,beauty of joseon,beauty_of_joseon,0
2025-07-28,beauty of joseon,beautyofjoseon,0
2025-07-28,belif,belif,2
2025-07-28,biodance,biodance,1
2025-07-28,boncept,boncept,0
2025-07-28,booster pro,booster pro,1
2025-07-28,booster pro,booster-pro,0
2025-07-28,booster pro,booster.pro,0
2025-07-28,booster pro,booster_pro,0
2025-07-28,booster pro,boosterpro,0
2025-07-28,botulax,botulax,1
2025-07-28,cell fusion c,cell fusion c,3
2025-07-28,cell fusion c,cell-fusion-c,0
2025-07-28,cell fusion c,cell.fusion.c,0
2025-07-28,cell fusion c,cell_fusion_c,0
2025-07-28,cell fusion c,cellfusionc,0
2025-07-28,centellian,centellian,0
2025-07-28,coolfase,coolfase,0
2025-07-28,cosrx,cosrx,7
2025-07-28,dalba,dalba,1
2025-07-28,goodal,goodal,0
2025-07-28,hi focus shot,hi focus shot,1
2025-07-28,hi focus shot,hi-focus-shot,0
2025-07-28,hi focus shot,hi.focus.shot,0
2025-07-28,hi focus shot,hi_focus_shot,0
2025-07-28,hi focus shot,hifocusshot,0
2025-07-28,history of whoo,history of whoo,0
2025-07-28,history of whoo,history-of-whoo,0
2025-07-28,history of whoo,history.of.whoo,0
2025-07-28,history of whoo,history_of_whoo,0
2025-07-28,history of whoo,historyofwhoo,0
2025-07-28,hwahae,hwahae,0
2025-07-28,innisfree,innisfree,8
2025-07-28,innotox,innotox,0
2025-07-28,iope,iope,0
2025-07-28,jeuveau,jeuveau,0
2025-07-28,jevegel,jevegel,0
2025-07-28,jolse,jolse,0
2025-07-28,juvelook,juvelook,1
2025-07-28,laneige,laneige,10
2025-07-28,letybo,letybo,0
2025-07-28,madeca,madeca,0
2025-07-28,mamonde,mamonde,0
2025-07-28,manyo,manyo,1
2025-07-28,medicube,medicube,2
2025-07-28,merzy,merzy,0
2025-07-28,mighty patch,mighty patch,1
2025-07-28,mighty patch,mighty-patch,0
2025-07-28,mighty patch,mighty.patch,0
2025-07-28,mighty patch,mighty_patch,0
2025-07-28,mighty patch,mightypatch,0
2025-07-28,missha,missha,0
2025-07-28,mixoon,mixoon,0
2025-07-28,nabota,nabota,1
2025-07-28,newlux,newlux,0
2025-07-28,numbuzin,numbuzin,1
2025-07-28,ohui,ohui,0
2025-07-28,oligio,oligio,0
2025-07-28,olive young,olive young,6
2025-07-28,olive young,olive-young,0
2025-07-28,olive young,olive.young,0
2025-07-28,olive young,olive_young,0
2025-07-28,olive young,oliveyoung,0
2025-07-28,peripera,peripera,4
2025-07-28,potenza,potenza,0
2025-07-28,real barrier,real barrier,1
2025-07-28,real barrier,real-barrier,0
2025-07-28,real barrier,real.barrier,0
2025-07-28,real barrier,real_barrier,0
2025-07-28,real barrier,realbarrier,0
2025-07-28,reedle shot,reedle shot,2
2025-07-28,reedle shot,reedle-shot,0
2025-07-28,reedle shot,reedle.shot,0
2025-07-28,reedle shot,reedle_shot,0
2025-07-28,reedle shot,reedleshot,0
2025-07-28,rejuran,rejuran,0
2025-07-28,rentox,rentox,0
2025-07-28,rom&nd,rom&nd,4
2025-07-28,rom&nd,romnd,0
2025-07-28,round lab,round lab,8
2025-07-28,round lab,round-lab,0
2025-07-28,round lab,round.lab,0
2025-07-28,round lab,round_lab,0
2025-07-28,round lab,roundlab,1
2025-07-28,shurink,shurink,0
2025-07-28,skin1004,skin1004,5
2025-07-28,stylekorean,stylekorean,0
2025-07-28,stylevana,stylevana,1
2025-07-28,sulwhasoo,sulwhasoo,0
2025-07-28,sylfirm,sylfirm,1
2025-07-28,the whoo,the whoo,0
2025-07-28,the whoo,the-whoo,0
2025-07-28,the whoo,the.whoo,0
2025-07-28,the whoo,the_whoo,0
2025-07-28,the whoo,thewhoo,0
2025-07-28,tirtir,tirtir,6
2025-07-28,tonymoly,tonymoly,2
2025-07-28,torriden,torriden,3
2025-07-28,ultraformer,ultraformer,0
2025-07-28,volnewmer,volnewmer,0
2025-07-28,wellage,wellage,0
2025-07-28,yesstyle,yesstyle,5
2025-07-29,a'pieu,a'pieu,1
2025-07-29,a'pieu,a-pieu,0
2025-07-29,a'pieu,a.pieu,0
2025-07-29,a'pieu,a_pieu,0
2025-07-29,a'pieu,ap,0
2025-07-29,a'pieu,apieu,0
2025-07-29,acropass,acropass,0
2025-07-29,age-r,age-r,2
2025-07-29,age-r,age.r,0
2025-07-29,age-r,age_r,0
2025-07-29,age-r,ager,0
2025-07-29,anua,anua,10
2025-07-29,atopalm,atopalm,0
2025-07-29,bbia,bbia,1
2025-07-29,be the skin,be the skin,39
2025-07-29,be the skin,be-the-skin,0
2025-07-29,be the skin,be.the.skin,0
2025-07-29,be the skin,be_the_skin,0
2025-07-29,be the skin,betheskin,0
2025-07-29,beauty of joseon,beauty of joseon,8
2025-07-29,beauty of joseon,beauty-of-joseon,0
2025-07-29,beauty of joseon,beauty.of.joseon,0
2025-07-29,beauty of joseon,beauty_of_joseon,0
2025-07-29,beauty of joseon,beautyofjoseon,0
2025-07-29,belif,belif,0
2025-07-29,biodance,biodance,1
2025-07-29,boncept,boncept,0
2025-07-29,booster pro,booster pro,0
2025-07-29,booster pro,booster-pro,0
2025-07-29,booster pro,booster.pro,0
2025-07-29,booster pro,booster_pro,0
2025-07-29,booster pro,boosterpro,0
2025-07-29,botulax,botulax,0
2025-07-29,cell fusion c,cell fusion c,1
2025-07-29,cell fusion c,cell-fusion-c,0
2025-07-29,cell fusion c,cell.fusion.c,0
2025-07-29,cell fusion c,cell_fusion_c,0
2025-07-29,cell fusion c,cellfusionc,0
2025-07-29,centellian,centellian,0
2025-07-29,coolfase,coolfase,0
2025-07-29,cosrx,cosrx,15
2025-07-29,dalba,dalba,1
2025-07-29,goodal,goodal,2
2025-07-29,hi focus shot,hi focus shot,2
2025-07-29,hi focus shot,hi-focus-shot,0
2025-07-29,hi focus shot,hi.focus.shot,0
2025-07-29,hi focus shot,hi_focus_shot,0
2025-07-29,hi focus shot,hifocusshot,0
2025-07-29,history of whoo,history of whoo,0
2025-07-29,history of whoo,history-of-whoo,0
2025-07-29,history of whoo,history.of.whoo,0
2025-07-29,history of whoo,history_of_whoo,0
2025-07-29,history of whoo,historyofwhoo,0
2025-07-29,hwahae,hwahae,0
2025-07-29,innisfree,innisfree,5
2025-07-29,innotox,innotox,3
2025-07-29,iope,iope,0
2025-07-29,jeuveau,jeuveau,0
2025-07-29,jevegel,jevegel,0
2025-07-29,jolse,jolse,0
2025-07-29,juvelook,juvelook,5
2025-07-29,laneige,laneige,12
2025-07-29,letybo,letybo,0
2025-07-29,madeca,madeca,0
2025-07-29,mamonde,mamonde,0
2025-07-29,manyo,manyo,2
2025-07-29,medicube,medicube,9
2025-07-29,merzy,merzy,0
2025-07-29,mighty patch,mighty patch,0
2025-07-29,mighty patch,mighty-patch,0
2025-07-29,mighty patch,mighty.patch,0
2025-07-29,mighty patch,mighty_patch,0
2025-07-29,mighty patch,mightypatch,0
2025-07-29,missha,missha,0
2025-07-29,mixoon,mixoon,0
2025-07-29,nabota,nabota,1
2025-07-29,newlux,newlux,0
2025-07-29,numbuzin,numbuzin,8
2025-07-29,ohui,ohui,0
2025-07-29,oligio,oligio,0
2025-07-29,olive young,olive young,3
2025-07-29,olive young,olive-young,0
2025-07-29,olive young,olive.young,0
2025-07-29,olive young,olive_young,0
2025-07-29,olive young,oliveyoung,0
2025-07-29,peripera,peripera,3
2025-07-29,potenza,potenza,0
2025-07-29,real barrier,real barrier,0
2025-07-29,real barrier,real-barrier,0
2025-07-29,real barrier,real.barrier,0
2025-07-29,real barrier,real_barrier,0
2025-07-29,real barrier,realbarrier,0
2025-07-29,reedle shot,reedle shot,1
2025-07-29,reedle shot,reedle-shot,0
2025-07-29,reedle shot,reedle.shot,0
2025-07-29,reedle shot,reedle_shot,0
2025-07-29,reedle shot,reedleshot,0
2025-07-29,rejuran,rejuran,2
2025-07-29,rentox,rentox,0
2025-07-29,rom&nd,rom&nd,1
2025-07-29,rom&nd,romnd,0
2025-07-29,round lab,round lab,5
2025-07-29,round lab,round-lab,0
2025-07-29,round lab,round.lab,0
2025-07-29,round lab,round_lab,0
2025-07-29,round lab,roundlab,0
2025-07-29,shurink,shurink,0
2025-07-29,skin1004,skin1004,7
2025-07-29,stylekorean,stylekorean,0
2025-07-29,stylevana,stylevana,0
2025-07-29,sulwhasoo,sulwhasoo,2
2025-07-29,sylfirm,sylfirm,0
2025-07-29,the whoo,the whoo,0
2025-07-29,the whoo,the-whoo,0
2025-07-29,the whoo,the.whoo,0
2025-07-29,the whoo,the_whoo,0
2025-07-29,the whoo,thewhoo,0
2025-07-29,tirtir,tirtir,3
2025-07-29,tonymoly,tonymoly,1
2025-07-29,torriden,torriden,1
2025-07-29,ultraformer,ultraformer,0
2025-07-29,volnewmer,volnewmer,0
2025-07-29,wellage,wellage,0
2025-07-29,yesstyle,yesstyle,12
2025-07-30,a'pieu,a'pieu,1
2025-07-30,a'pieu,a-pieu,0
2025-07-30,a'pieu,a.pieu,0
2025-07-30,a'pieu,a_pieu,0
2025-07-30,a'pieu,ap,2
2025-07-30,a'pieu,apieu,0
2025-07-30,acropass,acropass,0
2025-07-30,age-r,age-r,1
2025-07-30,age-r,age.r,0
2025-07-30,age-r,age_r,0
2025-07-30,age-r,ager,0
2025-07-30,anua,anua,9
2025-07-30,atopalm,atopalm,0
2025-07-30,bbia,bbia,1
2025-07-30,be the skin,be the skin,45
2025-07-30,be the skin,be-the-skin,0
2025-07-30,be the skin,be.the.skin,0
2025-07-30,be the skin,be_the_skin,0
2025-07-30,be the skin,betheskin,0
2025-07-30,beauty of joseon,beauty of joseon,7
2025-07-30,beauty of joseon,beauty-of-joseon,0
2025-07-30,beauty of joseon,beauty.of.joseon,0
2025-07-30,beauty of joseon,beauty_of_joseon,0
2025-07-30,beauty of joseon,beautyofjoseon,0
2025-07-30,belif,belif,0
2025-07-30,biodance,biodance,0
2025-07-30,boncept,boncept,0
2025-07-30,booster pro,booster pro,0
2025-07-30,booster pro,booster-pro,0
2025-07-30,booster pro,booster.pro,0
2025-07-30,booster pro,booster_pro,0
2025-07-30,booster pro,boosterpro,0
2025-07-30,botulax,botulax,2
2025-07-30,cell fusion c,cell fusion c,2
2025-07-30,cell fusion c,cell-fusion-c,0
2025-07-30,cell fusion c,cell.fusion.c,0
2025-07-30,cell fusion c,cell_fusion_c,0
2025-07-30,cell fusion c,cellfusionc,0
2025-07-30,centellian,centellian,1
2025-07-30,coolfase,coolfase,0
2025-07-30,cosrx,cosrx,8
2025-07-30,dalba,dalba,0
2025-07-30,goodal,goodal,0
2025-07-30,hi focus shot,hi focus shot,1
2025-07-30,hi focus shot,hi-focus-shot,0
2025-07-30,hi focus shot,hi.focus.shot,0
2025-07-30,hi focus shot,hi_focus_shot,0
2025-07-30,hi focus shot,hifocusshot,0
2025-07-30,history of whoo,history of whoo,0
2025-07-30,history of whoo,history-of-whoo,0
2025-07-30,history of whoo,history.of.whoo,0
2025-07-30,history of whoo,history_of_whoo,0
2025-07-30,history of whoo,historyofwhoo,0
2025-07-30,hwahae,hwahae,1
2025-07-30,innisfree,innisfree,1
2025-07-30,innotox,innotox,5
2025-07-30,iope,iope,0
2025-07-30,jeuveau,jeuveau,0
2025-07-30,jevegel,jevegel,0
2025-07-30,jolse,jolse,0
2025-07-30,juvelook,juvelook,2
2025-07-30,laneige,laneige,17
2025-07-30,letybo,letybo,0
2025-07-30,madeca,madeca,0
2025-07-30,mamonde,mamonde,0
2025-07-30,manyo,manyo,0
2025-07-30,medicube,medicube,5
2025-07-30,merzy,merzy,0
2025-07-30,mighty patch,mighty patch,0
2025-07-30,mighty patch,mighty-patch,0
2025-07-30,mighty patch,mighty.patch,0
2025-07-30,mighty patch,mighty_patch,0
2025-07-30,mighty patch,mightypatch,0
2025-07-30,missha,missha,1
2025-07-30,mixoon,mixoon,0
2025-07-30,nabota,nabota,0
2025-07-30,newlux,newlux,0
2025-07-30,numbuzin,numbuzin,0
2025-07-30,ohui,ohui,0
2025-07-30,oligio,oligio,0
2025-07-30,olive young,olive young,3
2025-07-30,olive young,olive-young,0
2025-07-30,olive young,olive.young,0
2025-07-30,olive young,olive_young,0
2025-07-30,olive young,oliveyoung,0
2025-07-30,peripera,peripera,1
2025-07-30,potenza,potenza,1
2025-07-30,real barrier,real barrier,3
2025-07-30,real barrier,real-barrier,0
2025-07-30,real barrier,real.barrier,0
2025-07-30,real barrier,real_barrier,0
2025-07-30,real barrier,realbarrier,0
2025-07-30,reedle shot,reedle shot,0
2025-07-30,reedle shot,reedle-shot,0
2025-07-30,reedle shot,reedle.shot,0
2025-07-30,reedle shot,reedle_shot,0
2025-07-30,reedle shot,reedleshot,0
2025-07-30,rejuran,rejuran,4
2025-07-30,rentox,rentox,0
2025-07-30,rom&nd,rom&nd,3
2025-07-30,rom&nd,romnd,0
2025-07-30,round lab,round lab,1
2025-07-30,round lab,round-lab,0
2025-07-30,round lab,round.lab,0
2025-07-30,round lab,round_lab,0
2025-07-30,round lab,roundlab,2
2025-07-30,shurink,shurink,1
2025-07-30,skin1004,skin1004,6
2025-07-30,stylekorean,stylekorean,1
2025-07-30,stylevana,stylevana,1
2025-07-30,sulwhasoo,sulwhasoo,2
2025-07-30,sylfirm,sylfirm,0
2025-07-30,the whoo,the whoo,0
2025-07-30,the whoo,the-whoo,0
2025-07-30,the whoo,the.whoo,0
2025-07-30,the whoo,the_whoo,0
2025-07-30,the whoo,thewhoo,0
2025-07-30,tirtir,tirtir,6
2025-07-30,tonymoly,tonymoly,0
2025-07-30,torriden,torriden,2
2025-07-30,ultraformer,ultraformer,0
2025-07-30,volnewmer,volnewmer,0
2025-07-30,wellage,wellage,0
2025-07-30,yesstyle,yesstyle,10
2025-07-31,a'pieu,a'pieu,2
2025-07-31,a'pieu,a-pieu,0
2025-07-31,a'pieu,a.pieu,0
2025-07-31,a'pieu,a_pieu,0
2025-07-31,a'pieu,ap,0
2025-07-31,a'pieu,apieu,0
2025-07-31,acropass,acropass,0
2025-07-31,age-r,age-r,2
2025-07-31,age-r,age.r,0
2025-07-31,age-r,age_r,0
2025-07-31,age-r,ager,0
2025-07-31,anua,anua,10
2025-07-31,atopalm,atopalm,0
2025-07-31,bbia,bbia,1
2025-07-31,be the skin,be the skin,54
2025-07-31,be the skin,be-the-skin,0
2025-07-31,be the skin,be.the.skin,0
2025-07-31,be the skin,be_the_skin,0
2025-07-31,be the skin,betheskin,0
2025-07-31,beauty of joseon,beauty of joseon,5
2025-07-31,beauty of joseon,beauty-of-joseon,0
2025-07-31,beauty of joseon,beauty.of.joseon,0
2025-07-31,beauty of joseon,beauty_of_joseon,0
2025-07-31,beauty of joseon,beautyofjoseon,0
2025-07-31,belif,belif,1
2025-07-31,biodance,biodance,0
2025-07-31,boncept,boncept,0
2025-07-31,booster pro,booster pro,1
2025-07-31,booster pro,booster-pro,0
2025-07-31,booster pro,booster.pro,0
2025-07-31,booster pro,booster_pro,0
2025-07-31,booster pro,boosterpro,0
2025-07-31,botulax,botulax,0
2025-07-31,cell fusion c,cell fusion c,0
2025-07-31,cell fusion c,cell-fusion-c,0
2025-07-31,cell fusion c,cell.fusion.c,0
2025-07-31,cell fusion c,cell_fusion_c,0
2025-07-31,cell fusion c,cellfusionc,0
2025-07-31,centellian,centellian,1
2025-07-31,coolfase,coolfase,0
2025-07-31,cosrx,cosrx,14
2025-07-31,dalba,dalba,1
2025-07-31,goodal,goodal,0
2025-07-31,hi focus shot,hi focus shot,2
2025-07-31,hi focus shot,hi-focus-shot,0
2025-07-31,hi focus shot,hi.focus.shot,0
2025-07-31,hi focus shot,hi_focus_shot,0
2025-07-31,hi focus shot,hifocusshot,0
2025-07-31,history of whoo,history of whoo,0
2025-07-31,history of whoo,history-of-whoo,0
2025-07-31,history of whoo,history.of.whoo,0
2025-07-31,history of whoo,history_of_whoo,0
2025-07-31,history of whoo,historyofwhoo,0
2025-07-31,hwahae,hwahae,0
2025-07-31,innisfree,innisfree,6
2025-07-31,innotox,innotox,2
2025-07-31,iope,iope,1
2025-07-31,jeuveau,jeuveau,0
2025-07-31,jevegel,jevegel,0
2025-07-31,jolse,jolse,0
2025-07-31,juvelook,juvelook,0
2025-07-31,laneige,laneige,21
2025-07-31,letybo,letybo,0
2025-07-31,madeca,madeca,0
2025-07-31,mamonde,mamonde,1
2025-07-31,manyo,manyo,1
2025-07-31,medicube,medicube,8
2025-07-31,merzy,merzy,0
2025-07-31,mighty patch,mighty patch,1
2025-07-31,mighty patch,mighty-patch,0
2025-07-31,mighty patch,mighty.patch,0
2025-07-31,mighty patch,mighty_patch,0
2025-07-31,mighty patch,mightypatch,0
2025-07-31,missha,missha,3
2025-07-31,mixoon,mixoon,0
2025-07-31,nabota,nabota,0
2025-07-31,newlux,newlux,0
2025-07-31,numbuzin,numbuzin,3
2025-07-31,ohui,ohui,0
2025-07-31,oligio,oligio,0
2025-07-31,olive young,olive young,4
2025-07-31,olive young,olive-young,0
2025-07-31,olive young,olive.young,0
2025-07-31,olive young,olive_young,0
2025-07-31,olive young,oliveyoung,0
2025-07-31,peripera,peripera,1
2025-07-31,potenza,potenza,0
2025-07-31,real barrier,real barrier,1
2025-07-31,real barrier,real-barrier,0
2025-07-31,real barrier,real.barrier,0
2025-07-31,real barrier,real_barrier,0
2025-07-31,real barrier,realbarrier,0
2025-07-31,reedle shot,reedle shot,4
2025-07-31,reedle shot,reedle-shot,0
2025-07-31,reedle shot,reedle.shot,0
2025-07-31,reedle shot,reedle_shot,0
2025-07-31,reedle shot,reedleshot,0
2025-07-31,rejuran,rejuran,3
2025-07-31,rentox,rentox,0
2025-07-31,rom&nd,rom&nd,2
2025-07-31,rom&nd,romnd,0
2025-07-31,round lab,round lab,5
2025-07-31,round lab,round-lab,0
2025-07-31,round lab,round.lab,0
2025-07-31,round lab,round_lab,0
2025-07-31,round lab,roundlab,0
2025-07-31,shurink,shurink,1
2025-07-31,skin1004,skin1004,9
2025-07-31,stylekorean,stylekorean,2
2025-07-31,stylevana,stylevana,3
2025-07-31,sulwhasoo,sulwhasoo,0
2025-07-31,sylfirm,sylfirm,0
2025-07-31,the whoo,the whoo,0
2025-07-31,the whoo,the-whoo,0
2025-07-31,the whoo,the.whoo,0
2025-07-31,the whoo,the_whoo,0
2025-07-31,the whoo,thewhoo,0
2025-07-31,tirtir,tirtir,4
2025-07-31,tonymoly,tonymoly,0
2025-07-31,torriden,torriden,1
2025-07-31,ultraformer,ultraformer,0
2025-07-31,volnewmer,volnewmer,0
2025-07-31,wellage,wellage,0
2025-07-31,yesstyle,yesstyle,12
2025-08-01,a'pieu,a'pieu,0
2025-08-01,a'pieu,a-pieu,0
2025-08-01,a'pieu,a.pieu,0
2025-08-01,a'pieu,a_pieu,0
2025-08-01,a'pieu,ap,1
2025-08-01,a'pieu,apieu,0
2025-08-01,acropass,acropass,0
2025-08-01,age-r,age-r,1
2025-08-01,age-r,age.r,0
2025-08-01,age-r,age_r,0
2025-08-01,age-r,ager,0
2025-08-01,anua,anua,10
2025-08-01,atopalm,atopalm,0
2025-08-01,bbia,bbia,0
2025-08-01,be the skin,be the skin,30
2025-08-01,be the skin,be-the-skin,0
2025-08-01,be the skin,be.the.skin,0
2025-08-01,be the skin,be_the_skin,0
2025-08-01,be the skin,betheskin,0
2025-08-01,beauty of joseon,beauty of joseon,14
2025-08-01,beauty of joseon,beauty-of-joseon,0
2025-08-01,beauty of joseon,beauty.of.joseon,0
2025-08-01,beauty of joseon,beauty_of_joseon,0
2025-08-01,beauty of joseon,beautyofjoseon,0
2025-08-01,belif,belif,0
2025-08-01,biodance,biodance,1
2025-08-01,boncept,boncept,0
2025-08-01,booster pro,booster pro,0
2025-08-01,booster pro,booster-pro,0
2025-08-01,booster pro,booster.pro,0
2025-08-01,booster pro,booster_pro,0
2025-08-01,booster pro,boosterpro,0
2025-08-01,botulax,botulax,1
2025-08-01,cell fusion c,cell fusion c,0
2025-08-01,cell fusion c,cell-fusion-c,0
2025-08-01,cell fusion c,cell.fusion.c,0
2025-08-01,cell fusion c,cell_fusion_c,0
2025-08-01,cell fusion c,cellfusionc,0
2025-08-01,centellian,centellian,0
2025-08-01,coolfase,coolfase,0
2025-08-01,cosrx,cosrx,14
2025-08-01,dalba,dalba,0
2025-08-01,goodal,goodal,0
2025-08-01,hi focus shot,hi focus shot,0
2025-08-01,hi focus shot,hi-focus-shot,0
2025-08-01,hi focus shot,hi.focus.shot,0
2025-08-01,hi focus shot,hi_focus_shot,0
2025-08-01,hi focus shot,hifocusshot,0
2025-08-01,history of whoo,history of whoo,0
2025-08-01,history of whoo,history-of-whoo,0
2025-08-01,history of whoo,history.of.whoo,0
2025-08-01,history of whoo,history_of_whoo,0
2025-08-01,history of whoo,historyofwhoo,0
2025-08-01,hwahae,hwahae,0
2025-08-01,innisfree,innisfree,6
2025-08-01,innotox,innotox,6
2025-08-01,iope,iope,0
2025-08-01,jeuveau,jeuveau,2
2025-08-01,jevegel,jevegel,0
2025-08-01,jolse,jolse,0
2025-08-01,juvelook,juvelook,1
2025-08-01,laneige,laneige,9
2025-08-01,letybo,letybo,0
2025-08-01,madeca,madeca,0
2025-08-01,mamonde,mamonde,0
2025-08-01,manyo,manyo,1
2025-08-01,medicube,medicube,5
2025-08-01,merzy,merzy,0
2025-08-01,mighty patch,mighty patch,0
2025-08-01,mighty patch,mighty-patch,0
2025-08-01,mighty patch,mighty.patch,0
2025-08-01,mighty patch,mighty_patch,0
2025-08-01,mighty patch,mightypatch,0
2025-08-01,missha,missha,1
2025-08-01,mixoon,mixoon,1
2025-08-01,nabota,nabota,0
2025-08-01,newlux,newlux,0
2025-08-01,numbuzin,numbuzin,6
2025-08-01,ohui,ohui,0
2025-08-01,oligio,oligio,0
2025-08-01,olive young,olive young,8
2025-08-01,olive young,olive-young,0
2025-08-01,olive young,olive.young,0
2025-08-01,olive young,olive_young,0
2025-08-01,olive young,oliveyoung,0
2025-08-01,peripera,peripera,0
2025-08-01,potenza,potenza,2
2025-08-01,real barrier,real barrier,1
2025-08-01,real barrier,real-barrier,0
2025-08-01,real barrier,real.barrier,0
2025-08-01,real barrier,real_barrier,0
2025-08-01,real barrier,realbarrier,0
2025-08-01,reedle shot,reedle shot,0
2025-08-01,reedle shot,reedle-shot,0
2025-08-01,reedle shot,reedle.shot,0
2025-08-01,reedle shot,reedle_shot,0
2025-08-01,reedle shot,reedleshot,0
2025-08-01,rejuran,rejuran,2
2025-08-01,rentox,rentox,0
2025-08-01,rom&nd,rom&nd,3
2025-08-01,rom&nd,romnd,0
2025-08-01,round lab,round lab,5
2025-08-01,round lab,round-lab,0
2025-08-01,round lab,round.lab,0
2025-08-01,round lab,round_lab,0
2025-08-01,round lab,roundlab,1
2025-08-01,shurink,shurink,0
2025-08-01,skin1004,skin1004,8
2025-08-01,stylekorean,stylekorean,2
2025-08-01,stylevana,stylevana,5
2025-08-01,sulwhasoo,sulwhasoo,3
2025-08-01,sylfirm,sylfirm,0
2025-08-01,the whoo,the whoo,0
2025-08-01,the whoo,the-whoo,0
2025-08-01,the whoo,the.whoo,0
2025-08-01,the whoo,the_whoo,0
2025-08-01,the whoo,thewhoo,0
2025-08-01,tirtir,tirtir,3
2025-08-01,tonymoly,tonymoly,0
2025-08-01,torriden,torriden,6
2025-08-01,ultraformer,ultraformer,0
2025-08-01,volnewmer,volnewmer,0
2025-08-01,wellage,wellage,0
2025-08-01,yesstyle,yesstyle,7
2025-08-02,a'pieu,a'pieu,2
2025-08-02,a'pieu,a-pieu,0
2025-08-02,a'pieu,a.pieu,0
2025-08-02,a'pieu,a_pieu,0
2025-08-02,a'pieu,ap,1
2025-08-02,a'pieu,apieu,0
2025-08-02,acropass,acropass,0
2025-08-02,age-r,age-r,3
2025-08-02,age-r,age.r,0
2025-08-02,age-r,age_r,0
2025-08-02,age-r,ager,0
2025-08-02,anua,anua,17
2025-08-02,atopalm,atopalm,0
2025-08-02,bbia,bbia,2
2025-08-02,be the skin,be the skin,36
2025-08-02,be the skin,be-the-skin,0
2025-08-02,be the skin,be.the.skin,0
2025-08-02,be the skin,be_the_skin,0
2025-08-02,be the skin,betheskin,0
2025-08-02,beauty of joseon,beauty of joseon,10
2025-08-02,beauty of joseon,beauty-of-joseon,0
2025-08-02,beauty of joseon,beauty.of.joseon,0
2025-08-02,beauty of joseon,beauty_of_joseon,0
2025-08-02,beauty of joseon,beautyofjoseon,0
2025-08-02,belif,belif,0
2025-08-02,biodance,biodance,0
2025-08-02,boncept,boncept,0
2025-08-02,booster pro,booster pro,0
2025-08-02,booster pro,booster-pro,0
2025-08-02,booster pro,booster.pro,0
2025-08-02,booster pro,booster_pro,0
2025-08-02,booster pro,boosterpro,0
2025-08-02,botulax,botulax,0
2025-08-02,cell fusion c,cell fusion c,2
2025-08-02,cell fusion c,cell-fusion-c,0
2025-08-02,cell fusion c,cell.fusion.c,0
2025-08-02,cell fusion c,cell_fusion_c,0
2025-08-02,cell fusion c,cellfusionc,0
2025-08-02,centellian,centellian,0
2025-08-02,coolfase,coolfase,0
2025-08-02,cosrx,cosrx,11
2025-08-02,dalba,dalba,0
2025-08-02,goodal,goodal,0
2025-08-02,hi focus shot,hi focus shot,0
2025-08-02,hi focus shot,hi-focus-shot,0
2025-08-02,hi focus shot,hi.focus.shot,0
2025-08-02,hi focus shot,hi_focus_shot,0
2025-08-02,hi focus shot,hifocusshot,0
2025-08-02,history of whoo,history of whoo,0
2025-08-02,history of whoo,history-of-whoo,0
2025-08-02,history of whoo,history.of.whoo,0
2025-08-02,history of whoo,history_of_whoo,0
2025-08-02,history of whoo,historyofwhoo,0
2025-08-02,hwahae,hwahae,0
2025-08-02,innisfree,innisfree,4
2025-08-02,innotox,innotox,0
2025-08-02,iope,iope,0
2025-08-02,jeuveau,jeuveau,0
2025-08-02,jevegel,jevegel,0
2025-08-02,jolse,jolse,2
2025-08-02,juvelook,juvelook,1
2025-08-02,laneige,laneige,12
2025-08-02,letybo,letybo,0
2025-08-02,madeca,madeca,1
2025-08-02,mamonde,mamonde,0
2025-08-02,manyo,manyo,0
2025-08-02,medicube,medicube,5
2025-08-02,merzy,merzy,0
2025-08-02,mighty patch,mighty patch,0
2025-08-02,mighty patch,mighty-patch,0
2025-08-02,mighty patch,mighty.patch,0
2025-08-02,mighty patch,mighty_patch,0
2025-08-02,mighty patch,mightypatch,0
2025-08-02,missha,missha,1
2025-08-02,mixoon,mixoon,0
2025-08-02,nabota,nabota,0
2025-08-02,newlux,newlux,0
2025-08-02,numbuzin,numbuzin,1
2025-08-02,ohui,ohui,0
2025-08-02,oligio,oligio,0
2025-08-02,olive young,olive young,2
2025-08-02,olive young,olive-young,0
2025-08-02,olive young,olive.young,0
2025-08-02,olive young,olive_young,0
2025-08-02,olive young,oliveyoung,1
2025-08-02,peripera,peripera,1
2025-08-02,potenza,potenza,4
2025-08-02,real barrier,real barrier,1
2025-08-02,real barrier,real-barrier,0
2025-08-02,real barrier,real.barrier,0
2025-08-02,real barrier,real_barrier,0
2025-08-02,real barrier,realbarrier,1
2025-08-02,reedle shot,reedle shot,0
2025-08-02,reedle shot,reedle-shot,0
2025-08-02,reedle shot,reedle.shot,0
2025-08-02,reedle shot,reedle_shot,0
2025-08-02,reedle shot,reedleshot,0
2025-08-02,rejuran,rejuran,2
2025-08-02,rentox,rentox,0
2025-08-02,rom&nd,rom&nd,5
2025-08-02,rom&nd,romnd,1
2025-08-02,round lab,round lab,4
2025-08-02,round lab,round-lab,0
2025-08-02,round lab,round.lab,0
2025-08-02,round lab,round_lab,0
2025-08-02,round lab,roundlab,0
2025-08-02,shurink,shurink,0
2025-08-02,skin1004,skin1004,5
2025-08-02,stylekorean,stylekorean,1
2025-08-02,stylevana,stylevana,2
2025-08-02,sulwhasoo,sulwhasoo,1
2025-08-02,sylfirm,sylfirm,0
2025-08-02,the whoo,the whoo,0
2025-08-02,the whoo,the-whoo,0
2025-08-02,the whoo,the.whoo,0
2025-08-02,the whoo,the_whoo,0
2025-08-02,the whoo,thewhoo,0
2025-08-02,tirtir,tirtir,5
2025-08-02,tonymoly,tonymoly,0
2025-08-02,torriden,torriden,2
2025-08-02,ultraformer,ultraformer,0
2025-08-02,volnewmer,volnewmer,0
2025-08-02,wellage,wellage,0
2025-08-02,yesstyle,yesstyle,7
2025-08-03,a'pieu,a'pieu,2
2025-08-03,a'pieu,a-pieu,0
2025-08-03,a'pieu,a.pieu,0
2025-08-03,a'pieu,a_pieu,0
2025-08-03,a'pieu,ap,2
2025-08-03,a'pieu,apieu,0
2025-08-03,acropass,acropass,0
2025-08-03,age-r,age-r,2
2025-08-03,age-r,age.r,0
2025-08-03,age-r,age_r,0
2025-08-03,age-r,ager,0
2025-08-03,anua,anua,3
2025-08-03,atopalm,atopalm,0
2025-08-03,bbia,bbia,2
2025-08-03,be the skin,be the skin,38
2025-08-03,be the skin,be-the-skin,0
2025-08-03,be the skin,be.the.skin,0
2025-08-03,be the skin,be_the_skin,0
2025-08-03,be the skin,betheskin,0
2025-08-03,beauty of joseon,beauty of joseon,5
2025-08-03,beauty of joseon,beauty-of-joseon,0
2025-08-03,beauty of joseon,beauty.of.joseon,0
2025-08-03,beauty of joseon,beauty_of_joseon,0
2025-08-03,beauty of joseon,beautyofjoseon,0
2025-08-03,belif,belif,2
2025-08-03,biodance,biodance,0
2025-08-03,boncept,boncept,0
2025-08-03,booster pro,booster pro,2
2025-08-03,booster pro,booster-pro,0
2025-08-03,booster pro,booster.pro,0
2025-08-03,booster pro,booster_pro,0
2025-08-03,booster pro,boosterpro,0
2025-08-03,botulax,botulax,1
2025-08-03,cell fusion c,cell fusion c,1
2025-08-03,cell fusion c,cell-fusion-c,0
2025-08-03,cell fusion c,cell.fusion.c,0
2025-08-03,cell fusion c,cell_fusion_c,0
2025-08-03,cell fusion c,cellfusionc,0
2025-08-03,centellian,centellian,0
2025-08-03,coolfase,coolfase,0
2025-08-03,cosrx,cosrx,11
2025-08-03,dalba,dalba,0
2025-08-03,goodal,goodal,1
2025-08-03,hi focus shot,hi focus shot,3
2025-08-03,hi focus shot,hi-focus-shot,0
2025-08-03,hi focus shot,hi.focus.shot,0
2025-08-03,hi focus shot,hi_focus_shot,0
2025-08-03,hi focus shot,hifocusshot,0
2025-08-03,history of whoo,history of whoo,0
2025-08-03,history of whoo,history-of-whoo,0
2025-08-03,history of whoo,history.of.whoo,0
2025-08-03,history of whoo,history_of_whoo,0
2025-08-03,history of whoo,historyofwhoo,0
2025-08-03,hwahae,hwahae,1
2025-08-03,innisfree,innisfree,7
2025-08-03,innotox,innotox,2
2025-08-03,iope,iope,0
2025-08-03,jeuveau,jeuveau,0
2025-08-03,jevegel,jevegel,0
2025-08-03,jolse,jolse,0
2025-08-03,juvelook,juvelook,1
2025-08-03,laneige,laneige,14
2025-08-03,letybo,letybo,0
2025-08-03,madeca,madeca,0
2025-08-03,mamonde,mamonde,0
2025-08-03,manyo,manyo,0
2025-08-03,medicube,medicube,9
2025-08-03,merzy,merzy,0
2025-08-03,mighty patch,mighty patch,0
2025-08-03,mighty patch,mighty-patch,0
2025-08-03,mighty patch,mighty.patch,0
2025-08-03,mighty patch,mighty_patch,0
2025-08-03,mighty patch,mightypatch,0
2025-08-03,missha,missha,1
2025-08-03,mixoon,mixoon,0
2025-08-03,nabota,nabota,1
2025-08-03,newlux,newlux,0
2025-08-03,numbuzin,numbuzin,3
2025-08-03,ohui,ohui,0
2025-08-03,oligio,oligio,0
2025-08-03,olive young,olive young,5
2025-08-03,olive young,olive-young,0
2025-08-03,olive young,olive.young,0
2025-08-03,olive young,olive_young,0
2025-08-03,olive young,oliveyoung,0
2025-08-03,peripera,peripera,5
2025-08-03,potenza,potenza,0
2025-08-03,real barrier,real barrier,1
2025-08-03,real barrier,real-barrier,0
2025-08-03,real barrier,real.barrier,0
2025-08-03,real barrier,real_barrier,0
2025-08-03,real barrier,realbarrier,0
2025-08-03,reedle shot,reedle shot,1
2025-08-03,reedle shot,reedle-shot,0
2025-08-03,reedle shot,reedle.shot,0
2025-08-03,reedle shot,reedle_shot,0
2025-08-03,reedle shot,reedleshot,0
2025-08-03,rejuran,rejuran,1
2025-08-03,rentox,rentox,1
2025-08-03,rom&nd,rom&nd,2
2025-08-03,rom&nd,romnd,0
2025-08-03,round lab,round lab,3
2025-08-03,round lab,round-lab,0
2025-08-03,round lab,round.lab,0
2025-08-03,round lab,round_lab,0
2025-08-03,round lab,roundlab,2
2025-08-03,shurink,shurink,0
2025-08-03,skin1004,skin1004,12
2025-08-03,stylekorean,stylekorean,2
2025-08-03,stylevana,stylevana,1
2025-08-03,sulwhasoo,sulwhasoo,0
2025-08-03,sylfirm,sylfirm,0
2025-08-03,the whoo,the whoo,0
2025-08-03,the whoo,the-whoo,0
2025-08-03,the whoo,the.whoo,0
2025-08-03,the whoo,the_whoo,0
2025-08-03,the whoo,thewhoo,0
2025-08-03,tirtir,tirtir,6
2025-08-03,tonymoly,tonymoly,1
2025-08-03,torriden,torriden,0
2025-08-03,ultraformer,ultraformer,0
2025-08-03,volnewmer,volnewmer,0
2025-08-03,wellage,wellage,0
2025-08-03,yesstyle,yesstyle,13
2025-08-04,a'pieu,a'pieu,0
2025-08-04,a'pieu,a-pieu,0
2025-08-04,a'pieu,a.pieu,0
2025-08-04,a'pieu,a_pieu,0
2025-08-04,a'pieu,ap,2
2025-08-04,a'pieu,apieu,0
2025-08-04,acropass,acropass,0
2025-08-04,age-r,age-r,0
2025-08-04,age-r,age.r,0
2025-08-04,age-r,age_r,0
2025-08-04,age-r,ager,0
2025-08-04,anua,anua,5
2025-08-04,atopalm,atopalm,0
2025-08-04,bbia,bbia,0
2025-08-04,be the skin,be the skin,35
2025-08-04,be the skin,be-the-skin,0
2025-08-04,be the skin,be.the.skin,0
2025-08-04,be the skin,be_the_skin,0
2025-08-04,be the skin,betheskin,0
2025-08-04,beauty of joseon,beauty of joseon,5
2025-08-04,beauty of joseon,beauty-of-joseon,0
2025-08-04,beauty of joseon,beauty.of.joseon,0
2025-08-04,beauty of joseon,beauty_of_joseon,0
2025-08-04,beauty of joseon,beautyofjoseon,0
2025-08-04,belif,belif,0
2025-08-04,biodance,biodance,0
2025-08-04,boncept,boncept,0
2025-08-04,booster pro,booster pro,0
2025-08-04,booster pro,booster-pro,0
2025-08-04,booster pro,booster.pro,0
2025-08-04,booster pro,booster_pro,0
2025-08-04,booster pro,boosterpro,0
2025-08-04,botulax,botulax,0
2025-08-04,cell fusion c,cell fusion c,0
2025-08-04,cell fusion c,cell-fusion-c,0
2025-08-04,cell fusion c,cell.fusion.c,0
2025-08-04,cell fusion c,cell_fusion_c,0
2025-08-04,cell fusion c,cellfusionc,0
2025-08-04,centellian,centellian,0
2025-08-04,coolfase,coolfase,0
2025-08-04,cosrx,cosrx,8
2025-08-04,dalba,dalba,0
2025-08-04,goodal,goodal,0
2025-08-04,hi focus shot,hi focus shot,4
2025-08-04,hi focus shot,hi-focus-shot,0
2025-08-04,hi focus shot,hi.focus.shot,0
2025-08-04,hi focus shot,hi_focus_shot,0
2025-08-04,hi focus shot,hifocusshot,0
2025-08-04,history of whoo,history of whoo,0
2025-08-04,history of whoo,history-of-whoo,0
2025-08-04,history of whoo,history.of.whoo,0
2025-08-04,history of whoo,history_of_whoo,0
2025-08-04,history of whoo,historyofwhoo,0
2025-08-04,hwahae,hwahae,0
2025-08-04,innisfree,innisfree,2
2025-08-04,innotox,innotox,1
2025-08-04,iope,iope,0
2025-08-04,jeuveau,jeuveau,0
2025-08-04,jevegel,jevegel,0
2025-08-04,jolse,jolse,0
2025-08-04,juvelook,juvelook,0
2025-08-04,laneige,laneige,11
2025-08-04,letybo,letybo,0
2025-08-04,madeca,madeca,0
2025-08-04,mamonde,mamonde,1
2025-08-04,manyo,manyo,1
2025-08-04,medicube,medicube,1
2025-08-04,merzy,merzy,0
2025-08-04,mighty patch,mighty patch,1
2025-08-04,mighty patch,mighty-patch,0
2025-08-04,mighty patch,mighty.patch,0
2025-08-04,mighty patch,mighty_patch,0
2025-08-04,mighty patch,mightypatch,0
2025-08-04,missha,missha,1
2025-08-04,mixoon,mixoon,0
2025-08-04,nabota,nabota,1
2025-08-04,newlux,newlux,0
2025-08-04,numbuzin,numbuzin,1
2025-08-04,ohui,ohui,0
2025-08-04,oligio,oligio,0
2025-08-04,olive young,olive young,1
2025-08-04,olive young,olive-young,0
2025-08-04,olive young,olive.young,0
2025-08-04,olive young,olive_young,0
2025-08-04,olive young,oliveyoung,0
2025-08-04,peripera,peripera,3
2025-08-04,potenza,potenza,0
2025-08-04,real barrier,real barrier,0
2025-08-04,real barrier,real-barrier,0
2025-08-04,real barrier,real.barrier,0
2025-08-04,real barrier,real_barrier,0
2025-08-04,real barrier,realbarrier,0
2025-08-04,reedle shot,reedle shot,2
2025-08-04,reedle shot,reedle-shot,0
2025-08-04,reedle shot,reedle.shot,0
2025-08-04,reedle shot,reedle_shot,0
2025-08-04,reedle shot,reedleshot,0
2025-08-04,rejuran,rejuran,3
2025-08-04,rentox,rentox,0
2025-08-04,rom&nd,rom&nd,2
2025-08-04,rom&nd,romnd,0
2025-08-04,round lab,round lab,4
2025-08-04,round lab,round-lab,0
2025-08-04,round lab,round.lab,0
2025-08-04,round lab,round_lab,0
2025-08-04,round lab,roundlab,2
2025-08-04,shurink,shurink,2
2025-08-04,skin1004,skin1004,4
2025-08-04,stylekorean,stylekorean,0
2025-08-04,stylevana,stylevana,0
2025-08-04,sulwhasoo,sulwhasoo,1
2025-08-04,sylfirm,sylfirm,0
2025-08-04,the whoo,the whoo,0
2025-08-04,the whoo,the-whoo,0
2025-08-04,the whoo,the.whoo,0
2025-08-04,the whoo,the_whoo,0
2025-08-04,the whoo,thewhoo,0
2025-08-04,tirtir,tirtir,5
2025-08-04,tonymoly,tonymoly,2
2025-08-04,torriden,torriden,4
2025-08-04,ultraformer,ultraformer,0
2025-08-04,volnewmer,volnewmer,0
2025-08-04,wellage,wellage,0
2025-08-04,yesstyle,yesstyle,6
2025-08-05,a'pieu,a'pieu,0
2025-08-05,a'pieu,a-pieu,0
2025-08-05,a'pieu,a.pieu,0
2025-08-05,a'pieu,a_pieu,0
2025-08-05,a'pieu,ap,0
2025-08-05,a'pieu,apieu,0
2025-08-05,acropass,acropass,0
2025-08-05,age-r,age-r,1
2025-08-05,age-r,age.r,0
2025-08-05,age-r,age_r,0
2025-08-05,age-r,ager,0
2025-08-05,anua,anua,7
2025-08-05,atopalm,atopalm,0
2025-08-05,bbia,bbia,0
2025-08-05,be the skin,be the skin,31
2025-08-05,be the skin,be-the-skin,0
2025-08-05,be the skin,be.the.skin,0
2025-08-05,be the skin,be_the_skin,0
2025-08-05,be the skin,betheskin,0
2025-08-05,beauty of joseon,beauty of joseon,13
2025-08-05,beauty of joseon,beauty-of-joseon,0
2025-08-05,beauty of joseon,beauty.of.joseon,0
2025-08-05,beauty of joseon,beauty_of_joseon,0
2025-08-05,beauty of joseon,beautyofjoseon,0
2025-08-05,belif,belif,1
2025-08-05,biodance,biodance,1
2025-08-05,boncept,boncept,0
2025-08-05,booster pro,booster pro,3
2025-08-05,booster pro,booster-pro,0
2025-08-05,booster pro,booster.pro,0
2025-08-05,booster pro,booster_pro,0
2025-08-05,booster pro,boosterpro,0
2025-08-05,botulax,botulax,0
2025-08-05,cell fusion c,cell fusion c,1
2025-08-05,cell fusion c,cell-fusion-c,0
2025-08-05,cell fusion c,cell.fusion.c,0
2025-08-05,cell fusion c,cell_fusion_c,0
2025-08-05,cell fusion c,cellfusionc,0
2025-08-05,centellian,centellian,0
2025-08-05,coolfase,coolfase,0
2025-08-05,cosrx,cosrx,12
2025-08-05,dalba,dalba,1
2025-08-05,goodal,goodal,1
2025-08-05,hi focus shot,hi focus shot,4
2025-08-05,hi focus shot,hi-focus-shot,0
2025-08-05,hi focus shot,hi.focus.shot,0
2025-08-05,hi focus shot,hi_focus_shot,0
2025-08-05,hi focus shot,hifocusshot,0
2025-08-05,history of whoo,history of whoo,0
2025-08-05,history of whoo,history-of-whoo,0
2025-08-05,history of whoo,history.of.whoo,0
2025-08-05,history of whoo,history_of_whoo,0
2025-08-05,history of whoo,historyofwhoo,0
2025-08-05,hwahae,hwahae,0
2025-08-05,innisfree,innisfree,4
2025-08-05,innotox,innotox,1
2025-08-05,iope,iope,0
2025-08-05,jeuveau,jeuveau,0
2025-08-05,jevegel,jevegel,0
2025-08-05,jolse,jolse,0
2025-08-05,juvelook,juvelook,0
2025-08-05,laneige,laneige,13
2025-08-05,letybo,letybo,0
2025-08-05,madeca,madeca,0
2025-08-05,mamonde,mamonde,0
2025-08-05,manyo,manyo,1
2025-08-05,medicube,medicube,9
2025-08-05,merzy,merzy,0
2025-08-05,mighty patch,mighty patch,0
2025-08-05,mighty patch,mighty-patch,0
2025-08-05,mighty patch,mighty.patch,0
2025-08-05,mighty patch,mighty_patch,0
2025-08-05,mighty patch,mightypatch,0
2025-08-05,missha,missha,0
2025-08-05,mixoon,mixoon,0
2025-08-05,nabota,nabota,1
2025-08-05,newlux,newlux,0
2025-08-05,numbuzin,numbuzin,3
2025-08-05,ohui,ohui,0
2025-08-05,oligio,oligio,0
2025-08-05,olive young,olive young,4
2025-08-05,olive young,olive-young,0
2025-08-05,olive young,olive.young,0
2025-08-05,olive young,olive_young,0
2025-08-05,olive young,oliveyoung,0
2025-08-05,peripera,peripera,3
2025-08-05,potenza,potenza,0
2025-08-05,real barrier,real barrier,1
2025-08-05,real barrier,real-barrier,0
2025-08-05,real barrier,real.barrier,0
2025-08-05,real barrier,real_barrier,0
2025-08-05,real barrier,realbarrier,0
2025-08-05,reedle shot,reedle shot,1
2025-08-05,reedle shot,reedle-shot,0
2025-08-05,reedle shot,reedle.shot,0
2025-08-05,reedle shot,reedle_shot,0
2025-08-05,reedle shot,reedleshot,0
2025-08-05,rejuran,rejuran,2
2025-08-05,rentox,rentox,0
2025-08-05,rom&nd,rom&nd,2
2025-08-05,rom&nd,romnd,0
2025-08-05,round lab,round lab,3
2025-08-05,round lab,round-lab,0
2025-08-05,round lab,round.lab,0
2025-08-05,round lab,round_lab,0
2025-08-05,round lab,roundlab,1
2025-08-05,shurink,shurink,0
2025-08-05,skin1004,skin1004,6
2025-08-05,stylekorean,stylekorean,1
2025-08-05,stylevana,stylevana,3
2025-08-05,sulwhasoo,sulwhasoo,1
2025-08-05,sylfirm,sylfirm,0
2025-08-05,the whoo,the whoo,0
2025-08-05,the whoo,the-whoo,0
2025-08-05,the whoo,the.whoo,0
2025-08-05,the whoo,the_whoo,0
2025-08-05,the whoo,thewhoo,0
2025-08-05,tirtir,tirtir,5
2025-08-05,tonymoly,tonymoly,1
2025-08-05,torriden,torriden,5
2025-08-05,ultraformer,ultraformer,0
2025-08-05,volnewmer,volnewmer,0
2025-08-05,wellage,wellage,0
2025-08-05,yesstyle,yesstyle,14
2025-08-06,a'pieu,a'pieu,1
2025-08-06,a'pieu,a-pieu,0
2025-08-06,a'pieu,a.pieu,0
2025-08-06,a'pieu,a_pieu,0
2025-08-06,a'pieu,ap,0
2025-08-06,a'pieu,apieu,0
2025-08-06,acropass,acropass,0
2025-08-06,age-r,age-r,0
2025-08-06,age-r,age.r,0
2025-08-06,age-r,age_r,0
2025-08-06,age-r,ager,0
2025-08-06,anua,anua,7
2025-08-06,atopalm,atopalm,0
2025-08-06,bbia,bbia,0
2025-08-06,be the skin,be the skin,44
2025-08-06,be the skin,be-the-skin,0
2025-08-06,be the skin,be.the.skin,0
2025-08-06,be the skin,be_the_skin,0
2025-08-06,be the skin,betheskin,0
2025-08-06,beauty of joseon,beauty of joseon,7
2025-08-06,beauty of joseon,beauty-of-joseon,0
2025-08-06,beauty of joseon,beauty.of.joseon,0
2025-08-06,beauty of joseon,beauty_of_joseon,0
2025-08-06,beauty of joseon,beautyofjoseon,0
2025-08-06,belif,belif,0
2025-08-06,biodance,biodance,0
2025-08-06,boncept,boncept,0
2025-08-06,booster pro,booster pro,1
2025-08-06,booster pro,booster-pro,0
2025-08-06,booster pro,booster.pro,0
2025-08-06,booster pro,booster_pro,0
2025-08-06,booster pro,boosterpro,0
2025-08-06,botulax,botulax,0
2025-08-06,cell fusion c,cell fusion c,2
2025-08-06,cell fusion c,cell-fusion-c,0
2025-08-06,cell fusion c,cell.fusion.c,0
2025-08-06,cell fusion c,cell_fusion_c,0
2025-08-06,cell fusion c,cellfusionc,0
2025-08-06,centellian,centellian,0
2025-08-06,coolfase,coolfase,0
2025-08-06,cosrx,cosrx,8
2025-08-06,dalba,dalba,4
2025-08-06,goodal,goodal,1
2025-08-06,hi focus shot,hi focus shot,1
2025-08-06,hi focus shot,hi-focus-shot,0
2025-08-06,hi focus shot,hi.focus.shot,0
2025-08-06,hi focus shot,hi_focus_shot,0
2025-08-06,hi focus shot,hifocusshot,0
2025-08-06,history of whoo,history of whoo,0
2025-08-06,history of whoo,history-of-whoo,0
2025-08-06,history of whoo,history.of.whoo,0
2025-08-06,history of whoo,history_of_whoo,0
2025-08-06,history of whoo,historyofwhoo,0
2025-08-06,hwahae,hwahae,0
2025-08-06,innisfree,innisfree,4
2025-08-06,innotox,innotox,3
2025-08-06,iope,iope,0
2025-08-06,jeuveau,jeuveau,0
2025-08-06,jevegel,jevegel,0
2025-08-06,jolse,jolse,0
2025-08-06,juvelook,juvelook,0
2025-08-06,laneige,laneige,13
2025-08-06,letybo,letybo,0
2025-08-06,madeca,madeca,0
2025-08-06,mamonde,mamonde,0
2025-08-06,manyo,manyo,0
2025-08-06,medicube,medicube,5
2025-08-06,merzy,merzy,0
2025-08-06,mighty patch,mighty patch,0
2025-08-06,mighty patch,mighty-patch,0
2025-08-06,mighty patch,mighty.patch,0
2025-08-06,mighty patch,mighty_patch,0
2025-08-06,mighty patch,mightypatch,0
2025-08-06,missha,missha,0
2025-08-06,mixoon,mixoon,0
2025-08-06,nabota,nabota,1
2025-08-06,newlux,newlux,0
2025-08-06,numbuzin,numbuzin,1
2025-08-06,ohui,ohui,0
2025-08-06,oligio,oligio,0
2025-08-06,olive young,olive young,1
2025-08-06,olive young,olive-young,0
2025-08-06,olive young,olive.young,0
2025-08-06,olive young,olive_young,0
2025-08-06,olive young,oliveyoung,0
2025-08-06,peripera,peripera,2
2025-08-06,potenza,potenza,0
2025-08-06,real barrier,real barrier,1
2025-08-06,real barrier,real-barrier,0
2025-08-06,real barrier,real.barrier,0
2025-08-06,real barrier,real_barrier,0
2025-08-06,real barrier,realbarrier,0
2025-08-06,reedle shot,reedle shot,0
2025-08-06,reedle shot,reedle-shot,0
2025-08-06,reedle shot,reedle.shot,0
2025-08-06,reedle shot,reedle_shot,0
2025-08-06,reedle shot,reedleshot,0
2025-08-06,rejuran,rejuran,1
2025-08-06,rentox,rentox,0
2025-08-06,rom&nd,rom&nd,2
2025-08-06,rom&nd,romnd,0
2025-08-06,round lab,round lab,2
2025-08-06,round lab,round-lab,0
2025-08-06,round lab,round.lab,0
2025-08-06,round lab,round_lab,0
2025-08-06,round lab,roundlab,1
2025-08-06,shurink,shurink,0
2025-08-06,skin1004,skin1004,6
2025-08-06,stylekorean,stylekorean,0
2025-08-06,stylevana,stylevana,0
2025-08-06,sulwhasoo,sulwhasoo,0
2025-08-06,sylfirm,sylfirm,0
2025-08-06,the whoo,the whoo,0
2025-08-06,the whoo,the-whoo,0
2025-08-06,the whoo,the.whoo,0
2025-08-06,the whoo,the_whoo,0
2025-08-06,the whoo,thewhoo,0
2025-08-06,tirtir,tirtir,4
2025-08-06,tonymoly,tonymoly,0
2025-08-06,torriden,torriden,2
2025-08-06,ultraformer,ultraformer,0
2025-08-06,volnewmer,volnewmer,0
2025-08-06,wellage,wellage,0
2025-08-06,yesstyle,yesstyle,11
2025-08-07,a'pieu,a'pieu,1
2025-08-07,a'pieu,a-pieu,0
2025-08-07,a'pieu,a.pieu,0
2025-08-07,a'pieu,a_pieu,0
2025-08-07,a'pieu,ap,4
2025-08-07,a'pieu,apieu,0
2025-08-07,acropass,acropass,0
2025-08-07,age-r,age-r,5
2025-08-07,age-r,age.r,0
2025-08-07,age-r,age_r,0
2025-08-07,age-r,ager,0
2025-08-07,anua,anua,12
2025-08-07,atopalm,atopalm,0
2025-08-07,bbia,bbia,2
2025-08-07,be the skin,be the skin,38
2025-08-07,be the skin,be-the-skin,0
2025-08-07,be the skin,be.the.skin,0
2025-08-07,be the skin,be_the_skin,0
2025-08-07,be the skin,betheskin,0
2025-08-07,beauty of joseon,beauty of joseon,9
2025-08-07,beauty of joseon,beauty-of-joseon,0
2025-08-07,beauty of joseon,beauty.of.joseon,0
2025-08-07,beauty of joseon,beauty_of_joseon,0
2025-08-07,beauty of joseon,beautyofjoseon,0
2025-08-07,belif,belif,0
2025-08-07,biodance,biodance,1
2025-08-07,boncept,boncept,0
2025-08-07,booster pro,booster pro,2
2025-08-07,booster pro,booster-pro,0
2025-08-07,booster pro,booster.pro,0
2025-08-07,booster pro,booster_pro,0
2025-08-07,booster pro,boosterpro,0
2025-08-07,botulax,botulax,0
2025-08-07,cell fusion c,cell fusion c,0
2025-08-07,cell fusion c,cell-fusion-c,0
2025-08-07,cell fusion c,cell.fusion.c,0
2025-08-07,cell fusion c,cell_fusion_c,0
2025-08-07,cell fusion c,cellfusionc,0
2025-08-07,centellian,centellian,0
2025-08-07,coolfase,coolfase,0
2025-08-07,cosrx,cosrx,9
2025-08-07,dalba,dalba,0
2025-08-07,goodal,goodal,1
2025-08-07,hi focus shot,hi focus shot,3
2025-08-07,hi focus shot,hi-focus-shot,0
2025-08-07,hi focus shot,hi.focus.shot,0
2025-08-07,hi focus shot,hi_focus_shot,0
2025-08-07,hi focus shot,hifocusshot,0
2025-08-07,history of whoo,history of whoo,0
2025-08-07,history of whoo,history-of-whoo,0
2025-08-07,history of whoo,history.of.whoo,0
2025-08-07,history of whoo,history_of_whoo,0
2025-08-07,history of whoo,historyofwhoo,0
2025-08-07,hwahae,hwahae,0
2025-08-07,innisfree,innisfree,6
2025-08-07,innotox,innotox,3
2025-08-07,iope,iope,0
2025-08-07,jeuveau,jeuveau,0
2025-08-07,jevegel,jevegel,0
2025-08-07,jolse,jolse,1
2025-08-07,juvelook,juvelook,0
2025-08-07,laneige,laneige,12
2025-08-07,letybo,letybo,0
2025-08-07,madeca,madeca,0
2025-08-07,mamonde,mamonde,0
2025-08-07,manyo,manyo,2
2025-08-07,medicube,medicube,9
2025-08-07,merzy,merzy,0
2025-08-07,mighty patch,mighty patch,0
2025-08-07,mighty patch,mighty-patch,0
2025-08-07,mighty patch,mighty.patch,0
2025-08-07,mighty patch,mighty_patch,0
2025-08-07,mighty patch,mightypatch,0
2025-08-07,missha,missha,0
2025-08-07,mixoon,mixoon,0
2025-08-07,nabota,nabota,0
2025-08-07,newlux,newlux,0
2025-08-07,numbuzin,numbuzin,1
2025-08-07,ohui,ohui,0
2025-08-07,oligio,oligio,0
2025-08-07,olive young,olive young,9
2025-08-07,olive young,olive-young,0
2025-08-07,olive young,olive.young,0
2025-08-07,olive young,olive_young,0
2025-08-07,olive young,oliveyoung,1
2025-08-07,peripera,peripera,2
2025-08-07,potenza,potenza,1
2025-08-07,real barrier,real barrier,0
2025-08-07,real barrier,real-barrier,0
2025-08-07,real barrier,real.barrier,0
2025-08-07,real barrier,real_barrier,0
2025-08-07,real barrier,realbarrier,0
2025-08-07,reedle shot,reedle shot,1
2025-08-07,reedle shot,reedle-shot,0
2025-08-07,reedle shot,reedle.shot,0
2025-08-07,reedle shot,reedle_shot,0
2025-08-07,reedle shot,reedleshot,0
2025-08-07,rejuran,rejuran,2
2025-08-07,rentox,rentox,0
2025-08-07,rom&nd,rom&nd,1
2025-08-07,rom&nd,romnd,0
2025-08-07,round lab,round lab,5
2025-08-07,round lab,round-lab,0
2025-08-07,round lab,round.lab,0
2025-08-07,round lab,round_lab,0
2025-08-07,round lab,roundlab,0
2025-08-07,shurink,shurink,1
2025-08-07,skin1004,skin1004,5
2025-08-07,stylekorean,stylekorean,1
2025-08-07,stylevana,stylevana,1
2025-08-07,sulwhasoo,sulwhasoo,0
2025-08-07,sylfirm,sylfirm,0
2025-08-07,the whoo,the whoo,0
2025-08-07,the whoo,the-whoo,0
2025-08-07,the whoo,the.whoo,0
2025-08-07,the whoo,the_whoo,0
2025-08-07,the whoo,thewhoo,0
2025-08-07,tirtir,tirtir,7
2025-08-07,tonymoly,tonymoly,1
2025-08-07,torriden,torriden,1
2025-08-07,ultraformer,ultraformer,0
2025-08-07,volnewmer,volnewmer,0
2025-08-07,wellage,wellage,0
2025-08-07,yesstyle,yesstyle,14
2025-08-08,a'pieu,a'pieu,0
2025-08-08,a'pieu,a-pieu,0
2025-08-08,a'pieu,a.pieu,0
2025-08-08,a'pieu,a_pieu,0
2025-08-08,a'pieu,ap,1
2025-08-08,a'pieu,apieu,0
2025-08-08,acropass,acropass,0
2025-08-08,age-r,age-r,0
2025-08-08,age-r,age.r,0
2025-08-08,age-r,age_r,0
2025-08-08,age-r,ager,0
2025-08-08,anua,anua,8
2025-08-08,atopalm,atopalm,0
2025-08-08,bbia,bbia,1
2025-08-08,be the skin,be the skin,51
2025-08-08,be the skin,be-the-skin,0
2025-08-08,be the skin,be.the.skin,0
2025-08-08,be the skin,be_the_skin,0
2025-08-08,be the skin,betheskin,0
2025-08-08,beauty of joseon,beauty of joseon,13
2025-08-08,beauty of joseon,beauty-of-joseon,0
2025-08-08,beauty of joseon,beauty.of.joseon,0
2025-08-08,beauty of joseon,beauty_of_joseon,0
2025-08-08,beauty of joseon,beautyofjoseon,0
2025-08-08,belif,belif,0
2025-08-08,biodance,biodance,0
2025-08-08,boncept,boncept,0
2025-08-08,booster pro,booster pro,0
2025-08-08,booster pro,booster-pro,0
2025-08-08,booster pro,booster.pro,0
2025-08-08,booster pro,booster_pro,0
2025-08-08,booster pro,boosterpro,0
2025-08-08,botulax,botulax,0
2025-08-08,cell fusion c,cell fusion c,0
2025-08-08,cell fusion c,cell-fusion-c,0
2025-08-08,cell fusion c,cell.fusion.c,0
2025-08-08,cell fusion c,cell_fusion_c,0
2025-08-08,cell fusion c,cellfusionc,0
2025-08-08,centellian,centellian,0
2025-08-08,coolfase,coolfase,0
2025-08-08,cosrx,cosrx,8
2025-08-08,dalba,dalba,1
2025-08-08,goodal,goodal,2
2025-08-08,hi focus shot,hi focus shot,1
2025-08-08,hi focus shot,hi-focus-shot,0
2025-08-08,hi focus shot,hi.focus.shot,0
2025-08-08,hi focus shot,hi_focus_shot,0
2025-08-08,hi focus shot,hifocusshot,0
2025-08-08,history of whoo,history of whoo,0
2025-08-08,history of whoo,history-of-whoo,0
2025-08-08,history of whoo,history.of.whoo,0
2025-08-08,history of whoo,history_of_whoo,0
2025-08-08,history of whoo,historyofwhoo,0
2025-08-08,hwahae,hwahae,0
2025-08-08,innisfree,innisfree,3
2025-08-08,innotox,innotox,2
2025-08-08,iope,iope,0
2025-08-08,jeuveau,jeuveau,1
2025-08-08,jevegel,jevegel,0
2025-08-08,jolse,jolse,0
2025-08-08,juvelook,juvelook,0
2025-08-08,laneige,laneige,12
2025-08-08,letybo,letybo,0
2025-08-08,madeca,madeca,0
2025-08-08,mamonde,mamonde,0
2025-08-08,manyo,manyo,0
2025-08-08,medicube,medicube,4
2025-08-08,merzy,merzy,0
2025-08-08,mighty patch,mighty patch,0
2025-08-08,mighty patch,mighty-patch,0
2025-08-08,mighty patch,mighty.patch,0
2025-08-08,mighty patch,mighty_patch,0
2025-08-08,mighty patch,mightypatch,0
2025-08-08,missha,missha,3
2025-08-08,mixoon,mixoon,0
2025-08-08,nabota,nabota,0
2025-08-08,newlux,newlux,0
2025-08-08,numbuzin,numbuzin,2
2025-08-08,ohui,ohui,0
2025-08-08,oligio,oligio,0
2025-08-08,olive young,olive young,3
2025-08-08,olive young,olive-young,0
2025-08-08,olive young,olive.young,0
2025-08-08,olive young,olive_young,0
2025-08-08,olive young,oliveyoung,0
2025-08-08,peripera,peripera,1
2025-08-08,potenza,potenza,0
2025-08-08,real barrier,real barrier,0
2025-08-08,real barrier,real-barrier,0
2025-08-08,real barrier,real.barrier,0
2025-08-08,real barrier,real_barrier,0
2025-08-08,real barrier,realbarrier,0
2025-08-08,reedle shot,reedle shot,1
2025-08-08,reedle shot,reedle-shot,0
2025-08-08,reedle shot,reedle.shot,0
2025-08-08,reedle shot,reedle_shot,0
2025-08-08,reedle shot,reedleshot,0
2025-08-08,rejuran,rejuran,2
2025-08-08,rentox,rentox,0
2025-08-08,rom&nd,rom&nd,3
2025-08-08,rom&nd,romnd,0
2025-08-08,round lab,round lab,5
2025-08-08,round lab,round-lab,0
2025-08-08,round lab,round.lab,0
2025-08-08,round lab,round_lab,0
2025-08-08,round lab,roundlab,0
2025-08-08,shurink,shurink,0
2025-08-08,skin1004,skin1004,4
2025-08-08,stylekorean,stylekorean,0
2025-08-08,stylevana,stylevana,2
2025-08-08,sulwhasoo,sulwhasoo,1
2025-08-08,sylfirm,sylfirm,0
2025-08-08,the whoo,the whoo,0
2025-08-08,the whoo,the-whoo,0
2025-08-08,the whoo,the.whoo,0
2025-08-08,the whoo,the_whoo,0
2025-08-08,the whoo,thewhoo,0
2025-08-08,tirtir,tirtir,4
2025-08-08,tonymoly,tonymoly,1
2025-08-08,torriden,torriden,2
2025-08-08,ultraformer,ultraformer,0
2025-08-08,volnewmer,volnewmer,0
2025-08-08,wellage,wellage,0
2025-08-08,yesstyle,yesstyle,19
2025-08-09,a'pieu,a'pieu,2
2025-08-09,a'pieu,a-pieu,0
2025-08-09,a'pieu,a.pieu,0
2025-08-09,a'pieu,a_pieu,0
2025-08-09,a'pieu,ap,1
2025-08-09,a'pieu,apieu,0
2025-08-09,acropass,acropass,0
2025-08-09,age-r,age-r,5
2025-08-09,age-r,age.r,0
2025-08-09,age-r,age_r,0
2025-08-09,age-r,ager,0
2025-08-09,anua,anua,8
2025-08-09,atopalm,atopalm,0
2025-08-09,bbia,bbia,3
2025-08-09,be the skin,be the skin,27
2025-08-09,be the skin,be-the-skin,0
2025-08-09,be the skin,be.the.skin,0
2025-08-09,be the skin,be_the_skin,0
2025-08-09,be the skin,betheskin,0
2025-08-09,beauty of joseon,beauty of joseon,8
2025-08-09,beauty of joseon,beauty-of-joseon,0
2025-08-09,beauty of joseon,beauty.of.joseon,0
2025-08-09,beauty of joseon,beauty_of_joseon,0
2025-08-09,beauty of joseon,beautyofjoseon,0
2025-08-09,belif,belif,0
2025-08-09,biodance,biodance,1
2025-08-09,boncept,boncept,0
2025-08-09,booster pro,booster pro,3
2025-08-09,booster pro,booster-pro,0
2025-08-09,booster pro,booster.pro,0
2025-08-09,booster pro,booster_pro,0
2025-08-09,booster pro,boosterpro,0
2025-08-09,botulax,botulax,0
2025-08-09,cell fusion c,cell fusion c,1
2025-08-09,cell fusion c,cell-fusion-c,0
2025-08-09,cell fusion c,cell.fusion.c,0
2025-08-09,cell fusion c,cell_fusion_c,0
2025-08-09,cell fusion c,cellfusionc,0
2025-08-09,centellian,centellian,0
2025-08-09,coolfase,coolfase,0
2025-08-09,cosrx,cosrx,9
2025-08-09,dalba,dalba,3
2025-08-09,goodal,goodal,2
2025-08-09,hi focus shot,hi focus shot,2
2025-08-09,hi focus shot,hi-focus-shot,0
2025-08-09,hi focus shot,hi.focus.shot,0
2025-08-09,hi focus shot,hi_focus_shot,0
2025-08-09,hi focus shot,hifocusshot,0
2025-08-09,history of whoo,history of whoo,0
2025-08-09,history of whoo,history-of-whoo,0
2025-08-09,history of whoo,history.of.whoo,0
2025-08-09,history of whoo,history_of_whoo,0
2025-08-09,history of whoo,historyofwhoo,0
2025-08-09,hwahae,hwahae,0
2025-08-09,innisfree,innisfree,2
2025-08-09,innotox,innotox,2
2025-08-09,iope,iope,0
2025-08-09,jeuveau,jeuveau,0
2025-08-09,jevegel,jevegel,0
2025-08-09,jolse,jolse,0
2025-08-09,juvelook,juvelook,0
2025-08-09,laneige,laneige,9
2025-08-09,letybo,letybo,0
2025-08-09,madeca,madeca,1
2025-08-09,mamonde,mamonde,0
2025-08-09,manyo,manyo,1
2025-08-09,medicube,medicube,8
2025-08-09,merzy,merzy,0
2025-08-09,mighty patch,mighty patch,1
2025-08-09,mighty patch,mighty-patch,0
2025-08-09,mighty patch,mighty.patch,0
2025-08-09,mighty patch,mighty_patch,0
2025-08-09,mighty patch,mightypatch,0
2025-08-09,missha,missha,2
2025-08-09,mixoon,mixoon,0
2025-08-09,nabota,nabota,0
2025-08-09,newlux,newlux,0
2025-08-09,numbuzin,numbuzin,2
2025-08-09,ohui,ohui,0
2025-08-09,oligio,oligio,0
2025-08-09,olive young,olive young,5
2025-08-09,olive young,olive-young,0
2025-08-09,olive young,olive.young,0
2025-08-09,olive young,olive_young,0
2025-08-09,olive young,oliveyoung,0
2025-08-09,peripera,peripera,3
2025-08-09,potenza,potenza,0
2025-08-09,real barrier,real barrier,2
2025-08-09,real barrier,real-barrier,0
2025-08-09,real barrier,real.barrier,0
2025-08-09,real barrier,real_barrier,0
2025-08-09,real barrier,realbarrier,0
2025-08-09,reedle shot,reedle shot,0
2025-08-09,reedle shot,reedle-shot,0
2025-08-09,reedle shot,reedle.shot,0
2025-08-09,reedle shot,reedle_shot,0
2025-08-09,reedle shot,reedleshot,0
2025-08-09,rejuran,rejuran,2
2025-08-09,rentox,rentox,0
2025-08-09,rom&nd,rom&nd,1
2025-08-09,rom&nd,romnd,0
2025-08-09,round lab,round lab,3
2025-08-09,round lab,round-lab,0
2025-08-09,round lab,round.lab,0
2025-08-09,round lab,round_lab,0
2025-08-09,round lab,roundlab,0
2025-08-09,shurink,shurink,0
2025-08-09,skin1004,skin1004,3
2025-08-09,stylekorean,stylekorean,1
2025-08-09,stylevana,stylevana,1
2025-08-09,sulwhasoo,sulwhasoo,2
2025-08-09,sylfirm,sylfirm,0
2025-08-09,the whoo,the whoo,0
2025-08-09,the whoo,the-whoo,0
2025-08-09,the whoo,the.whoo,0
2025-08-09,the whoo,the_whoo,0
2025-08-09,the whoo,thewhoo,0
2025-08-09,tirtir,tirtir,5
2025-08-09,tonymoly,tonymoly,0
2025-08-09,torriden,torriden,1
2025-08-09,ultraformer,ultraformer,0
2025-08-09,volnewmer,volnewmer,0
2025-08-09,wellage,wellage,0
2025-08-09,yesstyle,yesstyle,15
2025-08-10,a'pieu,a'pieu,0
2025-08-10,a'pieu,a-pieu,0
2025-08-10,a'pieu,a.pieu,0
2025-08-10,a'pieu,a_pieu,0
2025-08-10,a'pieu,ap,1
2025-08-10,a'pieu,apieu,0
2025-08-10,acropass,acropass,0
2025-08-10,age-r,age-r,0
2025-08-10,age-r,age.r,0
2025-08-10,age-r,age_r,0
2025-08-10,age-r,ager,0
2025-08-10,anua,anua,12
2025-08-10,atopalm,atopalm,0
2025-08-10,bbia,bbia,0
2025-08-10,be the skin,be the skin,45
2025-08-10,be the skin,be-the-skin,0
2025-08-10,be the skin,be.the.skin,0
2025-08-10,be the skin,be_the_skin,0
2025-08-10,be the skin,betheskin,0
2025-08-10,beauty of joseon,beauty of joseon,2
2025-08-10,beauty of joseon,beauty-of-joseon,0
2025-08-10,beauty of joseon,beauty.of.joseon,0
2025-08-10,beauty of joseon,beauty_of_joseon,0
2025-08-10,beauty of joseon,beautyofjoseon,0
2025-08-10,belif,belif,0
2025-08-10,biodance,biodance,0
2025-08-10,boncept,boncept,0
2025-08-10,booster pro,booster pro,1
2025-08-10,booster pro,booster-pro,0
2025-08-10,booster pro,booster.pro,0
2025-08-10,booster pro,booster_pro,0
2025-08-10,booster pro,boosterpro,0
2025-08-10,botulax,botulax,0
2025-08-10,cell fusion c,cell fusion c,0
2025-08-10,cell fusion c,cell-fusion-c,0
2025-08-10,cell fusion c,cell.fusion.c,0
2025-08-10,cell fusion c,cell_fusion_c,0
2025-08-10,cell fusion c,cellfusionc,0
2025-08-10,centellian,centellian,0
2025-08-10,coolfase,coolfase,0
2025-08-10,cosrx,cosrx,9
2025-08-10,dalba,dalba,0
2025-08-10,goodal,goodal,0
2025-08-10,hi focus shot,hi focus shot,1
2025-08-10,hi focus shot,hi-focus-shot,0
2025-08-10,hi focus shot,hi.focus.shot,0
2025-08-10,hi focus shot,hi_focus_shot,0
2025-08-10,hi focus shot,hifocusshot,0
2025-08-10,history of whoo,history of whoo,0
2025-08-10,history of whoo,history-of-whoo,0
2025-08-10,history of whoo,history.of.whoo,0
2025-08-10,history of whoo,history_of_whoo,0
2025-08-10,history of whoo,historyofwhoo,0
2025-08-10,hwahae,hwahae,0
2025-08-10,innisfree,innisfree,3
2025-08-10,innotox,innotox,1
2025-08-10,iope,iope,1
2025-08-10,jeuveau,jeuveau,0
2025-08-10,jevegel,jevegel,0
2025-08-10,jolse,jolse,1
2025-08-10,juvelook,juvelook,0
2025-08-10,laneige,laneige,3
2025-08-10,letybo,letybo,0
2025-08-10,madeca,madeca,0
2025-08-10,mamonde,mamonde,0
2025-08-10,manyo,manyo,2
2025-08-10,medicube,medicube,3
2025-08-10,merzy,merzy,0
2025-08-10,mighty patch,mighty patch,0
2025-08-10,mighty patch,mighty-patch,0
2025-08-10,mighty patch,mighty.patch,0
2025-08-10,mighty patch,mighty_patch,0
2025-08-10,mighty patch,mightypatch,0
2025-08-10,missha,missha,0
2025-08-10,mixoon,mixoon,0
2025-08-10,nabota,nabota,2
2025-08-10,newlux,newlux,0
2025-08-10,numbuzin,numbuzin,5
2025-08-10,ohui,ohui,0
2025-08-10,oligio,oligio,0
2025-08-10,olive young,olive young,4
2025-08-10,olive young,olive-young,0
2025-08-10,olive young,olive.young,0
2025-08-10,olive young,olive_young,0
2025-08-10,olive young,oliveyoung,0
2025-08-10,peripera,peripera,1
2025-08-10,potenza,potenza,0
2025-08-10,real barrier,real barrier,1
2025-08-10,real barrier,real-barrier,0
2025-08-10,real barrier,real.barrier,0
2025-08-10,real barrier,real_barrier,0
2025-08-10,real barrier,realbarrier,0
2025-08-10,reedle shot,reedle shot,2
2025-08-10,reedle shot,reedle-shot,0
2025-08-10,reedle shot,reedle.shot,0
2025-08-10,reedle shot,reedle_shot,0
2025-08-10,reedle shot,reedleshot,0
2025-08-10,rejuran,rejuran,0
2025-08-10,rentox,rentox,0
2025-08-10,rom&nd,rom&nd,4
2025-08-10,rom&nd,romnd,0
2025-08-10,round lab,round lab,3
2025-08-10,round lab,round-lab,0
2025-08-10,round lab,round.lab,0
2025-08-10,round lab,round_lab,0
2025-08-10,round lab,roundlab,0
2025-08-10,shurink,shurink,2
2025-08-10,skin1004,skin1004,5
2025-08-10,stylekorean,stylekorean,0
2025-08-10,stylevana,stylevana,3
2025-08-10,sulwhasoo,sulwhasoo,0
2025-08-10,sylfirm,sylfirm,0
2025-08-10,the whoo,the whoo,0
2025-08-10,the whoo,the-whoo,0
2025-08-10,the whoo,the.whoo,0
2025-08-10,the whoo,the_whoo,0
2025-08-10,the whoo,thewhoo,0
2025-08-10,tirtir,tirtir,1
2025-08-10,tonymoly,tonymoly,2
2025-08-10,torriden,torriden,1
2025-08-10,ultraformer,ultraformer,0
2025-08-10,volnewmer,volnewmer,0
2025-08-10,wellage,wellage,1
2025-08-10,yesstyle,yesstyle,4
2025-08-11,a'pieu,a'pieu,0
2025-08-11,a'pieu,a-pieu,0
2025-08-11,a'pieu,a.pieu,0
2025-08-11,a'pieu,a_pieu,0
2025-08-11,a'pieu,ap,1
2025-08-11,a'pieu,apieu,0
2025-08-11,acropass,acropass,0
2025-08-11,age-r,age-r,2
2025-08-11,age-r,age.r,0
2025-08-11,age-r,age_r,0
2025-08-11,age-r,ager,0
2025-08-11,anua,anua,18
2025-08-11,atopalm,atopalm,0
2025-08-11,bbia,bbia,0
2025-08-11,be the skin,be the skin,46
2025-08-11,be the skin,be-the-skin,0
2025-08-11,be the skin,be.the.skin,0
2025-08-11,be the skin,be_the_skin,0
2025-08-11,be the skin,betheskin,0
2025-08-11,beauty of joseon,beauty of joseon,5
2025-08-11,beauty of joseon,beauty-of-joseon,0
2025-08-11,beauty of joseon,beauty.of.joseon,0
2025-08-11,beauty of joseon,beauty_of_joseon,0
2025-08-11,beauty of joseon,beautyofjoseon,0
2025-08-11,belif,belif,0
2025-08-11,biodance,biodance,1
2025-08-11,boncept,boncept,0
2025-08-11,booster pro,booster pro,1
2025-08-11,booster pro,booster-pro,0
2025-08-11,booster pro,booster.pro,0
2025-08-11,booster pro,booster_pro,0
2025-08-11,booster pro,boosterpro,0
2025-08-11,botulax,botulax,0
2025-08-11,cell fusion c,cell fusion c,1
2025-08-11,cell fusion c,cell-fusion-c,0
2025-08-11,cell fusion c,cell.fusion.c,0
2025-08-11,cell fusion c,cell_fusion_c,0
2025-08-11,cell fusion c,cellfusionc,0
2025-08-11,centellian,centellian,0
2025-08-11,coolfase,coolfase,0
2025-08-11,cosrx,cosrx,10
2025-08-11,dalba,dalba,1
2025-08-11,goodal,goodal,0
2025-08-11,hi focus shot,hi focus shot,1
2025-08-11,hi focus shot,hi-focus-shot,0
2025-08-11,hi focus shot,hi.focus.shot,0
2025-08-11,hi focus shot,hi_focus_shot,0
2025-08-11,hi focus shot,hifocusshot,0
2025-08-11,history of whoo,history of whoo,0
2025-08-11,history of whoo,history-of-whoo,0
2025-08-11,history of whoo,history.of.whoo,0
2025-08-11,history of whoo,history_of_whoo,0
2025-08-11,history of whoo,historyofwhoo,0
2025-08-11,hwahae,hwahae,0
2025-08-11,innisfree,innisfree,2
2025-08-11,innotox,innotox,0
2025-08-11,iope,iope,0
2025-08-11,jeuveau,jeuveau,0
2025-08-11,jevegel,jevegel,0
2025-08-11,jolse,jolse,0
2025-08-11,juvelook,juvelook,1
2025-08-11,laneige,laneige,8
2025-08-11,letybo,letybo,0
2025-08-11,madeca,madeca,1
2025-08-11,mamonde,mamonde,0
2025-08-11,manyo,manyo,0
2025-08-11,medicube,medicube,4
2025-08-11,merzy,merzy,0
2025-08-11,mighty patch,mighty patch,0
2025-08-11,mighty patch,mighty-patch,0
2025-08-11,mighty patch,mighty.patch,0
2025-08-11,mighty patch,mighty_patch,0
2025-08-11,mighty patch,mightypatch,0
2025-08-11,missha,missha,1
2025-08-11,mixoon,mixoon,1
2025-08-11,nabota,nabota,0
2025-08-11,newlux,newlux,0
2025-08-11,numbuzin,numbuzin,3
2025-08-11,ohui,ohui,0
2025-08-11,oligio,oligio,0
2025-08-11,olive young,olive young,4
2025-08-11,olive young,olive-young,0
2025-08-11,olive young,olive.young,0
2025-08-11,olive young,olive_young,0
2025-08-11,olive young,oliveyoung,0
2025-08-11,peripera,peripera,1
2025-08-11,potenza,potenza,0
2025-08-11,real barrier,real barrier,1
2025-08-11,real barrier,real-barrier,0
2025-08-11,real barrier,real.barrier,0
2025-08-11,real barrier,real_barrier,0
2025-08-11,real barrier,realbarrier,0
2025-08-11,reedle shot,reedle shot,0
2025-08-11,reedle shot,reedle-shot,0
2025-08-11,reedle shot,reedle.shot,0
2025-08-11,reedle shot,reedle_shot,0
2025-08-11,reedle shot,reedleshot,0
2025-08-11,rejuran,rejuran,0
2025-08-11,rentox,rentox,1
2025-08-11,rom&nd,rom&nd,0
2025-08-11,rom&nd,romnd,0
2025-08-11,round lab,round lab,6
2025-08-11,round lab,round-lab,0
2025-08-11,round lab,round.lab,0
2025-08-11,round lab,round_lab,0
2025-08-11,round lab,roundlab,0
2025-08-11,shurink,shurink,0
2025-08-11,skin1004,skin1004,2
2025-08-11,stylekorean,stylekorean,1
2025-08-11,stylevana,stylevana,2
2025-08-11,sulwhasoo,sulwhasoo,0
2025-08-11,sylfirm,sylfirm,0
2025-08-11,the whoo,the whoo,0
2025-08-11,the whoo,the-whoo,0
2025-08-11,the whoo,the.whoo,0
2025-08-11,the whoo,the_whoo,0
2025-08-11,the whoo,thewhoo,0
2025-08-11,tirtir,tirtir,2
2025-08-11,tonymoly,tonymoly,1
2025-08-11,torriden,torriden,8
2025-08-11,ultraformer,ultraformer,0
2025-08-11,volnewmer,volnewmer,0
2025-08-11,wellage,wellage,0
2025-08-11,yesstyle,yesstyle,9
2025-08-12,a'pieu,a'pieu,1
2025-08-12,a'pieu,a-pieu,0
2025-08-12,a'pieu,a.pieu,0
2025-08-12,a'pieu,a_pieu,0
2025-08-12,a'pieu,ap,2
2025-08-12,a'pieu,apieu,0
2025-08-12,acropass,acropass,0
2025-08-12,age-r,age-r,3
2025-08-12,age-r,age.r,0
2025-08-12,age-r,age_r,0
2025-08-12,age-r,ager,0
2025-08-12,anua,anua,10
2025-08-12,atopalm,atopalm,0
2025-08-12,bbia,bbia,1
2025-08-12,be the skin,be the skin,35
2025-08-12,be the skin,be-the-skin,0
2025-08-12,be the skin,be.the.skin,0
2025-08-12,be the skin,be_the_skin,0
2025-08-12,be the skin,betheskin,0
2025-08-12,beauty of joseon,beauty of joseon,10
2025-08-12,beauty of joseon,beauty-of-joseon,0
2025-08-12,beauty of joseon,beauty.of.joseon,0
2025-08-12,beauty of joseon,beauty_of_joseon,0
2025-08-12,beauty of joseon,beautyofjoseon,0
2025-08-12,belif,belif,0
2025-08-12,biodance,biodance,0
2025-08-12,boncept,boncept,0
2025-08-12,booster pro,booster pro,0
2025-08-12,booster pro,booster-pro,0
2025-08-12,booster pro,booster.pro,0
2025-08-12,booster pro,booster_pro,0
2025-08-12,booster pro,boosterpro,0
2025-08-12,botulax,botulax,0
2025-08-12,cell fusion c,cell fusion c,0
2025-08-12,cell fusion c,cell-fusion-c,0
2025-08-12,cell fusion c,cell.fusion.c,0
2025-08-12,cell fusion c,cell_fusion_c,0
2025-08-12,cell fusion c,cellfusionc,0
2025-08-12,centellian,centellian,0
2025-08-12,coolfase,coolfase,0
2025-08-12,cosrx,cosrx,14
2025-08-12,dalba,dalba,0
2025-08-12,goodal,goodal,1
2025-08-12,hi focus shot,hi focus shot,4
2025-08-12,hi focus shot,hi-focus-shot,0
2025-08-12,hi focus shot,hi.focus.shot,0
2025-08-12,hi focus shot,hi_focus_shot,0
2025-08-12,hi focus shot,hifocusshot,0
2025-08-12,history of whoo,history of whoo,0
2025-08-12,history of whoo,history-of-whoo,0
2025-08-12,history of whoo,history.of.whoo,0
2025-08-12,history of whoo,history_of_whoo,0
2025-08-12,history of whoo,historyofwhoo,0
2025-08-12,hwahae,hwahae,0
2025-08-12,innisfree,innisfree,3
2025-08-12,innotox,innotox,1
2025-08-12,iope,iope,0
2025-08-12,jeuveau,jeuveau,0
2025-08-12,jevegel,jevegel,0
2025-08-12,jolse,jolse,1
2025-08-12,juvelook,juvelook,0
2025-08-12,laneige,laneige,8
2025-08-12,letybo,letybo,0
2025-08-12,madeca,madeca,2
2025-08-12,mamonde,mamonde,1
2025-08-12,manyo,manyo,1
2025-08-12,medicube,medicube,2
2025-08-12,merzy,merzy,0
2025-08-12,mighty patch,mighty patch,0
2025-08-12,mighty patch,mighty-patch,0
2025-08-12,mighty patch,mighty.patch,0
2025-08-12,mighty patch,mighty_patch,0
2025-08-12,mighty patch,mightypatch,0
2025-08-12,missha,missha,0
2025-08-12,mixoon,mixoon,0
2025-08-12,nabota,nabota,0
2025-08-12,newlux,newlux,0
2025-08-12,numbuzin,numbuzin,5
2025-08-12,ohui,ohui,0
2025-08-12,oligio,oligio,0
2025-08-12,olive young,olive young,3
2025-08-12,olive young,olive-young,0
2025-08-12,olive young,olive.young,0
2025-08-12,olive young,olive_young,0
2025-08-12,olive young,oliveyoung,0
2025-08-12,peripera,peripera,3
2025-08-12,potenza,potenza,1
2025-08-12,real barrier,real barrier,2
2025-08-12,real barrier,real-barrier,0
2025-08-12,real barrier,real.barrier,0
2025-08-12,real barrier,real_barrier,0
2025-08-12,real barrier,realbarrier,0
2025-08-12,reedle shot,reedle shot,2
2025-08-12,reedle shot,reedle-shot,0
2025-08-12,reedle shot,reedle.shot,0
2025-08-12,reedle shot,reedle_shot,0
2025-08-12,reedle shot,reedleshot,0
2025-08-12,rejuran,rejuran,3
2025-08-12,rentox,rentox,0
2025-08-12,rom&nd,rom&nd,1
2025-08-12,rom&nd,romnd,1
2025-08-12,round lab,round lab,3
2025-08-12,round lab,round-lab,0
2025-08-12,round lab,round.lab,0
2025-08-12,round lab,round_lab,0
2025-08-12,round lab,roundlab,1
2025-08-12,shurink,shurink,0
2025-08-12,skin1004,skin1004,9
2025-08-12,stylekorean,stylekorean,1
2025-08-12,stylevana,stylevana,4
2025-08-12,sulwhasoo,sulwhasoo,0
2025-08-12,sylfirm,sylfirm,0
2025-08-12,the whoo,the whoo,0
2025-08-12,the whoo,the-whoo,0
2025-08-12,the whoo,the.whoo,0
2025-08-12,the whoo,the_whoo,0
2025-08-12,the whoo,thewhoo,0
2025-08-12,tirtir,tirtir,3
2025-08-12,tonymoly,tonymoly,0
2025-08-12,torriden,torriden,1
2025-08-12,ultraformer,ultraformer,0
2025-08-12,volnewmer,volnewmer,0
2025-08-12,wellage,wellage,0
2025-08-12,yesstyle,yesstyle,20
2025-08-13,a'pieu,a'pieu,0
2025-08-13,a'pieu,a-pieu,0
2025-08-13,a'pieu,a.pieu,0
2025-08-13,a'pieu,a_pieu,0
2025-08-13,a'pieu,ap,4
2025-08-13,a'pieu,apieu,0
2025-08-13,acropass,acropass,0
2025-08-13,age-r,age-r,4
2025-08-13,age-r,age.r,0
2025-08-13,age-r,age_r,0
2025-08-13,age-r,ager,0
2025-08-13,anua,anua,2
2025-08-13,atopalm,atopalm,0
2025-08-13,bbia,bbia,0
2025-08-13,be the skin,be the skin,37
2025-08-13,be the skin,be-the-skin,0
2025-08-13,be the skin,be.the.skin,0
2025-08-13,be the skin,be_the_skin,0
2025-08-13,be the skin,betheskin,0
2025-08-13,beauty of joseon,beauty of joseon,13
2025-08-13,beauty of joseon,beauty-of-joseon,0
2025-08-13,beauty of joseon,beauty.of.joseon,0
2025-08-13,beauty of joseon,beauty_of_joseon,0
2025-08-13,beauty of joseon,beautyofjoseon,0
2025-08-13,belif,belif,1
2025-08-13,biodance,biodance,1
2025-08-13,boncept,boncept,0
2025-08-13,booster pro,booster pro,1
2025-08-13,booster pro,booster-pro,0
2025-08-13,booster pro,booster.pro,0
2025-08-13,booster pro,booster_pro,0
2025-08-13,booster pro,boosterpro,0
2025-08-13,botulax,botulax,1
2025-08-13,cell fusion c,cell fusion c,2
2025-08-13,cell fusion c,cell-fusion-c,0
2025-08-13,cell fusion c,cell.fusion.c,0
2025-08-13,cell fusion c,cell_fusion_c,0
2025-08-13,cell fusion c,cellfusionc,0
2025-08-13,centellian,centellian,1
2025-08-13,coolfase,coolfase,0
2025-08-13,cosrx,cosrx,10
2025-08-13,dalba,dalba,2
2025-08-13,goodal,goodal,0
2025-08-13,hi focus shot,hi focus shot,2
2025-08-13,hi focus shot,hi-focus-shot,0
2025-08-13,hi focus shot,hi.focus.shot,0
2025-08-13,hi focus shot,hi_focus_shot,0
2025-08-13,hi focus shot,hifocusshot,0
2025-08-13,history of whoo,history of whoo,0
2025-08-13,history of whoo,history-of-whoo,0
2025-08-13,history of whoo,history.of.whoo,0
2025-08-13,history of whoo,history_of_whoo,0
2025-08-13,history of whoo,historyofwhoo,0
2025-08-13,hwahae,hwahae,0
2025-08-13,innisfree,innisfree,3
2025-08-13,innotox,innotox,1
2025-08-13,iope,iope,0
2025-08-13,jeuveau,jeuveau,0
2025-08-13,jevegel,jevegel,0
2025-08-13,jolse,jolse,0
2025-08-13,juvelook,juvelook,0
2025-08-13,laneige,laneige,12
2025-08-13,letybo,letybo,0
2025-08-13,madeca,madeca,0
2025-08-13,mamonde,mamonde,0
2025-08-13,manyo,manyo,2
2025-08-13,medicube,medicube,4
2025-08-13,merzy,merzy,0
2025-08-13,mighty patch,mighty patch,3
2025-08-13,mighty patch,mighty-patch,0
2025-08-13,mighty patch,mighty.patch,0
2025-08-13,mighty patch,mighty_patch,0
2025-08-13,mighty patch,mightypatch,0
2025-08-13,missha,missha,1
2025-08-13,mixoon,mixoon,0
2025-08-13,nabota,nabota,0
2025-08-13,newlux,newlux,0
2025-08-13,numbuzin,numbuzin,2
2025-08-13,ohui,ohui,0
2025-08-13,oligio,oligio,0
2025-08-13,olive young,olive young,1
2025-08-13,olive young,olive-young,0
2025-08-13,olive young,olive.young,0
2025-08-13,olive young,olive_young,0
2025-08-13,olive young,oliveyoung,0
2025-08-13,peripera,peripera,1
2025-08-13,potenza,potenza,0
2025-08-13,real barrier,real barrier,2
2025-08-13,real barrier,real-barrier,0
2025-08-13,real barrier,real.barrier,0
2025-08-13,real barrier,real_barrier,0
2025-08-13,real barrier,realbarrier,0
2025-08-13,reedle shot,reedle shot,1
2025-08-13,reedle shot,reedle-shot,0
2025-08-13,reedle shot,reedle.shot,0
2025-08-13,reedle shot,reedle_shot,0
2025-08-13,reedle shot,reedleshot,0
2025-08-13,rejuran,rejuran,1
2025-08-13,rentox,rentox,0
2025-08-13,rom&nd,rom&nd,3
2025-08-13,rom&nd,romnd,0
2025-08-13,round lab,round lab,5
2025-08-13,round lab,round-lab,0
2025-08-13,round lab,round.lab,0
2025-08-13,round lab,round_lab,0
2025-08-13,round lab,roundlab,0
2025-08-13,shurink,shurink,1
2025-08-13,skin1004,skin1004,3
2025-08-13,stylekorean,stylekorean,0
2025-08-13,stylevana,stylevana,0
2025-08-13,sulwhasoo,sulwhasoo,0
2025-08-13,sylfirm,sylfirm,1
2025-08-13,the whoo,the whoo,0
2025-08-13,the whoo,the-whoo,0
2025-08-13,the whoo,the.whoo,0
2025-08-13,the whoo,the_whoo,0
2025-08-13,the whoo,thewhoo,0
2025-08-13,tirtir,tirtir,5
2025-08-13,tonymoly,tonymoly,1
2025-08-13,torriden,torriden,1
2025-08-13,ultraformer,ultraformer,0
2025-08-13,volnewmer,volnewmer,0
2025-08-13,wellage,wellage,0
2025-08-13,yesstyle,yesstyle,4
2025-08-14,a'pieu,a'pieu,3
2025-08-14,a'pieu,a-pieu,0
2025-08-14,a'pieu,a.pieu,0
2025-08-14,a'pieu,a_pieu,0
2025-08-14,a'pieu,ap,2
2025-08-14,a'pieu,apieu,0
2025-08-14,acropass,acropass,0
2025-08-14,age-r,age-r,7
2025-08-14,age-r,age.r,0
2025-08-14,age-r,age_r,0
2025-08-14,age-r,ager,0
2025-08-14,anua,anua,11
2025-08-14,atopalm,atopalm,0
2025-08-14,bbia,bbia,2
2025-08-14,be the skin,be the skin,41
2025-08-14,be the skin,be-the-skin,0
2025-08-14,be the skin,be.the.skin,0
2025-08-14,be the skin,be_the_skin,0
2025-08-14,be the skin,betheskin,0
2025-08-14,beauty of joseon,beauty of joseon,17
2025-08-14,beauty of joseon,beauty-of-joseon,0
2025-08-14,beauty of joseon,beauty.of.joseon,0
2025-08-14,beauty of joseon,beauty_of_joseon,0
2025-08-14,beauty of joseon,beautyofjoseon,0
2025-08-14,belif,belif,1
2025-08-14,biodance,biodance,0
2025-08-14,boncept,boncept,0
2025-08-14,booster pro,booster pro,0
2025-08-14,booster pro,booster-pro,0
2025-08-14,booster pro,booster.pro,0
2025-08-14,booster pro,booster_pro,0
2025-08-14,booster pro,boosterpro,0
2025-08-14,botulax,botulax,0
2025-08-14,cell fusion c,cell fusion c,1
2025-08-14,cell fusion c,cell-fusion-c,0
2025-08-14,cell fusion c,cell.fusion.c,0
2025-08-14,cell fusion c,cell_fusion_c,0
2025-08-14,cell fusion c,cellfusionc,0
2025-08-14,centellian,centellian,0
2025-08-14,coolfase,coolfase,0
2025-08-14,cosrx,cosrx,7
2025-08-14,dalba,dalba,1
2025-08-14,goodal,goodal,3
2025-08-14,hi focus shot,hi focus shot,0
2025-08-14,hi focus shot,hi-focus-shot,0
2025-08-14,hi focus shot,hi.focus.shot,0
2025-08-14,hi focus shot,hi_focus_shot,0
2025-08-14,hi focus shot,hifocusshot,0
2025-08-14,history of whoo,history of whoo,0
2025-08-14,history of whoo,history-of-whoo,0
2025-08-14,history of whoo,history.of.whoo,0
2025-08-14,history of whoo,history_of_whoo,0
2025-08-14,history of whoo,historyofwhoo,0
2025-08-14,hwahae,hwahae,0
2025-08-14,innisfree,innisfree,3
2025-08-14,innotox,innotox,3
2025-08-14,iope,iope,0
2025-08-14,jeuveau,jeuveau,0
2025-08-14,jevegel,jevegel,0
2025-08-14,jolse,jolse,0
2025-08-14,juvelook,juvelook,0
2025-08-14,laneige,laneige,13
2025-08-14,letybo,letybo,0
2025-08-14,madeca,madeca,0
2025-08-14,mamonde,mamonde,0
2025-08-14,manyo,manyo,0
2025-08-14,medicube,medicube,7
2025-08-14,merzy,merzy,0
2025-08-14,mighty patch,mighty patch,0
2025-08-14,mighty patch,mighty-patch,0
2025-08-14,mighty patch,mighty.patch,0
2025-08-14,mighty patch,mighty_patch,0
2025-08-14,mighty patch,mightypatch,0
2025-08-14,missha,missha,1
2025-08-14,mixoon,mixoon,0
2025-08-14,nabota,nabota,1
2025-08-14,newlux,newlux,0
2025-08-14,numbuzin,numbuzin,4
2025-08-14,ohui,ohui,0
2025-08-14,oligio,oligio,0
2025-08-14,olive young,olive young,6
2025-08-14,olive young,olive-young,0
2025-08-14,olive young,olive.young,0
2025-08-14,olive young,olive_young,0
2025-08-14,olive young,oliveyoung,0
2025-08-14,peripera,peripera,3
2025-08-14,potenza,potenza,0
2025-08-14,real barrier,real barrier,2
2025-08-14,real barrier,real-barrier,0
2025-08-14,real barrier,real.barrier,0
2025-08-14,real barrier,real_barrier,0
2025-08-14,real barrier,realbarrier,0
2025-08-14,reedle shot,reedle shot,3
2025-08-14,reedle shot,reedle-shot,0
2025-08-14,reedle shot,reedle.shot,0
2025-08-14,reedle shot,reedle_shot,0
2025-08-14,reedle shot,reedleshot,0
2025-08-14,rejuran,rejuran,0
2025-08-14,rentox,rentox,0
2025-08-14,rom&nd,rom&nd,5
2025-08-14,rom&nd,romnd,0
2025-08-14,round lab,round lab,3
2025-08-14,round lab,round-lab,0
2025-08-14,round lab,round.lab,0
2025-08-14,round lab,round_lab,0
2025-08-14,round lab,roundlab,0
2025-08-14,shurink,shurink,0
2025-08-14,skin1004,skin1004,7
2025-08-14,stylekorean,stylekorean,1
2025-08-14,stylevana,stylevana,2
2025-08-14,sulwhasoo,sulwhasoo,3
2025-08-14,sylfirm,sylfirm,1
2025-08-14,the whoo,the whoo,0
2025-08-14,the whoo,the-whoo,0
2025-08-14,the whoo,the.whoo,0
2025-08-14,the whoo,the_whoo,0
2025-08-14,the whoo,thewhoo,0
2025-08-14,tirtir,tirtir,5
2025-08-14,tonymoly,tonymoly,0
2025-08-14,torriden,torriden,4
2025-08-14,ultraformer,ultraformer,0
2025-08-14,volnewmer,volnewmer,0
2025-08-14,wellage,wellage,1
2025-08-14,yesstyle,yesstyle,16
2025-08-15,a'pieu,a'pieu,3
2025-08-15,a'pieu,a-pieu,0
2025-08-15,a'pieu,a.pieu,0
2025-08-15,a'pieu,a_pieu,0
2025-08-15,a'pieu,ap,2
2025-08-15,a'pieu,apieu,0
2025-08-15,acropass,acropass,0
2025-08-15,age-r,age-r,6
2025-08-15,age-r,age.r,0
2025-08-15,age-r,age_r,0
2025-08-15,age-r,ager,0
2025-08-15,anua,anua,9
2025-08-15,atopalm,atopalm,0
2025-08-15,bbia,bbia,2
2025-08-15,be the skin,be the skin,48
2025-08-15,be the skin,be-the-skin,0
2025-08-15,be the skin,be.the.skin,0
2025-08-15,be the skin,be_the_skin,0
2025-08-15,be the skin,betheskin,0
2025-08-15,beauty of joseon,beauty of joseon,12
2025-08-15,beauty of joseon,beauty-of-joseon,0
2025-08-15,beauty of joseon,beauty.of.joseon,0
2025-08-15,beauty of joseon,beauty_of_joseon,0
2025-08-15,beauty of joseon,beautyofjoseon,0
2025-08-15,belif,belif,0
2025-08-15,biodance,biodance,1
2025-08-15,boncept,boncept,0
2025-08-15,booster pro,booster pro,2
2025-08-15,booster pro,booster-pro,0
2025-08-15,booster pro,booster.pro,0
2025-08-15,booster pro,booster_pro,0
2025-08-15,booster pro,boosterpro,0
2025-08-15,botulax,botulax,2
2025-08-15,cell fusion c,cell fusion c,2
2025-08-15,cell fusion c,cell-fusion-c,0
2025-08-15,cell fusion c,cell.fusion.c,0
2025-08-15,cell fusion c,cell_fusion_c,0
2025-08-15,cell fusion c,cellfusionc,0
2025-08-15,centellian,centellian,0
2025-08-15,coolfase,coolfase,0
2025-08-15,cosrx,cosrx,9
2025-08-15,dalba,dalba,0
2025-08-15,goodal,goodal,0
2025-08-15,hi focus shot,hi focus shot,1
2025-08-15,hi focus shot,hi-focus-shot,0
2025-08-15,hi focus shot,hi.focus.shot,0
2025-08-15,hi focus shot,hi_focus_shot,0
2025-08-15,hi focus shot,hifocusshot,0
2025-08-15,history of whoo,history of whoo,0
2025-08-15,history of whoo,history-of-whoo,0
2025-08-15,history of whoo,history.of.whoo,0
2025-08-15,history of whoo,history_of_whoo,0
2025-08-15,history of whoo,historyofwhoo,0
2025-08-15,hwahae,hwahae,1
2025-08-15,innisfree,innisfree,6
2025-08-15,innotox,innotox,3
2025-08-15,iope,iope,0
2025-08-15,jeuveau,jeuveau,0
2025-08-15,jevegel,jevegel,0
2025-08-15,jolse,jolse,2
2025-08-15,juvelook,juvelook,0
2025-08-15,laneige,laneige,15
2025-08-15,letybo,letybo,0
2025-08-15,madeca,madeca,2
2025-08-15,mamonde,mamonde,0
2025-08-15,manyo,manyo,3
2025-08-15,medicube,medicube,7
2025-08-15,merzy,merzy,0
2025-08-15,mighty patch,mighty patch,0
2025-08-15,mighty patch,mighty-patch,0
2025-08-15,mighty patch,mighty.patch,0
2025-08-15,mighty patch,mighty_patch,0
2025-08-15,mighty patch,mightypatch,0
2025-08-15,missha,missha,1
2025-08-15,mixoon,mixoon,2
2025-08-15,nabota,nabota,0
2025-08-15,newlux,newlux,0
2025-08-15,numbuzin,numbuzin,2
2025-08-15,ohui,ohui,0
2025-08-15,oligio,oligio,0
2025-08-15,olive young,olive young,6
2025-08-15,olive young,olive-young,0
2025-08-15,olive young,olive.young,0
2025-08-15,olive young,olive_young,0
2025-08-15,olive young,oliveyoung,0
2025-08-15,peripera,peripera,3
2025-08-15,potenza,potenza,0
2025-08-15,real barrier,real barrier,0
2025-08-15,real barrier,real-barrier,0
2025-08-15,real barrier,real.barrier,0
2025-08-15,real barrier,real_barrier,0
2025-08-15,real barrier,realbarrier,0
2025-08-15,reedle shot,reedle shot,0
2025-08-15,reedle shot,reedle-shot,0
2025-08-15,reedle shot,reedle.shot,0
2025-08-15,reedle shot,reedle_shot,0
2025-08-15,reedle shot,reedleshot,0
2025-08-15,rejuran,rejuran,1
2025-08-15,rentox,rentox,1
2025-08-15,rom&nd,rom&nd,5
2025-08-15,rom&nd,romnd,0
2025-08-15,round lab,round lab,2
2025-08-15,round lab,round-lab,0
2025-08-15,round lab,round.lab,0
2025-08-15,round lab,round_lab,0
2025-08-15,round lab,roundlab,0
2025-08-15,shurink,shurink,0
2025-08-15,skin1004,skin1004,5
2025-08-15,stylekorean,stylekorean,1
2025-08-15,stylevana,stylevana,1
2025-08-15,sulwhasoo,sulwhasoo,1
2025-08-15,sylfirm,sylfirm,0
2025-08-15,the whoo,the whoo,0
2025-08-15,the whoo,the-whoo,0
2025-08-15,the whoo,the.whoo,0
2025-08-15,the whoo,the_whoo,0
2025-08-15,the whoo,thewhoo,0
2025-08-15,tirtir,tirtir,10
2025-08-15,tonymoly,tonymoly,0
2025-08-15,torriden,torriden,2
2025-08-15,ultraformer,ultraformer,0
2025-08-15,volnewmer,volnewmer,0
2025-08-15,wellage,wellage,0
2025-08-15,yesstyle,yesstyle,18
2025-08-16,a'pieu,a'pieu,3
2025-08-16,a'pieu,a-pieu,0
2025-08-16,a'pieu,a.pieu,0
2025-08-16,a'pieu,a_pieu,0
2025-08-16,a'pieu,ap,2
2025-08-16,a'pieu,apieu,0
2025-08-16,acropass,acropass,0
2025-08-16,age-r,age-r,4
2025-08-16,age-r,age.r,0
2025-08-16,age-r,age_r,0
2025-08-16,age-r,ager,0
2025-08-16,anua,anua,12
2025-08-16,atopalm,atopalm,0
2025-08-16,bbia,bbia,2
2025-08-16,be the skin,be the skin,32
2025-08-16,be the skin,be-the-skin,0
2025-08-16,be the skin,be.the.skin,0
2025-08-16,be the skin,be_the_skin,0
2025-08-16,be the skin,betheskin,0
2025-08-16,beauty of joseon,beauty of joseon,9
2025-08-16,beauty of joseon,beauty-of-joseon,0
2025-08-16,beauty of joseon,beauty.of.joseon,0
2025-08-16,beauty of joseon,beauty_of_joseon,0
2025-08-16,beauty of joseon,beautyofjoseon,0
2025-08-16,belif,belif,1
2025-08-16,biodance,biodance,0
2025-08-16,boncept,boncept,0
2025-08-16,booster pro,booster pro,1
2025-08-16,booster pro,booster-pro,0
2025-08-16,booster pro,booster.pro,0
2025-08-16,booster pro,booster_pro,0
2025-08-16,booster pro,boosterpro,0
2025-08-16,botulax,botulax,1
2025-08-16,cell fusion c,cell fusion c,0
2025-08-16,cell fusion c,cell-fusion-c,0
2025-08-16,cell fusion c,cell.fusion.c,0
2025-08-16,cell fusion c,cell_fusion_c,0
2025-08-16,cell fusion c,cellfusionc,0
2025-08-16,centellian,centellian,0
2025-08-16,coolfase,coolfase,0
2025-08-16,cosrx,cosrx,15
2025-08-16,dalba,dalba,0
2025-08-16,goodal,goodal,0
2025-08-16,hi focus shot,hi focus shot,4
2025-08-16,hi focus shot,hi-focus-shot,0
2025-08-16,hi focus shot,hi.focus.shot,0
2025-08-16,hi focus shot,hi_focus_shot,0
2025-08-16,hi focus shot,hifocusshot,0
2025-08-16,history of whoo,history of whoo,0
2025-08-16,history of whoo,history-of-whoo,0
2025-08-16,history of whoo,history.of.whoo,0
2025-08-16,history of whoo,history_of_whoo,0
2025-08-16,history of whoo,historyofwhoo,0
2025-08-16,hwahae,hwahae,0
2025-08-16,innisfree,innisfree,7
2025-08-16,innotox,innotox,2
2025-08-16,iope,iope,0
2025-08-16,jeuveau,jeuveau,0
2025-08-16,jevegel,jevegel,0
2025-08-16,jolse,jolse,0
2025-08-16,juvelook,juvelook,0
2025-08-16,laneige,laneige,11
2025-08-16,letybo,letybo,0
2025-08-16,madeca,madeca,0
2025-08-16,mamonde,mamonde,0
2025-08-16,manyo,manyo,1
2025-08-16,medicube,medicube,10
2025-08-16,merzy,merzy,0
2025-08-16,mighty patch,mighty patch,0
2025-08-16,mighty patch,mighty-patch,0
2025-08-16,mighty patch,mighty.patch,0
2025-08-16,mighty patch,mighty_patch,0
2025-08-16,mighty patch,mightypatch,0
2025-08-16,missha,missha,5
2025-08-16,mixoon,mixoon,0
2025-08-16,nabota,nabota,0
2025-08-16,newlux,newlux,0
2025-08-16,numbuzin,numbuzin,5
2025-08-16,ohui,ohui,0
2025-08-16,oligio,oligio,0
2025-08-16,olive young,olive young,4
2025-08-16,olive young,olive-young,0
2025-08-16,olive young,olive.young,0
2025-08-16,olive young,olive_young,0
2025-08-16,olive young,oliveyoung,0
2025-08-16,peripera,peripera,0
2025-08-16,potenza,potenza,2
2025-08-16,real barrier,real barrier,0
2025-08-16,real barrier,real-barrier,0
2025-08-16,real barrier,real.barrier,0
2025-08-16,real barrier,real_barrier,0
2025-08-16,real barrier,realbarrier,0
2025-08-16,reedle shot,reedle shot,2
2025-08-16,reedle shot,reedle-shot,0
2025-08-16,reedle shot,reedle.shot,0
2025-08-16,reedle shot,reedle_shot,0
2025-08-16,reedle shot,reedleshot,0
2025-08-16,rejuran,rejuran,1
2025-08-16,rentox,rentox,1
2025-08-16,rom&nd,rom&nd,0
2025-08-16,rom&nd,romnd,0
2025-08-16,round lab,round lab,2
2025-08-16,round lab,round-lab,0
2025-08-16,round lab,round.lab,0
2025-08-16,round lab,round_lab,0
2025-08-16,round lab,roundlab,4
2025-08-16,shurink,shurink,0
2025-08-16,skin1004,skin1004,5
2025-08-16,stylekorean,stylekorean,2
2025-08-16,stylevana,stylevana,2
2025-08-16,sulwhasoo,sulwhasoo,0
2025-08-16,sylfirm,sylfirm,0
2025-08-16,the whoo,the whoo,0
2025-08-16,the whoo,the-whoo,0
2025-08-16,the whoo,the.whoo,0
2025-08-16,the whoo,the_whoo,0
2025-08-16,the whoo,thewhoo,0
2025-08-16,tirtir,tirtir,7
2025-08-16,tonymoly,tonymoly,4
2025-08-16,torriden,torriden,2
2025-08-16,ultraformer,ultraformer,0
2025-08-16,volnewmer,volnewmer,0
2025-08-16,wellage,wellage,0
2025-08-16,yesstyle,yesstyle,14
2025-08-17,a'pieu,a'pieu,0
2025-08-17,a'pieu,a-pieu,0
2025-08-17,a'pieu,a.pieu,0
2025-08-17,a'pieu,a_pieu,0
2025-08-17,a'pieu,ap,2
2025-08-17,a'pieu,apieu,0
2025-08-17,acropass,acropass,0
2025-08-17,age-r,age-r,2
2025-08-17,age-r,age.r,0
2025-08-17,age-r,age_r,0
2025-08-17,age-r,ager,0
2025-08-17,anua,anua,8
2025-08-17,atopalm,atopalm,0
2025-08-17,bbia,bbia,0
2025-08-17,be the skin,be the skin,40
2025-08-17,be the skin,be-the-skin,0
2025-08-17,be the skin,be.the.skin,0
2025-08-17,be the skin,be_the_skin,0
2025-08-17,be the skin,betheskin,0
2025-08-17,beauty of joseon,beauty of joseon,9
2025-08-17,beauty of joseon,beauty-of-joseon,0
2025-08-17,beauty of joseon,beauty.of.joseon,0
2025-08-17,beauty of joseon,beauty_of_joseon,0
2025-08-17,beauty of joseon,beautyofjoseon,0
2025-08-17,belif,belif,1
2025-08-17,biodance,biodance,1
2025-08-17,boncept,boncept,0
2025-08-17,booster pro,booster pro,3
2025-08-17,booster pro,booster-pro,0
2025-08-17,booster pro,booster.pro,0
2025-08-17,booster pro,booster_pro,0
2025-08-17,booster pro,boosterpro,0
2025-08-17,botulax,botulax,0
2025-08-17,cell fusion c,cell fusion c,4
2025-08-17,cell fusion c,cell-fusion-c,0
2025-08-17,cell fusion c,cell.fusion.c,0
2025-08-17,cell fusion c,cell_fusion_c,0
2025-08-17,cell fusion c,cellfusionc,0
2025-08-17,centellian,centellian,0
2025-08-17,coolfase,coolfase,0
2025-08-17,cosrx,cosrx,14
2025-08-17,dalba,dalba,0
2025-08-17,goodal,goodal,0
2025-08-17,hi focus shot,hi focus shot,5
2025-08-17,hi focus shot,hi-focus-shot,0
2025-08-17,hi focus shot,hi.focus.shot,0
2025-08-17,hi focus shot,hi_focus_shot,0
2025-08-17,hi focus shot,hifocusshot,0
2025-08-17,history of whoo,history of whoo,0
2025-08-17,history of whoo,history-of-whoo,0
2025-08-17,history of whoo,history.of.whoo,0
2025-08-17,history of whoo,history_of_whoo,0
2025-08-17,history of whoo,historyofwhoo,0
2025-08-17,hwahae,hwahae,0
2025-08-17,innisfree,innisfree,2
2025-08-17,innotox,innotox,1
2025-08-17,iope,iope,0
2025-08-17,jeuveau,jeuveau,0
2025-08-17,jevegel,jevegel,0
2025-08-17,jolse,jolse,0
2025-08-17,juvelook,juvelook,0
2025-08-17,laneige,laneige,20
2025-08-17,letybo,letybo,0
2025-08-17,madeca,madeca,0
2025-08-17,mamonde,mamonde,0
2025-08-17,manyo,manyo,2
2025-08-17,medicube,medicube,5
2025-08-17,merzy,merzy,0
2025-08-17,mighty patch,mighty patch,0
2025-08-17,mighty patch,mighty-patch,0
2025-08-17,mighty patch,mighty.patch,0
2025-08-17,mighty patch,mighty_patch,0
2025-08-17,mighty patch,mightypatch,0
2025-08-17,missha,missha,0
2025-08-17,mixoon,mixoon,0
2025-08-17,nabota,nabota,0
2025-08-17,newlux,newlux,0
2025-08-17,numbuzin,numbuzin,3
2025-08-17,ohui,ohui,0
2025-08-17,oligio,oligio,0
2025-08-17,olive young,olive young,2
2025-08-17,olive young,olive-young,0
2025-08-17,olive young,olive.young,0
2025-08-17,olive young,olive_young,0
2025-08-17,olive young,oliveyoung,0
2025-08-17,peripera,peripera,3
2025-08-17,potenza,potenza,0
2025-08-17,real barrier,real barrier,4
2025-08-17,real barrier,real-barrier,0
2025-08-17,real barrier,real.barrier,0
2025-08-17,real barrier,real_barrier,0
2025-08-17,real barrier,realbarrier,0
2025-08-17,reedle shot,reedle shot,3
2025-08-17,reedle shot,reedle-shot,0
2025-08-17,reedle shot,reedle.shot,0
2025-08-17,reedle shot,reedle_shot,0
2025-08-17,reedle shot,reedleshot,0
2025-08-17,rejuran,rejuran,1
2025-08-17,rentox,rentox,0
2025-08-17,rom&nd,rom&nd,3
2025-08-17,rom&nd,romnd,0
2025-08-17,round lab,round lab,10
2025-08-17,round lab,round-lab,0
2025-08-17,round lab,round.lab,0
2025-08-17,round lab,round_lab,0
2025-08-17,round lab,roundlab,1
2025-08-17,shurink,shurink,0
2025-08-17,skin1004,skin1004,9
2025-08-17,stylekorean,stylekorean,0
2025-08-17,stylevana,stylevana,6
2025-08-17,sulwhasoo,sulwhasoo,2
2025-08-17,sylfirm,sylfirm,0
2025-08-17,the whoo,the whoo,0
2025-08-17,the whoo,the-whoo,0
2025-08-17,the whoo,the.whoo,0
2025-08-17,the whoo,the_whoo,0
2025-08-17,the whoo,thewhoo,0
2025-08-17,tirtir,tirtir,2
2025-08-17,tonymoly,tonymoly,1
2025-08-17,torriden,torriden,2
2025-08-17,ultraformer,ultraformer,0
2025-08-17,volnewmer,volnewmer,0
2025-08-17,wellage,wellage,0
2025-08-17,yesstyle,yesstyle,15
2025-08-18,a'pieu,a'pieu,0
2025-08-18,a'pieu,a-pieu,0
2025-08-18,a'pieu,a.pieu,0
2025-08-18,a'pieu,a_pieu,0
2025-08-18,a'pieu,ap,1
2025-08-18,a'pieu,apieu,0
2025-08-18,acropass,acropass,0
2025-08-18,age-r,age-r,0
2025-08-18,age-r,age.r,0
2025-08-18,age-r,age_r,0
2025-08-18,age-r,ager,0
2025-08-18,anua,anua,7
2025-08-18,atopalm,atopalm,1
2025-08-18,bbia,bbia,0
2025-08-18,be the skin,be the skin,34
2025-08-18,be the skin,be-the-skin,0
2025-08-18,be the skin,be.the.skin,0
2025-08-18,be the skin,be_the_skin,0
2025-08-18,be the skin,betheskin,0
2025-08-18,beauty of joseon,beauty of joseon,5
2025-08-18,beauty of joseon,beauty-of-joseon,0
2025-08-18,beauty of joseon,beauty.of.joseon,0
2025-08-18,beauty of joseon,beauty_of_joseon,0
2025-08-18,beauty of joseon,beautyofjoseon,0
2025-08-18,belif,belif,3
2025-08-18,biodance,biodance,0
2025-08-18,boncept,boncept,0
2025-08-18,booster pro,booster pro,0
2025-08-18,booster pro,booster-pro,0
2025-08-18,booster pro,booster.pro,0
2025-08-18,booster pro,booster_pro,0
2025-08-18,booster pro,boosterpro,0
2025-08-18,botulax,botulax,0
2025-08-18,cell fusion c,cell fusion c,1
2025-08-18,cell fusion c,cell-fusion-c,0
2025-08-18,cell fusion c,cell.fusion.c,0
2025-08-18,cell fusion c,cell_fusion_c,0
2025-08-18,cell fusion c,cellfusionc,0
2025-08-18,centellian,centellian,0
2025-08-18,coolfase,coolfase,0
2025-08-18,cosrx,cosrx,6
2025-08-18,dalba,dalba,1
2025-08-18,goodal,goodal,0
2025-08-18,hi focus shot,hi focus shot,2
2025-08-18,hi focus shot,hi-focus-shot,0
2025-08-18,hi focus shot,hi.focus.shot,0
2025-08-18,hi focus shot,hi_focus_shot,0
2025-08-18,hi focus shot,hifocusshot,0
2025-08-18,history of whoo,history of whoo,0
2025-08-18,history of whoo,history-of-whoo,0
2025-08-18,history of whoo,history.of.whoo,0
2025-08-18,history of whoo,history_of_whoo,0
2025-08-18,history of whoo,historyofwhoo,0
2025-08-18,hwahae,hwahae,0
2025-08-18,innisfree,innisfree,3
2025-08-18,innotox,innotox,2
2025-08-18,iope,iope,1
2025-08-18,jeuveau,jeuveau,0
2025-08-18,jevegel,jevegel,0
2025-08-18,jolse,jolse,0
2025-08-18,juvelook,juvelook,0
2025-08-18,laneige,laneige,1
2025-08-18,letybo,letybo,0
2025-08-18,madeca,madeca,0
2025-08-18,mamonde,mamonde,0
2025-08-18,manyo,manyo,3
2025-08-18,medicube,medicube,6
2025-08-18,merzy,merzy,0
2025-08-18,mighty patch,mighty patch,0
2025-08-18,mighty patch,mighty-patch,0
2025-08-18,mighty patch,mighty.patch,0
2025-08-18,mighty patch,mighty_patch,0
2025-08-18,mighty patch,mightypatch,0
2025-08-18,missha,missha,0
2025-08-18,mixoon,mixoon,1
2025-08-18,nabota,nabota,0
2025-08-18,newlux,newlux,0
2025-08-18,numbuzin,numbuzin,2
2025-08-18,ohui,ohui,0
2025-08-18,oligio,oligio,0
2025-08-18,olive young,olive young,4
2025-08-18,olive young,olive-young,0
2025-08-18,olive young,olive.young,0
2025-08-18,olive young,olive_young,0
2025-08-18,olive young,oliveyoung,1
2025-08-18,peripera,peripera,1
2025-08-18,potenza,potenza,0
2025-08-18,real barrier,real barrier,0
2025-08-18,real barrier,real-barrier,0
2025-08-18,real barrier,real.barrier,0
2025-08-18,real barrier,real_barrier,0
2025-08-18,real barrier,realbarrier,0
2025-08-18,reedle shot,reedle shot,1
2025-08-18,reedle shot,reedle-shot,0
2025-08-18,reedle shot,reedle.shot,0
2025-08-18,reedle shot,reedle_shot,0
2025-08-18,reedle shot,reedleshot,0
2025-08-18,rejuran,rejuran,1
2025-08-18,rentox,rentox,1
2025-08-18,rom&nd,rom&nd,1
2025-08-18,rom&nd,romnd,0
2025-08-18,round lab,round lab,3
2025-08-18,round lab,round-lab,0
2025-08-18,round lab,round.lab,0
2025-08-18,round lab,round_lab,0
2025-08-18,round lab,roundlab,1
2025-08-18,shurink,shurink,0
2025-08-18,skin1004,skin1004,11
2025-08-18,stylekorean,stylekorean,2
2025-08-18,stylevana,stylevana,0
2025-08-18,sulwhasoo,sulwhasoo,2
2025-08-18,sylfirm,sylfirm,0
2025-08-18,the whoo,the whoo,0
2025-08-18,the whoo,the-whoo,0
2025-08-18,the whoo,the.whoo,0
2025-08-18,the whoo,the_whoo,0
2025-08-18,the whoo,thewhoo,0
2025-08-18,tirtir,tirtir,2
2025-08-18,tonymoly,tonymoly,1
2025-08-18,torriden,torriden,2
2025-08-18,ultraformer,ultraformer,0
2025-08-18,volnewmer,volnewmer,0
2025-08-18,wellage,wellage,0
2025-08-18,yesstyle,yesstyle,10
2025-08-19,a'pieu,a'pieu,1
2025-08-19,a'pieu,a-pieu,0
2025-08-19,a'pieu,a.pieu,0
2025-08-19,a'pieu,a_pieu,0
2025-08-19,a'pieu,ap,2
2025-08-19,a'pieu,apieu,0
2025-08-19,acropass,acropass,0
2025-08-19,age-r,age-r,4
2025-08-19,age-r,age.r,0
2025-08-19,age-r,age_r,0
2025-08-19,age-r,ager,0
2025-08-19,anua,anua,10
2025-08-19,atopalm,atopalm,0
2025-08-19,bbia,bbia,2
2025-08-19,be the skin,be the skin,44
2025-08-19,be the skin,be-the-skin,0
2025-08-19,be the skin,be.the.skin,0
2025-08-19,be the skin,be_the_skin,0
2025-08-19,be the skin,betheskin,0
2025-08-19,beauty of joseon,beauty of joseon,7
2025-08-19,beauty of joseon,beauty-of-joseon,0
2025-08-19,beauty of joseon,beauty.of.joseon,0
2025-08-19,beauty of joseon,beauty_of_joseon,0
2025-08-19,beauty of joseon,beautyofjoseon,0
2025-08-19,belif,belif,2
2025-08-19,biodance,biodance,1
2025-08-19,boncept,boncept,0
2025-08-19,booster pro,booster pro,3
2025-08-19,booster pro,booster-pro,0
2025-08-19,booster pro,booster.pro,0
2025-08-19,booster pro,booster_pro,0
2025-08-19,booster pro,boosterpro,0
2025-08-19,botulax,botulax,0
2025-08-19,cell fusion c,cell fusion c,2
2025-08-19,cell fusion c,cell-fusion-c,0
2025-08-19,cell fusion c,cell.fusion.c,0
2025-08-19,cell fusion c,cell_fusion_c,0
2025-08-19,cell fusion c,cellfusionc,0
2025-08-19,centellian,centellian,0
2025-08-19,coolfase,coolfase,0
2025-08-19,cosrx,cosrx,12
2025-08-19,dalba,dalba,0
2025-08-19,goodal,goodal,0
2025-08-19,hi focus shot,hi focus shot,5
2025-08-19,hi focus shot,hi-focus-shot,0
2025-08-19,hi focus shot,hi.focus.shot,0
2025-08-19,hi focus shot,hi_focus_shot,0
2025-08-19,hi focus shot,hifocusshot,0
2025-08-19,history of whoo,history of whoo,0
2025-08-19,history of whoo,history-of-whoo,0
2025-08-19,history of whoo,history.of.whoo,0
2025-08-19,history of whoo,history_of_whoo,0
2025-08-19,history of whoo,historyofwhoo,0
2025-08-19,hwahae,hwahae,0
2025-08-19,innisfree,innisfree,5
2025-08-19,innotox,innotox,4
2025-08-19,iope,iope,0
2025-08-19,jeuveau,jeuveau,0
2025-08-19,jevegel,jevegel,0
2025-08-19,jolse,jolse,1
2025-08-19,juvelook,juvelook,0
2025-08-19,laneige,laneige,7
2025-08-19,letybo,letybo,0
2025-08-19,madeca,madeca,0
2025-08-19,mamonde,mamonde,0
2025-08-19,manyo,manyo,4
2025-08-19,medicube,medicube,8
2025-08-19,merzy,merzy,0
2025-08-19,mighty patch,mighty patch,0
2025-08-19,mighty patch,mighty-patch,0
2025-08-19,mighty patch,mighty.patch,0
2025-08-19,mighty patch,mighty_patch,0
2025-08-19,mighty patch,mightypatch,0
2025-08-19,missha,missha,1
2025-08-19,mixoon,mixoon,0
2025-08-19,nabota,nabota,1
2025-08-19,newlux,newlux,0
2025-08-19,numbuzin,numbuzin,1
2025-08-19,ohui,ohui,1
2025-08-19,oligio,oligio,0
2025-08-19,olive young,olive young,7
2025-08-19,olive young,olive-young,0
2025-08-19,olive young,olive.young,0
2025-08-19,olive young,olive_young,0
2025-08-19,olive young,oliveyoung,0
2025-08-19,peripera,peripera,3
2025-08-19,potenza,potenza,0
2025-08-19,real barrier,real barrier,1
2025-08-19,real barrier,real-barrier,0
2025-08-19,real barrier,real.barrier,0
2025-08-19,real barrier,real_barrier,0
2025-08-19,real barrier,realbarrier,0
2025-08-19,reedle shot,reedle shot,4
2025-08-19,reedle shot,reedle-shot,0
2025-08-19,reedle shot,reedle.shot,0
2025-08-19,reedle shot,reedle_shot,0
2025-08-19,reedle shot,reedleshot,0
2025-08-19,rejuran,rejuran,1
2025-08-19,rentox,rentox,0
2025-08-19,rom&nd,rom&nd,5
2025-08-19,rom&nd,romnd,0
2025-08-19,round lab,round lab,6
2025-08-19,round lab,round-lab,0
2025-08-19,round lab,round.lab,0
2025-08-19,round lab,round_lab,0
2025-08-19,round lab,roundlab,0
2025-08-19,shurink,shurink,0
2025-08-19,skin1004,skin1004,11
2025-08-19,stylekorean,stylekorean,3
2025-08-19,stylevana,stylevana,3
2025-08-19,sulwhasoo,sulwhasoo,1
2025-08-19,sylfirm,sylfirm,0
2025-08-19,the whoo,the whoo,0
2025-08-19,the whoo,the-whoo,0
2025-08-19,the whoo,the.whoo,0
2025-08-19,the whoo,the_whoo,0
2025-08-19,the whoo,thewhoo,0
2025-08-19,tirtir,tirtir,5
2025-08-19,tonymoly,tonymoly,0
2025-08-19,torriden,torriden,2
2025-08-19,ultraformer,ultraformer,0
2025-08-19,volnewmer,volnewmer,0
2025-08-19,wellage,wellage,0
2025-08-19,yesstyle,yesstyle,13
2025-08-20,a'pieu,a'pieu,1
2025-08-20,a'pieu,a-pieu,0
2025-08-20,a'pieu,a.pieu,0
2025-08-20,a'pieu,a_pieu,0
2025-08-20,a'pieu,ap,1
2025-08-20,a'pieu,apieu,0
2025-08-20,acropass,acropass,0
2025-08-20,age-r,age-r,0
2025-08-20,age-r,age.r,0
2025-08-20,age-r,age_r,0
2025-08-20,age-r,ager,0
2025-08-20,anua,anua,6
2025-08-20,atopalm,atopalm,0
2025-08-20,bbia,bbia,2
2025-08-20,be the skin,be the skin,50
2025-08-20,be the skin,be-the-skin,0
2025-08-20,be the skin,be.the.skin,0
2025-08-20,be the skin,be_the_skin,0
2025-08-20,be the skin,betheskin,0
2025-08-20,beauty of joseon,beauty of joseon,10
2025-08-20,beauty of joseon,beauty-of-joseon,0
2025-08-20,beauty of joseon,beauty.of.joseon,0
2025-08-20,beauty of joseon,beauty_of_joseon,0
2025-08-20,beauty of joseon,beautyofjoseon,0
2025-08-20,belif,belif,0
2025-08-20,biodance,biodance,2
2025-08-20,boncept,boncept,0
2025-08-20,booster pro,booster pro,0
2025-08-20,booster pro,booster-pro,0
2025-08-20,booster pro,booster.pro,0
2025-08-20,booster pro,booster_pro,0
2025-08-20,booster pro,boosterpro,0
2025-08-20,botulax,botulax,0
2025-08-20,cell fusion c,cell fusion c,0
2025-08-20,cell fusion c,cell-fusion-c,0
2025-08-20,cell fusion c,cell.fusion.c,0
2025-08-20,cell fusion c,cell_fusion_c,0
2025-08-20,cell fusion c,cellfusionc,0
2025-08-20,centellian,centellian,0
2025-08-20,coolfase,coolfase,0
2025-08-20,cosrx,cosrx,11
2025-08-20,dalba,dalba,0
2025-08-20,goodal,goodal,0
2025-08-20,hi focus shot,hi focus shot,0
2025-08-20,hi focus shot,hi-focus-shot,0
2025-08-20,hi focus shot,hi.focus.shot,0
2025-08-20,hi focus shot,hi_focus_shot,0
2025-08-20,hi focus shot,hifocusshot,0
2025-08-20,history of whoo,history of whoo,0
2025-08-20,history of whoo,history-of-whoo,0
2025-08-20,history of whoo,history.of.whoo,0
2025-08-20,history of whoo,history_of_whoo,0
2025-08-20,history of whoo,historyofwhoo,0
2025-08-20,hwahae,hwahae,0
2025-08-20,innisfree,innisfree,1
2025-08-20,innotox,innotox,1
2025-08-20,iope,iope,0
2025-08-20,jeuveau,jeuveau,0
2025-08-20,jevegel,jevegel,0
2025-08-20,jolse,jolse,1
2025-08-20,juvelook,juvelook,0
2025-08-20,laneige,laneige,10
2025-08-20,letybo,letybo,0
2025-08-20,madeca,madeca,0
2025-08-20,mamonde,mamonde,0
2025-08-20,manyo,manyo,1
2025-08-20,medicube,medicube,1
2025-08-20,merzy,merzy,0
2025-08-20,mighty patch,mighty patch,0
2025-08-20,mighty patch,mighty-patch,0
2025-08-20,mighty patch,mighty.patch,0
2025-08-20,mighty patch,mighty_patch,0
2025-08-20,mighty patch,mightypatch,0
2025-08-20,missha,missha,4
2025-08-20,mixoon,mixoon,0
2025-08-20,nabota,nabota,0
2025-08-20,newlux,newlux,0
2025-08-20,numbuzin,numbuzin,3
2025-08-20,ohui,ohui,0
2025-08-20,oligio,oligio,0
2025-08-20,olive young,olive young,6
2025-08-20,olive young,olive-young,0
2025-08-20,olive young,olive.young,0
2025-08-20,olive young,olive_young,0
2025-08-20,olive young,oliveyoung,0
2025-08-20,peripera,peripera,5
2025-08-20,potenza,potenza,1
2025-08-20,real barrier,real barrier,1
2025-08-20,real barrier,real-barrier,0
2025-08-20,real barrier,real.barrier,0
2025-08-20,real barrier,real_barrier,0
2025-08-20,real barrier,realbarrier,0
2025-08-20,reedle shot,reedle shot,3
2025-08-20,reedle shot,reedle-shot,0
2025-08-20,reedle shot,reedle.shot,0
2025-08-20,reedle shot,reedle_shot,0
2025-08-20,reedle shot,reedleshot,0
2025-08-20,rejuran,rejuran,1
2025-08-20,rentox,rentox,0
2025-08-20,rom&nd,rom&nd,5
2025-08-20,rom&nd,romnd,0
2025-08-20,round lab,round lab,9
2025-08-20,round lab,round-lab,0
2025-08-20,round lab,round.lab,0
2025-08-20,round lab,round_lab,0
2025-08-20,round lab,roundlab,0
2025-08-20,shurink,shurink,1
2025-08-20,skin1004,skin1004,15
2025-08-20,stylekorean,stylekorean,2
2025-08-20,stylevana,stylevana,3
2025-08-20,sulwhasoo,sulwhasoo,2
2025-08-20,sylfirm,sylfirm,0
2025-08-20,the whoo,the whoo,0
2025-08-20,the whoo,the-whoo,0
2025-08-20,the whoo,the.whoo,0
2025-08-20,the whoo,the_whoo,0
2025-08-20,the whoo,thewhoo,0
2025-08-20,tirtir,tirtir,4
2025-08-20,tonymoly,tonymoly,1
2025-08-20,torriden,torriden,0
2025-08-20,ultraformer,ultraformer,0
2025-08-20,volnewmer,volnewmer,0
2025-08-20,wellage,wellage,0
2025-08-20,yesstyle,yesstyle,16
2025-08-21,a'pieu,a'pieu,1
2025-08-21,a'pieu,a-pieu,0
2025-08-21,a'pieu,a.pieu,0
2025-08-21,a'pieu,a_pieu,0
2025-08-21,a'pieu,ap,2
2025-08-21,a'pieu,apieu,0
2025-08-21,acropass,acropass,0
2025-08-21,age-r,age-r,1
2025-08-21,age-r,age.r,0
2025-08-21,age-r,age_r,0
2025-08-21,age-r,ager,0
2025-08-21,anua,anua,6
2025-08-21,atopalm,atopalm,0
2025-08-21,bbia,bbia,1
2025-08-21,be the skin,be the skin,39
2025-08-21,be the skin,be-the-skin,0
2025-08-21,be the skin,be.the.skin,0
2025-08-21,be the skin,be_the_skin,0
2025-08-21,be the skin,betheskin,0
2025-08-21,beauty of joseon,beauty of joseon,11
2025-08-21,beauty of joseon,beauty-of-joseon,0
2025-08-21,beauty of joseon,beauty.of.joseon,0
2025-08-21,beauty of joseon,beauty_of_joseon,0
2025-08-21,beauty of joseon,beautyofjoseon,0
2025-08-21,belif,belif,1
2025-08-21,biodance,biodance,1
2025-08-21,boncept,boncept,0
2025-08-21,booster pro,booster pro,0
2025-08-21,booster pro,booster-pro,0
2025-08-21,booster pro,booster.pro,0
2025-08-21,booster pro,booster_pro,0
2025-08-21,booster pro,boosterpro,0
2025-08-21,botulax,botulax,0
2025-08-21,cell fusion c,cell fusion c,0
2025-08-21,cell fusion c,cell-fusion-c,0
2025-08-21,cell fusion c,cell.fusion.c,0
2025-08-21,cell fusion c,cell_fusion_c,0
2025-08-21,cell fusion c,cellfusionc,0
2025-08-21,centellian,centellian,0
2025-08-21,coolfase,coolfase,0
2025-08-21,cosrx,cosrx,17
2025-08-21,dalba,dalba,0
2025-08-21,goodal,goodal,0
2025-08-21,hi focus shot,hi focus shot,0
2025-08-21,hi focus shot,hi-focus-shot,0
2025-08-21,hi focus shot,hi.focus.shot,0
2025-08-21,hi focus shot,hi_focus_shot,0
2025-08-21,hi focus shot,hifocusshot,0
2025-08-21,history of whoo,history of whoo,0
2025-08-21,history of whoo,history-of-whoo,0
2025-08-21,history of whoo,history.of.whoo,0
2025-08-21,history of whoo,history_of_whoo,0
2025-08-21,history of whoo,historyofwhoo,0
2025-08-21,hwahae,hwahae,0
2025-08-21,innisfree,innisfree,10
2025-08-21,innotox,innotox,4
2025-08-21,iope,iope,0
2025-08-21,jeuveau,jeuveau,0
2025-08-21,jevegel,jevegel,0
2025-08-21,jolse,jolse,0
2025-08-21,juvelook,juvelook,1
2025-08-21,laneige,laneige,8
2025-08-21,letybo,letybo,0
2025-08-21,madeca,madeca,0
2025-08-21,mamonde,mamonde,0
2025-08-21,manyo,manyo,0
2025-08-21,medicube,medicube,6
2025-08-21,merzy,merzy,0
2025-08-21,mighty patch,mighty patch,0
2025-08-21,mighty patch,mighty-patch,0
2025-08-21,mighty patch,mighty.patch,0
2025-08-21,mighty patch,mighty_patch,0
2025-08-21,mighty patch,mightypatch,0
2025-08-21,missha,missha,1
2025-08-21,mixoon,mixoon,0
2025-08-21,nabota,nabota,0
2025-08-21,newlux,newlux,0
2025-08-21,numbuzin,numbuzin,1
2025-08-21,ohui,ohui,0
2025-08-21,oligio,oligio,0
2025-08-21,olive young,olive young,0
2025-08-21,olive young,olive-young,0
2025-08-21,olive young,olive.young,0
2025-08-21,olive young,olive_young,0
2025-08-21,olive young,oliveyoung,1
2025-08-21,peripera,peripera,2
2025-08-21,potenza,potenza,0
2025-08-21,real barrier,real barrier,2
2025-08-21,real barrier,real-barrier,0
2025-08-21,real barrier,real.barrier,0
2025-08-21,real barrier,real_barrier,0
2025-08-21,real barrier,realbarrier,0
2025-08-21,reedle shot,reedle shot,0
2025-08-21,reedle shot,reedle-shot,0
2025-08-21,reedle shot,reedle.shot,0
2025-08-21,reedle shot,reedle_shot,0
2025-08-21,reedle shot,reedleshot,0
2025-08-21,rejuran,rejuran,3
2025-08-21,rentox,rentox,0
2025-08-21,rom&nd,rom&nd,1
2025-08-21,rom&nd,romnd,0
2025-08-21,round lab,round lab,1
2025-08-21,round lab,round-lab,0
2025-08-21,round lab,round.lab,0
2025-08-21,round lab,round_lab,0
2025-08-21,round lab,roundlab,1
2025-08-21,shurink,shurink,0
2025-08-21,skin1004,skin1004,9
2025-08-21,stylekorean,stylekorean,0
2025-08-21,stylevana,stylevana,1
2025-08-21,sulwhasoo,sulwhasoo,0
2025-08-21,sylfirm,sylfirm,0
2025-08-21,the whoo,the whoo,0
2025-08-21,the whoo,the-whoo,0
2025-08-21,the whoo,the.whoo,0
2025-08-21,the whoo,the_whoo,0
2025-08-21,the whoo,thewhoo,0
2025-08-21,tirtir,tirtir,2
2025-08-21,tonymoly,tonymoly,2
2025-08-21,torriden,torriden,5
2025-08-21,ultraformer,ultraformer,0
2025-08-21,volnewmer,volnewmer,0
2025-08-21,wellage,wellage,0
2025-08-21,yesstyle,yesstyle,8
2025-08-22,a'pieu,a'pieu,2
2025-08-22,a'pieu,a-pieu,0
2025-08-22,a'pieu,a.pieu,0
2025-08-22,a'pieu,a_pieu,0
2025-08-22,a'pieu,ap,1
2025-08-22,a'pieu,apieu,0
2025-08-22,acropass,acropass,0
2025-08-22,age-r,age-r,4
2025-08-22,age-r,age.r,0
2025-08-22,age-r,age_r,0
2025-08-22,age-r,ager,0
2025-08-22,anua,anua,6
2025-08-22,atopalm,atopalm,0
2025-08-22,bbia,bbia,0
2025-08-22,be the skin,be the skin,56
2025-08-22,be the skin,be-the-skin,0
2025-08-22,be the skin,be.the.skin,0
2025-08-22,be the skin,be_the_skin,0
2025-08-22,be the skin,betheskin,0
2025-08-22,beauty of joseon,beauty of joseon,9
2025-08-22,beauty of joseon,beauty-of-joseon,0
2025-08-22,beauty of joseon,beauty.of.joseon,0
2025-08-22,beauty of joseon,beauty_of_joseon,0
2025-08-22,beauty of joseon,beautyofjoseon,0
2025-08-22,belif,belif,0
2025-08-22,biodance,biodance,0
2025-08-22,boncept,boncept,0
2025-08-22,booster pro,booster pro,1
2025-08-22,booster pro,booster-pro,0
2025-08-22,booster pro,booster.pro,0
2025-08-22,booster pro,booster_pro,0
2025-08-22,booster pro,boosterpro,0
2025-08-22,botulax,botulax,0
2025-08-22,cell fusion c,cell fusion c,1
2025-08-22,cell fusion c,cell-fusion-c,0
2025-08-22,cell fusion c,cell.fusion.c,0
2025-08-22,cell fusion c,cell_fusion_c,0
2025-08-22,cell fusion c,cellfusionc,0
2025-08-22,centellian,centellian,0
2025-08-22,coolfase,coolfase,0
2025-08-22,cosrx,cosrx,21
2025-08-22,dalba,dalba,0
2025-08-22,goodal,goodal,2
2025-08-22,hi focus shot,hi focus shot,4
2025-08-22,hi focus shot,hi-focus-shot,0
2025-08-22,hi focus shot,hi.focus.shot,0
2025-08-22,hi focus shot,hi_focus_shot,0
2025-08-22,hi focus shot,hifocusshot,0
2025-08-22,history of whoo,history of whoo,0
2025-08-22,history of whoo,history-of-whoo,0
2025-08-22,history of whoo,history.of.whoo,0
2025-08-22,history of whoo,history_of_whoo,0
2025-08-22,history of whoo,historyofwhoo,0
2025-08-22,hwahae,hwahae,0
2025-08-22,innisfree,innisfree,4
2025-08-22,innotox,innotox,7
2025-08-22,iope,iope,0
2025-08-22,jeuveau,jeuveau,0
2025-08-22,jevegel,jevegel,0
2025-08-22,jolse,jolse,0
2025-08-22,juvelook,juvelook,0
2025-08-22,laneige,laneige,14
2025-08-22,letybo,letybo,0
2025-08-22,madeca,madeca,0
2025-08-22,mamonde,mamonde,0
2025-08-22,manyo,manyo,3
2025-08-22,medicube,medicube,2
2025-08-22,merzy,merzy,0
2025-08-22,mighty patch,mighty patch,2
2025-08-22,mighty patch,mighty-patch,0
2025-08-22,mighty patch,mighty.patch,0
2025-08-22,mighty patch,mighty_patch,0
2025-08-22,mighty patch,mightypatch,0
2025-08-22,missha,missha,1
2025-08-22,mixoon,mixoon,0
2025-08-22,nabota,nabota,0
2025-08-22,newlux,newlux,0
2025-08-22,numbuzin,numbuzin,0
2025-08-22,ohui,ohui,0
2025-08-22,oligio,oligio,0
2025-08-22,olive young,olive young,6
2025-08-22,olive young,olive-young,0
2025-08-22,olive young,olive.young,0
2025-08-22,olive young,olive_young,0
2025-08-22,olive young,oliveyoung,0
2025-08-22,peripera,peripera,2
2025-08-22,potenza,potenza,0
2025-08-22,real barrier,real barrier,2
2025-08-22,real barrier,real-barrier,0
2025-08-22,real barrier,real.barrier,0
2025-08-22,real barrier,real_barrier,0
2025-08-22,real barrier,realbarrier,0
2025-08-22,reedle shot,reedle shot,0
2025-08-22,reedle shot,reedle-shot,0
2025-08-22,reedle shot,reedle.shot,0
2025-08-22,reedle shot,reedle_shot,0
2025-08-22,reedle shot,reedleshot,0
2025-08-22,rejuran,rejuran,3
2025-08-22,rentox,rentox,0
2025-08-22,rom&nd,rom&nd,3
2025-08-22,rom&nd,romnd,0
2025-08-22,round lab,round lab,4
2025-08-22,round lab,round-lab,0
2025-08-22,round lab,round.lab,0
2025-08-22,round lab,round_lab,0
2025-08-22,round lab,roundlab,0
2025-08-22,shurink,shurink,0
2025-08-22,skin1004,skin1004,5
2025-08-22,stylekorean,stylekorean,1
2025-08-22,stylevana,stylevana,3
2025-08-22,sulwhasoo,sulwhasoo,1
2025-08-22,sylfirm,sylfirm,0
2025-08-22,the whoo,the whoo,0
2025-08-22,the whoo,the-whoo,0
2025-08-22,the whoo,the.whoo,0
2025-08-22,the whoo,the_whoo,0
2025-08-22,the whoo,thewhoo,0
2025-08-22,tirtir,tirtir,6
2025-08-22,tonymoly,tonymoly,2
2025-08-22,torriden,torriden,2
2025-08-22,ultraformer,ultraformer,0
2025-08-22,volnewmer,volnewmer,0
2025-08-22,wellage,wellage,0
2025-08-22,yesstyle,yesstyle,12
2025-08-23,a'pieu,a'pieu,3
2025-08-23,a'pieu,a-pieu,0
2025-08-23,a'pieu,a.pieu,0
2025-08-23,a'pieu,a_pieu,0
2025-08-23,a'pieu,ap,2
2025-08-23,a'pieu,apieu,0
2025-08-23,acropass,acropass,0
2025-08-23,age-r,age-r,3
2025-08-23,age-r,age.r,0
2025-08-23,age-r,age_r,0
2025-08-23,age-r,ager,0
2025-08-23,anua,anua,6
2025-08-23,atopalm,atopalm,0
2025-08-23,bbia,bbia,2
2025-08-23,be the skin,be the skin,42
2025-08-23,be the skin,be-the-skin,0
2025-08-23,be the skin,be.the.skin,0
2025-08-23,be the skin,be_the_skin,0
2025-08-23,be the skin,betheskin,0
2025-08-23,beauty of joseon,beauty of joseon,5
2025-08-23,beauty of joseon,beauty-of-joseon,0
2025-08-23,beauty of joseon,beauty.of.joseon,0
2025-08-23,beauty of joseon,beauty_of_joseon,0
2025-08-23,beauty of joseon,beautyofjoseon,0
2025-08-23,belif,belif,0
2025-08-23,biodance,biodance,0
2025-08-23,boncept,boncept,0
2025-08-23,booster pro,booster pro,0
2025-08-23,booster pro,booster-pro,0
2025-08-23,booster pro,booster.pro,0
2025-08-23,booster pro,booster_pro,0
2025-08-23,booster pro,boosterpro,0
2025-08-23,botulax,botulax,0
2025-08-23,cell fusion c,cell fusion c,1
2025-08-23,cell fusion c,cell-fusion-c,0
2025-08-23,cell fusion c,cell.fusion.c,0
2025-08-23,cell fusion c,cell_fusion_c,0
2025-08-23,cell fusion c,cellfusionc,0
2025-08-23,centellian,centellian,0
2025-08-23,coolfase,coolfase,0
2025-08-23,cosrx,cosrx,12
2025-08-23,dalba,dalba,0
2025-08-23,goodal,goodal,2
2025-08-23,hi focus shot,hi focus shot,2
2025-08-23,hi focus shot,hi-focus-shot,0
2025-08-23,hi focus shot,hi.focus.shot,0
2025-08-23,hi focus shot,hi_focus_shot,0
2025-08-23,hi focus shot,hifocusshot,0
2025-08-23,history of whoo,history of whoo,0
2025-08-23,history of whoo,history-of-whoo,0
2025-08-23,history of whoo,history.of.whoo,0
2025-08-23,history of whoo,history_of_whoo,0
2025-08-23,history of whoo,historyofwhoo,0
2025-08-23,hwahae,hwahae,0
2025-08-23,innisfree,innisfree,5
2025-08-23,innotox,innotox,1
2025-08-23,iope,iope,0
2025-08-23,jeuveau,jeuveau,0
2025-08-23,jevegel,jevegel,0
2025-08-23,jolse,jolse,0
2025-08-23,juvelook,juvelook,0
2025-08-23,laneige,laneige,14
2025-08-23,letybo,letybo,0
2025-08-23,madeca,madeca,0
2025-08-23,mamonde,mamonde,0
2025-08-23,manyo,manyo,1
2025-08-23,medicube,medicube,4
2025-08-23,merzy,merzy,1
2025-08-23,mighty patch,mighty patch,2
2025-08-23,mighty patch,mighty-patch,0
2025-08-23,mighty patch,mighty.patch,0
2025-08-23,mighty patch,mighty_patch,0
2025-08-23,mighty patch,mightypatch,0
2025-08-23,missha,missha,0
2025-08-23,mixoon,mixoon,0
2025-08-23,nabota,nabota,0
2025-08-23,newlux,newlux,0
2025-08-23,numbuzin,numbuzin,3
2025-08-23,ohui,ohui,0
2025-08-23,oligio,oligio,0
2025-08-23,olive young,olive young,8
2025-08-23,olive young,olive-young,0
2025-08-23,olive young,olive.young,0
2025-08-23,olive young,olive_young,0
2025-08-23,olive young,oliveyoung,0
2025-08-23,peripera,peripera,4
2025-08-23,potenza,potenza,0
2025-08-23,real barrier,real barrier,1
2025-08-23,real barrier,real-barrier,0
2025-08-23,real barrier,real.barrier,0
2025-08-23,real barrier,real_barrier,0
2025-08-23,real barrier,realbarrier,0
2025-08-23,reedle shot,reedle shot,2
2025-08-23,reedle shot,reedle-shot,0
2025-08-23,reedle shot,reedle.shot,0
2025-08-23,reedle shot,reedle_shot,0
2025-08-23,reedle shot,reedleshot,0
2025-08-23,rejuran,rejuran,3
2025-08-23,rentox,rentox,0
2025-08-23,rom&nd,rom&nd,1
2025-08-23,rom&nd,romnd,0
2025-08-23,round lab,round lab,4
2025-08-23,round lab,round-lab,0
2025-08-23,round lab,round.lab,0
2025-08-23,round lab,round_lab,0
2025-08-23,round lab,roundlab,0
2025-08-23,shurink,shurink,0
2025-08-23,skin1004,skin1004,2
2025-08-23,stylekorean,stylekorean,0
2025-08-23,stylevana,stylevana,2
2025-08-23,sulwhasoo,sulwhasoo,1
2025-08-23,sylfirm,sylfirm,0
2025-08-23,the whoo,the whoo,0
2025-08-23,the whoo,the-whoo,0
2025-08-23,the whoo,the.whoo,0
2025-08-23,the whoo,the_whoo,0
2025-08-23,the whoo,thewhoo,0
2025-08-23,tirtir,tirtir,5
2025-08-23,tonymoly,tonymoly,0
2025-08-23,torriden,torriden,5
2025-08-23,ultraformer,ultraformer,0
2025-08-23,volnewmer,volnewmer,0
2025-08-23,wellage,wellage,0
2025-08-23,yesstyle,yesstyle,10
2025-08-24,a'pieu,a'pieu,1
2025-08-24,a'pieu,a-pieu,0
2025-08-24,a'pieu,a.pieu,0
2025-08-24,a'pieu,a_pieu,0
2025-08-24,a'pieu,ap,0
2025-08-24,a'pieu,apieu,0
2025-08-24,acropass,acropass,0
2025-08-24,age-r,age-r,2
2025-08-24,age-r,age.r,0
2025-08-24,age-r,age_r,0
2025-08-24,age-r,ager,0
2025-08-24,anua,anua,11
2025-08-24,atopalm,atopalm,0
2025-08-24,bbia,bbia,0
2025-08-24,be the skin,be the skin,42
2025-08-24,be the skin,be-the-skin,0
2025-08-24,be the skin,be.the.skin,0
2025-08-24,be the skin,be_the_skin,0
2025-08-24,be the skin,betheskin,0
2025-08-24,beauty of joseon,beauty of joseon,9
2025-08-24,beauty of joseon,beauty-of-joseon,0
2025-08-24,beauty of joseon,beauty.of.joseon,0
2025-08-24,beauty of joseon,beauty_of_joseon,0
2025-08-24,beauty of joseon,beautyofjoseon,0
2025-08-24,belif,belif,0
2025-08-24,biodance,biodance,0
2025-08-24,boncept,boncept,0
2025-08-24,booster pro,booster pro,0
2025-08-24,booster pro,booster-pro,0
2025-08-24,booster pro,booster.pro,0
2025-08-24,booster pro,booster_pro,0
2025-08-24,booster pro,boosterpro,0
2025-08-24,botulax,botulax,0
2025-08-24,cell fusion c,cell fusion c,1
2025-08-24,cell fusion c,cell-fusion-c,0
2025-08-24,cell fusion c,cell.fusion.c,0
2025-08-24,cell fusion c,cell_fusion_c,0
2025-08-24,cell fusion c,cellfusionc,0
2025-08-24,centellian,centellian,0
2025-08-24,coolfase,coolfase,0
2025-08-24,cosrx,cosrx,7
2025-08-24,dalba,dalba,0
2025-08-24,goodal,goodal,0
2025-08-24,hi focus shot,hi focus shot,1
2025-08-24,hi focus shot,hi-focus-shot,0
2025-08-24,hi focus shot,hi.focus.shot,0
2025-08-24,hi focus shot,hi_focus_shot,0
2025-08-24,hi focus shot,hifocusshot,0
2025-08-24,history of whoo,history of whoo,0
2025-08-24,history of whoo,history-of-whoo,0
2025-08-24,history of whoo,history.of.whoo,0
2025-08-24,history of whoo,history_of_whoo,0
2025-08-24,history of whoo,historyofwhoo,0
2025-08-24,hwahae,hwahae,0
2025-08-24,innisfree,innisfree,4
2025-08-24,innotox,innotox,1
2025-08-24,iope,iope,1
2025-08-24,jeuveau,jeuveau,0
2025-08-24,jevegel,jevegel,0
2025-08-24,jolse,jolse,0
2025-08-24,juvelook,juvelook,1
2025-08-24,laneige,laneige,5
2025-08-24,letybo,letybo,0
2025-08-24,madeca,madeca,0
2025-08-24,mamonde,mamonde,0
2025-08-24,manyo,manyo,0
2025-08-24,medicube,medicube,1
2025-08-24,merzy,merzy,0
2025-08-24,mighty patch,mighty patch,0
2025-08-24,mighty patch,mighty-patch,0
2025-08-24,mighty patch,mighty.patch,0
2025-08-24,mighty patch,mighty_patch,0
2025-08-24,mighty patch,mightypatch,0
2025-08-24,missha,missha,2
2025-08-24,mixoon,mixoon,0
2025-08-24,nabota,nabota,0
2025-08-24,newlux,newlux,0
2025-08-24,numbuzin,numbuzin,3
2025-08-24,ohui,ohui,0
2025-08-24,oligio,oligio,0
2025-08-24,olive young,olive young,4
2025-08-24,olive young,olive-young,0
2025-08-24,olive young,olive.young,0
2025-08-24,olive young,olive_young,0
2025-08-24,olive young,oliveyoung,1
2025-08-24,peripera,peripera,2
2025-08-24,potenza,potenza,0
2025-08-24,real barrier,real barrier,1
2025-08-24,real barrier,real-barrier,0
2025-08-24,real barrier,real.barrier,0
2025-08-24,real barrier,real_barrier,0
2025-08-24,real barrier,realbarrier,0
2025-08-24,reedle shot,reedle shot,0
2025-08-24,reedle shot,reedle-shot,0
2025-08-24,reedle shot,reedle.shot,0
2025-08-24,reedle shot,reedle_shot,0
2025-08-24,reedle shot,reedleshot,0
2025-08-24,rejuran,rejuran,1
2025-08-24,rentox,rentox,0
2025-08-24,rom&nd,rom&nd,2
2025-08-24,rom&nd,romnd,0
2025-08-24,round lab,round lab,6
2025-08-24,round lab,round-lab,0
2025-08-24,round lab,round.lab,0
2025-08-24,round lab,round_lab,0
2025-08-24,round lab,roundlab,1
2025-08-24,shurink,shurink,0
2025-08-24,skin1004,skin1004,5
2025-08-24,stylekorean,stylekorean,4
2025-08-24,stylevana,stylevana,1
2025-08-24,sulwhasoo,sulwhasoo,2
2025-08-24,sylfirm,sylfirm,0
2025-08-24,the whoo,the whoo,0
2025-08-24,the whoo,the-whoo,0
2025-08-24,the whoo,the.whoo,0
2025-08-24,the whoo,the_whoo,0
2025-08-24,the whoo,thewhoo,0
2025-08-24,tirtir,tirtir,3
2025-08-24,tonymoly,tonymoly,1
2025-08-24,torriden,torriden,1
2025-08-24,ultraformer,ultraformer,0
2025-08-24,volnewmer,volnewmer,0
2025-08-24,wellage,wellage,0
2025-08-24,yesstyle,yesstyle,13
2025-08-25,a'pieu,a'pieu,0
2025-08-25,a'pieu,a-pieu,0
2025-08-25,a'pieu,a.pieu,0
2025-08-25,a'pieu,a_pieu,0
2025-08-25,a'pieu,ap,0
2025-08-25,a'pieu,apieu,0
2025-08-25,acropass,acropass,0
2025-08-25,age-r,age-r,1
2025-08-25,age-r,age.r,0
2025-08-25,age-r,age_r,0
2025-08-25,age-r,ager,0
2025-08-25,anua,anua,8
2025-08-25,atopalm,atopalm,0
2025-08-25,bbia,bbia,0
2025-08-25,be the skin,be the skin,43
2025-08-25,be the skin,be-the-skin,0
2025-08-25,be the skin,be.the.skin,0
2025-08-25,be the skin,be_the_skin,0
2025-08-25,be the skin,betheskin,0
2025-08-25,beauty of joseon,beauty of joseon,8
2025-08-25,beauty of joseon,beauty-of-joseon,0
2025-08-25,beauty of joseon,beauty.of.joseon,0
2025-08-25,beauty of joseon,beauty_of_joseon,0
2025-08-25,beauty of joseon,beautyofjoseon,0
2025-08-25,belif,belif,0
2025-08-25,biodance,biodance,1
2025-08-25,boncept,boncept,0
2025-08-25,booster pro,booster pro,0
2025-08-25,booster pro,booster-pro,0
2025-08-25,booster pro,booster.pro,0
2025-08-25,booster pro,booster_pro,0
2025-08-25,booster pro,boosterpro,0
2025-08-25,botulax,botulax,0
2025-08-25,cell fusion c,cell fusion c,0
2025-08-25,cell fusion c,cell-fusion-c,0
2025-08-25,cell fusion c,cell.fusion.c,0
2025-08-25,cell fusion c,cell_fusion_c,0
2025-08-25,cell fusion c,cellfusionc,0
2025-08-25,centellian,centellian,0
2025-08-25,coolfase,coolfase,0
2025-08-25,cosrx,cosrx,16
2025-08-25,dalba,dalba,0
2025-08-25,goodal,goodal,3
2025-08-25,hi focus shot,hi focus shot,1
2025-08-25,hi focus shot,hi-focus-shot,0
2025-08-25,hi focus shot,hi.focus.shot,0
2025-08-25,hi focus shot,hi_focus_shot,0
2025-08-25,hi focus shot,hifocusshot,0
2025-08-25,history of whoo,history of whoo,1
2025-08-25,history of whoo,history-of-whoo,0
2025-08-25,history of whoo,history.of.whoo,0
2025-08-25,history of whoo,history_of_whoo,0
2025-08-25,history of whoo,historyofwhoo,0
2025-08-25,hwahae,hwahae,0
2025-08-25,innisfree,innisfree,5
2025-08-25,innotox,innotox,2
2025-08-25,iope,iope,0
2025-08-25,jeuveau,jeuveau,0
2025-08-25,jevegel,jevegel,0
2025-08-25,jolse,jolse,0
2025-08-25,juvelook,juvelook,0
2025-08-25,laneige,laneige,9
2025-08-25,letybo,letybo,0
2025-08-25,madeca,madeca,0
2025-08-25,mamonde,mamonde,0
2025-08-25,manyo,manyo,1
2025-08-25,medicube,medicube,2
2025-08-25,merzy,merzy,0
2025-08-25,mighty patch,mighty patch,0
2025-08-25,mighty patch,mighty-patch,0
2025-08-25,mighty patch,mighty.patch,0
2025-08-25,mighty patch,mighty_patch,0
2025-08-25,mighty patch,mightypatch,0
2025-08-25,missha,missha,2
2025-08-25,mixoon,mixoon,0
2025-08-25,nabota,nabota,0
2025-08-25,newlux,newlux,0
2025-08-25,numbuzin,numbuzin,4
2025-08-25,ohui,ohui,0
2025-08-25,oligio,oligio,0
2025-08-25,olive young,olive young,10
2025-08-25,olive young,olive-young,0
2025-08-25,olive young,olive.young,0
2025-08-25,olive young,olive_young,0
2025-08-25,olive young,oliveyoung,0
2025-08-25,peripera,peripera,0
2025-08-25,potenza,potenza,0
2025-08-25,real barrier,real barrier,1
2025-08-25,real barrier,real-barrier,0
2025-08-25,real barrier,real.barrier,0
2025-08-25,real barrier,real_barrier,0
2025-08-25,real barrier,realbarrier,0
2025-08-25,reedle shot,reedle shot,1
2025-08-25,reedle shot,reedle-shot,0
2025-08-25,reedle shot,reedle.shot,0
2025-08-25,reedle shot,reedle_shot,0
2025-08-25,reedle shot,reedleshot,0
2025-08-25,rejuran,rejuran,2
2025-08-25,rentox,rentox,0
2025-08-25,rom&nd,rom&nd,1
2025-08-25,rom&nd,romnd,0
2025-08-25,round lab,round lab,5
2025-08-25,round lab,round-lab,0
2025-08-25,round lab,round.lab,0
2025-08-25,round lab,round_lab,0
2025-08-25,round lab,roundlab,0
2025-08-25,shurink,shurink,0
2025-08-25,skin1004,skin1004,11
2025-08-25,stylekorean,stylekorean,4
2025-08-25,stylevana,stylevana,0
2025-08-25,sulwhasoo,sulwhasoo,2
2025-08-25,sylfirm,sylfirm,0
2025-08-25,the whoo,the whoo,1
2025-08-25,the whoo,the-whoo,0
2025-08-25,the whoo,the.whoo,0
2025-08-25,the whoo,the_whoo,0
2025-08-25,the whoo,thewhoo,0
2025-08-25,tirtir,tirtir,3
2025-08-25,tonymoly,tonymoly,3
2025-08-25,torriden,torriden,1
2025-08-25,ultraformer,ultraformer,0
2025-08-25,volnewmer,volnewmer,0
2025-08-25,wellage,wellage,0
2025-08-25,yesstyle,yesstyle,8
2025-08-26,a'pieu,a'pieu,2
2025-08-26,a'pieu,a-pieu,0
2025-08-26,a'pieu,a.pieu,0
2025-08-26,a'pieu,a_pieu,0
2025-08-26,a'pieu,ap,0
2025-08-26,a'pieu,apieu,0
2025-08-26,acropass,acropass,0
2025-08-26,age-r,age-r,3
2025-08-26,age-r,age.r,0
2025-08-26,age-r,age_r,0
2025-08-26,age-r,ager,0
2025-08-26,anua,anua,6
2025-08-26,atopalm,atopalm,0
2025-08-26,bbia,bbia,2
2025-08-26,be the skin,be the skin,39
2025-08-26,be the skin,be-the-skin,0
2025-08-26,be the skin,be.the.skin,0
2025-08-26,be the skin,be_the_skin,0
2025-08-26,be the skin,betheskin,0
2025-08-26,beauty of joseon,beauty of joseon,10
2025-08-26,beauty of joseon,beauty-of-joseon,0
2025-08-26,beauty of joseon,beauty.of.joseon,0
2025-08-26,beauty of joseon,beauty_of_joseon,0
2025-08-26,beauty of joseon,beautyofjoseon,0
2025-08-26,belif,belif,1
2025-08-26,biodance,biodance,0
2025-08-26,boncept,boncept,0
2025-08-26,booster pro,booster pro,0
2025-08-26,booster pro,booster-pro,0
2025-08-26,booster pro,booster.pro,0
2025-08-26,booster pro,booster_pro,0
2025-08-26,booster pro,boosterpro,0
2025-08-26,botulax,botulax,1
2025-08-26,cell fusion c,cell fusion c,0
2025-08-26,cell fusion c,cell-fusion-c,0
2025-08-26,cell fusion c,cell.fusion.c,0
2025-08-26,cell fusion c,cell_fusion_c,0
2025-08-26,cell fusion c,cellfusionc,0
2025-08-26,centellian,centellian,0
2025-08-26,coolfase,coolfase,0
2025-08-26,cosrx,cosrx,17
2025-08-26,dalba,dalba,0
2025-08-26,goodal,goodal,0
2025-08-26,hi focus shot,hi focus shot,0
2025-08-26,hi focus shot,hi-focus-shot,0
2025-08-26,hi focus shot,hi.focus.shot,0
2025-08-26,hi focus shot,hi_focus_shot,0
2025-08-26,hi focus shot,hifocusshot,0
2025-08-26,history of whoo,history of whoo,0
2025-08-26,history of whoo,history-of-whoo,0
2025-08-26,history of whoo,history.of.whoo,0
2025-08-26,history of whoo,history_of_whoo,0
2025-08-26,history of whoo,historyofwhoo,0
2025-08-26,hwahae,hwahae,0
2025-08-26,innisfree,innisfree,3
2025-08-26,innotox,innotox,1
2025-08-26,iope,iope,0
2025-08-26,jeuveau,jeuveau,0
2025-08-26,jevegel,jevegel,0
2025-08-26,jolse,jolse,0
2025-08-26,juvelook,juvelook,0
2025-08-26,laneige,laneige,14
2025-08-26,letybo,letybo,0
2025-08-26,madeca,madeca,1
2025-08-26,mamonde,mamonde,1
2025-08-26,manyo,manyo,0
2025-08-26,medicube,medicube,7
2025-08-26,merzy,merzy,0
2025-08-26,mighty patch,mighty patch,0
2025-08-26,mighty patch,mighty-patch,0
2025-08-26,mighty patch,mighty.patch,0
2025-08-26,mighty patch,mighty_patch,0
2025-08-26,mighty patch,mightypatch,0
2025-08-26,missha,missha,2
2025-08-26,mixoon,mixoon,0
2025-08-26,nabota,nabota,0
2025-08-26,newlux,newlux,0
2025-08-26,numbuzin,numbuzin,4
2025-08-26,ohui,ohui,0
2025-08-26,oligio,oligio,0
2025-08-26,olive young,olive young,7
2025-08-26,olive young,olive-young,0
2025-08-26,olive young,olive.young,0
2025-08-26,olive young,olive_young,0
2025-08-26,olive young,oliveyoung,0
2025-08-26,peripera,peripera,1
2025-08-26,potenza,potenza,0
2025-08-26,real barrier,real barrier,0
2025-08-26,real barrier,real-barrier,0
2025-08-26,real barrier,real.barrier,0
2025-08-26,real barrier,real_barrier,0
2025-08-26,real barrier,realbarrier,0
2025-08-26,reedle shot,reedle shot,2
2025-08-26,reedle shot,reedle-shot,0
2025-08-26,reedle shot,reedle.shot,0
2025-08-26,reedle shot,reedle_shot,0
2025-08-26,reedle shot,reedleshot,0
2025-08-26,rejuran,rejuran,3
2025-08-26,rentox,rentox,0
2025-08-26,rom&nd,rom&nd,4
2025-08-26,rom&nd,romnd,0
2025-08-26,round lab,round lab,6
2025-08-26,round lab,round-lab,0
2025-08-26,round lab,round.lab,0
2025-08-26,round lab,round_lab,0
2025-08-26,round lab,roundlab,1
2025-08-26,shurink,shurink,1
2025-08-26,skin1004,skin1004,10
2025-08-26,stylekorean,stylekorean,1
2025-08-26,stylevana,stylevana,2
2025-08-26,sulwhasoo,sulwhasoo,1
2025-08-26,sylfirm,sylfirm,0
2025-08-26,the whoo,the whoo,0
2025-08-26,the whoo,the-whoo,0
2025-08-26,the whoo,the.whoo,0
2025-08-26,the whoo,the_whoo,0
2025-08-26,the whoo,thewhoo,0
2025-08-26,tirtir,tirtir,6
2025-08-26,tonymoly,tonymoly,1
2025-08-26,torriden,torriden,2
2025-08-26,ultraformer,ultraformer,0
2025-08-26,volnewmer,volnewmer,0
2025-08-26,wellage,wellage,0
2025-08-26,yesstyle,yesstyle,15
2025-08-27,a'pieu,a'pieu,1
2025-08-27,a'pieu,a-pieu,0
2025-08-27,a'pieu,a.pieu,0
2025-08-27,a'pieu,a_pieu,0
2025-08-27,a'pieu,ap,1
2025-08-27,a'pieu,apieu,0
2025-08-27,acropass,acropass,0
2025-08-27,age-r,age-r,1
2025-08-27,age-r,age.r,0
2025-08-27,age-r,age_r,0
2025-08-27,age-r,ager,0
2025-08-27,anua,anua,9
2025-08-27,atopalm,atopalm,0
2025-08-27,bbia,bbia,1
2025-08-27,be the skin,be the skin,36
2025-08-27,be the skin,be-the-skin,0
2025-08-27,be the skin,be.the.skin,0
2025-08-27,be the skin,be_the_skin,0
2025-08-27,be the skin,betheskin,0
2025-08-27,beauty of joseon,beauty of joseon,10
2025-08-27,beauty of joseon,beauty-of-joseon,0
2025-08-27,beauty of joseon,beauty.of.joseon,0
2025-08-27,beauty of joseon,beauty_of_joseon,0
2025-08-27,beauty of joseon,beautyofjoseon,0
2025-08-27,belif,belif,0
2025-08-27,biodance,biodance,1
2025-08-27,boncept,boncept,0
2025-08-27,booster pro,booster pro,0
2025-08-27,booster pro,booster-pro,0
2025-08-27,booster pro,booster.pro,0
2025-08-27,booster pro,booster_pro,0
2025-08-27,booster pro,boosterpro,0
2025-08-27,botulax,botulax,0
2025-08-27,cell fusion c,cell fusion c,0
2025-08-27,cell fusion c,cell-fusion-c,0
2025-08-27,cell fusion c,cell.fusion.c,0
2025-08-27,cell fusion c,cell_fusion_c,0
2025-08-27,cell fusion c,cellfusionc,0
2025-08-27,centellian,centellian,0
2025-08-27,coolfase,coolfase,0
2025-08-27,cosrx,cosrx,10
2025-08-27,dalba,dalba,0
2025-08-27,goodal,goodal,0
2025-08-27,hi focus shot,hi focus shot,0
2025-08-27,hi focus shot,hi-focus-shot,0
2025-08-27,hi focus shot,hi.focus.shot,0
2025-08-27,hi focus shot,hi_focus_shot,0
2025-08-27,hi focus shot,hifocusshot,0
2025-08-27,history of whoo,history of whoo,0
2025-08-27,history of whoo,history-of-whoo,0
2025-08-27,history of whoo,history.of.whoo,0
2025-08-27,history of whoo,history_of_whoo,0
2025-08-27,history of whoo,historyofwhoo,0
2025-08-27,hwahae,hwahae,0
2025-08-27,innisfree,innisfree,4
2025-08-27,innotox,innotox,1
2025-08-27,iope,iope,0
2025-08-27,jeuveau,jeuveau,0
2025-08-27,jevegel,jevegel,0
2025-08-27,jolse,jolse,0
2025-08-27,juvelook,juvelook,1
2025-08-27,laneige,laneige,4
2025-08-27,letybo,letybo,0
2025-08-27,madeca,madeca,0
2025-08-27,mamonde,mamonde,1
2025-08-27,manyo,manyo,1
2025-08-27,medicube,medicube,5
2025-08-27,merzy,merzy,0
2025-08-27,mighty patch,mighty patch,0
2025-08-27,mighty patch,mighty-patch,0
2025-08-27,mighty patch,mighty.patch,0
2025-08-27,mighty patch,mighty_patch,0
2025-08-27,mighty patch,mightypatch,0
2025-08-27,missha,missha,2
2025-08-27,mixoon,mixoon,0
2025-08-27,nabota,nabota,0
2025-08-27,newlux,newlux,0
2025-08-27,numbuzin,numbuzin,1
2025-08-27,ohui,ohui,0
2025-08-27,oligio,oligio,0
2025-08-27,olive young,olive young,4
2025-08-27,olive young,olive-young,0
2025-08-27,olive young,olive.young,0
2025-08-27,olive young,olive_young,0
2025-08-27,olive young,oliveyoung,0
2025-08-27,peripera,peripera,2
2025-08-27,potenza,potenza,1
2025-08-27,real barrier,real barrier,1
2025-08-27,real barrier,real-barrier,0
2025-08-27,real barrier,real.barrier,0
2025-08-27,real barrier,real_barrier,0
2025-08-27,real barrier,realbarrier,0
2025-08-27,reedle shot,reedle shot,2
2025-08-27,reedle shot,reedle-shot,0
2025-08-27,reedle shot,reedle.shot,0
2025-08-27,reedle shot,reedle_shot,0
2025-08-27,reedle shot,reedleshot,0
2025-08-27,rejuran,rejuran,1
2025-08-27,rentox,rentox,0
2025-08-27,rom&nd,rom&nd,1
2025-08-27,rom&nd,romnd,0
2025-08-27,round lab,round lab,4
2025-08-27,round lab,round-lab,0
2025-08-27,round lab,round.lab,0
2025-08-27,round lab,round_lab,0
2025-08-27,round lab,roundlab,2
2025-08-27,shurink,shurink,0
2025-08-27,skin1004,skin1004,5
2025-08-27,stylekorean,stylekorean,1
2025-08-27,stylevana,stylevana,1
2025-08-27,sulwhasoo,sulwhasoo,1
2025-08-27,sylfirm,sylfirm,0
2025-08-27,the whoo,the whoo,0
2025-08-27,the whoo,the-whoo,0
2025-08-27,the whoo,the.whoo,0
2025-08-27,the whoo,the_whoo,0
2025-08-27,the whoo,thewhoo,0
2025-08-27,tirtir,tirtir,2
2025-08-27,tonymoly,tonymoly,0
2025-08-27,torriden,torriden,1
2025-08-27,ultraformer,ultraformer,0
2025-08-27,volnewmer,volnewmer,0
2025-08-27,wellage,wellage,0
2025-08-27,yesstyle,yesstyle,11
2025-08-28,a'pieu,a'pieu,1
2025-08-28,a'pieu,a-pieu,1
2025-08-28,a'pieu,a.pieu,0
2025-08-28,a'pieu,a_pieu,0
2025-08-28,a'pieu,ap,1
2025-08-28,a'pieu,apieu,0
2025-08-28,acropass,acropass,0
2025-08-28,age-r,age-r,1
2025-08-28,age-r,age.r,0
2025-08-28,age-r,age_r,0
2025-08-28,age-r,ager,0
2025-08-28,anua,anua,11
2025-08-28,atopalm,atopalm,0
2025-08-28,bbia,bbia,1
2025-08-28,be the skin,be the skin,45
2025-08-28,be the skin,be-the-skin,0
2025-08-28,be the skin,be.the.skin,0
2025-08-28,be the skin,be_the_skin,0
2025-08-28,be the skin,betheskin,0
2025-08-28,beauty of joseon,beauty of joseon,10
2025-08-28,beauty of joseon,beauty-of-joseon,0
2025-08-28,beauty of joseon,beauty.of.joseon,0
2025-08-28,beauty of joseon,beauty_of_joseon,0
2025-08-28,beauty of joseon,beautyofjoseon,0
2025-08-28,belif,belif,0
2025-08-28,biodance,biodance,0
2025-08-28,boncept,boncept,0
2025-08-28,booster pro,booster pro,0
2025-08-28,booster pro,booster-pro,0
2025-08-28,booster pro,booster.pro,0
2025-08-28,booster pro,booster_pro,0
2025-08-28,booster pro,boosterpro,0
2025-08-28,botulax,botulax,0
2025-08-28,cell fusion c,cell fusion c,1
2025-08-28,cell fusion c,cell-fusion-c,0
2025-08-28,cell fusion c,cell.fusion.c,0
2025-08-28,cell fusion c,cell_fusion_c,0
2025-08-28,cell fusion c,cellfusionc,0
2025-08-28,centellian,centellian,0
2025-08-28,coolfase,coolfase,0
2025-08-28,cosrx,cosrx,8
2025-08-28,dalba,dalba,1
2025-08-28,goodal,goodal,0
2025-08-28,hi focus shot,hi focus shot,2
2025-08-28,hi focus shot,hi-focus-shot,0
2025-08-28,hi focus shot,hi.focus.shot,0
2025-08-28,hi focus shot,hi_focus_shot,0
2025-08-28,hi focus shot,hifocusshot,0
2025-08-28,history of whoo,history of whoo,0
2025-08-28,history of whoo,history-of-whoo,0
2025-08-28,history of whoo,history.of.whoo,0
2025-08-28,history of whoo,history_of_whoo,0
2025-08-28,history of whoo,historyofwhoo,0
2025-08-28,hwahae,hwahae,0
2025-08-28,innisfree,innisfree,3
2025-08-28,innotox,innotox,0
2025-08-28,iope,iope,0
2025-08-28,jeuveau,jeuveau,0
2025-08-28,jevegel,jevegel,0
2025-08-28,jolse,jolse,0
2025-08-28,juvelook,juvelook,0
2025-08-28,laneige,laneige,11
2025-08-28,letybo,letybo,0
2025-08-28,madeca,madeca,0
2025-08-28,mamonde,mamonde,0
2025-08-28,manyo,manyo,0
2025-08-28,medicube,medicube,5
2025-08-28,merzy,merzy,0
2025-08-28,mighty patch,mighty patch,0
2025-08-28,mighty patch,mighty-patch,0
2025-08-28,mighty patch,mighty.patch,0
2025-08-28,mighty patch,mighty_patch,0
2025-08-28,mighty patch,mightypatch,0
2025-08-28,missha,missha,1
2025-08-28,mixoon,mixoon,0
2025-08-28,nabota,nabota,0
2025-08-28,newlux,newlux,0
2025-08-28,numbuzin,numbuzin,1
2025-08-28,ohui,ohui,0
2025-08-28,oligio,oligio,0
2025-08-28,olive young,olive young,7
2025-08-28,olive young,olive-young,0
2025-08-28,olive young,olive.young,0
2025-08-28,olive young,olive_young,0
2025-08-28,olive young,oliveyoung,0
2025-08-28,peripera,peripera,3
2025-08-28,potenza,potenza,0
2025-08-28,real barrier,real barrier,0
2025-08-28,real barrier,real-barrier,0
2025-08-28,real barrier,real.barrier,0
2025-08-28,real barrier,real_barrier,0
2025-08-28,real barrier,realbarrier,0
2025-08-28,reedle shot,reedle shot,1
2025-08-28,reedle shot,reedle-shot,0
2025-08-28,reedle shot,reedle.shot,0
2025-08-28,reedle shot,reedle_shot,0
2025-08-28,reedle shot,reedleshot,0
2025-08-28,rejuran,rejuran,1
2025-08-28,rentox,rentox,0
2025-08-28,rom&nd,rom&nd,1
2025-08-28,rom&nd,romnd,0
2025-08-28,round lab,round lab,4
2025-08-28,round lab,round-lab,0
2025-08-28,round lab,round.lab,0
2025-08-28,round lab,round_lab,0
2025-08-28,round lab,roundlab,1
2025-08-28,shurink,shurink,1
2025-08-28,skin1004,skin1004,9
2025-08-28,stylekorean,stylekorean,0
2025-08-28,stylevana,stylevana,1
2025-08-28,sulwhasoo,sulwhasoo,2
2025-08-28,sylfirm,sylfirm,0
2025-08-28,the whoo,the whoo,0
2025-08-28,the whoo,the-whoo,0
2025-08-28,the whoo,the.whoo,0
2025-08-28,the whoo,the_whoo,0
2025-08-28,the whoo,thewhoo,0
2025-08-28,tirtir,tirtir,2
2025-08-28,tonymoly,tonymoly,1
2025-08-28,torriden,torriden,1
2025-08-28,ultraformer,ultraformer,0
2025-08-28,volnewmer,volnewmer,0
2025-08-28,wellage,wellage,0
2025-08-28,yesstyle,yesstyle,5
2025-08-29,a'pieu,a'pieu,1
2025-08-29,a'pieu,a-pieu,0
2025-08-29,a'pieu,a.pieu,0
2025-08-29,a'pieu,a_pieu,0
2025-08-29,a'pieu,ap,0
2025-08-29,a'pieu,apieu,0
2025-08-29,acropass,acropass,0
2025-08-29,age-r,age-r,1
2025-08-29,age-r,age.r,0
2025-08-29,age-r,age_r,0
2025-08-29,age-r,ager,0
2025-08-29,anua,anua,17
2025-08-29,atopalm,atopalm,0
2025-08-29,bbia,bbia,1
2025-08-29,be the skin,be the skin,47
2025-08-29,be the skin,be-the-skin,0
2025-08-29,be the skin,be.the.skin,0
2025-08-29,be the skin,be_the_skin,0
2025-08-29,be the skin,betheskin,0
2025-08-29,beauty of joseon,beauty of joseon,7
2025-08-29,beauty of joseon,beauty-of-joseon,0
2025-08-29,beauty of joseon,beauty.of.joseon,0
2025-08-29,beauty of joseon,beauty_of_joseon,0
2025-08-29,beauty of joseon,beautyofjoseon,0
2025-08-29,belif,belif,0
2025-08-29,biodance,biodance,1
2025-08-29,boncept,boncept,0
2025-08-29,booster pro,booster pro,0
2025-08-29,booster pro,booster-pro,0
2025-08-29,booster pro,booster.pro,0
2025-08-29,booster pro,booster_pro,0
2025-08-29,booster pro,boosterpro,0
2025-08-29,botulax,botulax,0
2025-08-29,cell fusion c,cell fusion c,1
2025-08-29,cell fusion c,cell-fusion-c,0
2025-08-29,cell fusion c,cell.fusion.c,0
2025-08-29,cell fusion c,cell_fusion_c,0
2025-08-29,cell fusion c,cellfusionc,0
2025-08-29,centellian,centellian,0
2025-08-29,coolfase,coolfase,0
2025-08-29,cosrx,cosrx,10
2025-08-29,dalba,dalba,1
2025-08-29,goodal,goodal,2
2025-08-29,hi focus shot,hi focus shot,1
2025-08-29,hi focus shot,hi-focus-shot,0
2025-08-29,hi focus shot,hi.focus.shot,0
2025-08-29,hi focus shot,hi_focus_shot,0
2025-08-29,hi focus shot,hifocusshot,0
2025-08-29,history of whoo,history of whoo,0
2025-08-29,history of whoo,history-of-whoo,0
2025-08-29,history of whoo,history.of.whoo,0
2025-08-29,history of whoo,history_of_whoo,0
2025-08-29,history of whoo,historyofwhoo,0
2025-08-29,hwahae,hwahae,0
2025-08-29,innisfree,innisfree,6
2025-08-29,innotox,innotox,6
2025-08-29,iope,iope,0
2025-08-29,jeuveau,jeuveau,0
2025-08-29,jevegel,jevegel,0
2025-08-29,jolse,jolse,2
2025-08-29,juvelook,juvelook,0
2025-08-29,laneige,laneige,11
2025-08-29,letybo,letybo,1
2025-08-29,madeca,madeca,0
2025-08-29,mamonde,mamonde,0
2025-08-29,manyo,manyo,1
2025-08-29,medicube,medicube,6
2025-08-29,merzy,merzy,0
2025-08-29,mighty patch,mighty patch,0
2025-08-29,mighty patch,mighty-patch,0
2025-08-29,mighty patch,mighty.patch,0
2025-08-29,mighty patch,mighty_patch,0
2025-08-29,mighty patch,mightypatch,0
2025-08-29,missha,missha,1
2025-08-29,mixoon,mixoon,0
2025-08-29,nabota,nabota,0
2025-08-29,newlux,newlux,0
2025-08-29,numbuzin,numbuzin,0
2025-08-29,ohui,ohui,0
2025-08-29,oligio,oligio,1
2025-08-29,olive young,olive young,6
2025-08-29,olive young,olive-young,0
2025-08-29,olive young,olive.young,0
2025-08-29,olive young,olive_young,0
2025-08-29,olive young,oliveyoung,1
2025-08-29,peripera,peripera,4
2025-08-29,potenza,potenza,1
2025-08-29,real barrier,real barrier,1
2025-08-29,real barrier,real-barrier,0
2025-08-29,real barrier,real.barrier,0
2025-08-29,real barrier,real_barrier,0
2025-08-29,real barrier,realbarrier,0
2025-08-29,reedle shot,reedle shot,1
2025-08-29,reedle shot,reedle-shot,0
2025-08-29,reedle shot,reedle.shot,0
2025-08-29,reedle shot,reedle_shot,0
2025-08-29,reedle shot,reedleshot,0
2025-08-29,rejuran,rejuran,2
2025-08-29,rentox,rentox,0
2025-08-29,rom&nd,rom&nd,2
2025-08-29,rom&nd,romnd,0
2025-08-29,round lab,round lab,6
2025-08-29,round lab,round-lab,0
2025-08-29,round lab,round.lab,0
2025-08-29,round lab,round_lab,0
2025-08-29,round lab,roundlab,0
2025-08-29,shurink,shurink,0
2025-08-29,skin1004,skin1004,13
2025-08-29,stylekorean,stylekorean,0
2025-08-29,stylevana,stylevana,3
2025-08-29,sulwhasoo,sulwhasoo,1
2025-08-29,sylfirm,sylfirm,0
2025-08-29,the whoo,the whoo,0
2025-08-29,the whoo,the-whoo,0
2025-08-29,the whoo,the.whoo,0
2025-08-29,the whoo,the_whoo,0
2025-08-29,the whoo,thewhoo,0
2025-08-29,tirtir,tirtir,2
2025-08-29,tonymoly,tonymoly,0
2025-08-29,torriden,torriden,3
2025-08-29,ultraformer,ultraformer,0
2025-08-29,volnewmer,volnewmer,0
2025-08-29,wellage,wellage,0
2025-08-29,yesstyle,yesstyle,13
2025-08-30,a'pieu,a'pieu,2
2025-08-30,a'pieu,a-pieu,0
2025-08-30,a'pieu,a.pieu,0
2025-08-30,a'pieu,a_pieu,0
2025-08-30,a'pieu,ap,0
2025-08-30,a'pieu,apieu,0
2025-08-30,acropass,acropass,0
2025-08-30,age-r,age-r,4
2025-08-30,age-r,age.r,0
2025-08-30,age-r,age_r,0
2025-08-30,age-r,ager,0
2025-08-30,anua,anua,6
2025-08-30,atopalm,atopalm,0
2025-08-30,bbia,bbia,2
2025-08-30,be the skin,be the skin,49
2025-08-30,be the skin,be-the-skin,0
2025-08-30,be the skin,be.the.skin,0
2025-08-30,be the skin,be_the_skin,0
2025-08-30,be the skin,betheskin,0
2025-08-30,beauty of joseon,beauty of joseon,11
2025-08-30,beauty of joseon,beauty-of-joseon,0
2025-08-30,beauty of joseon,beauty.of.joseon,0
2025-08-30,beauty of joseon,beauty_of_joseon,0
2025-08-30,beauty of joseon,beautyofjoseon,0
2025-08-30,belif,belif,1
2025-08-30,biodance,biodance,0
2025-08-30,boncept,boncept,0
2025-08-30,booster pro,booster pro,0
2025-08-30,booster pro,booster-pro,0
2025-08-30,booster pro,booster.pro,0
2025-08-30,booster pro,booster_pro,0
2025-08-30,booster pro,boosterpro,0
2025-08-30,botulax,botulax,0
2025-08-30,cell fusion c,cell fusion c,1
2025-08-30,cell fusion c,cell-fusion-c,0
2025-08-30,cell fusion c,cell.fusion.c,0
2025-08-30,cell fusion c,cell_fusion_c,0
2025-08-30,cell fusion c,cellfusionc,0
2025-08-30,centellian,centellian,0
2025-08-30,coolfase,coolfase,0
2025-08-30,cosrx,cosrx,15
2025-08-30,dalba,dalba,0
2025-08-30,goodal,goodal,1
2025-08-30,hi focus shot,hi focus shot,3
2025-08-30,hi focus shot,hi-focus-shot,0
2025-08-30,hi focus shot,hi.focus.shot,0
2025-08-30,hi focus shot,hi_focus_shot,0
2025-08-30,hi focus shot,hifocusshot,0
2025-08-30,history of whoo,history of whoo,0
2025-08-30,history of whoo,history-of-whoo,0
2025-08-30,history of whoo,history.of.whoo,0
2025-08-30,history of whoo,history_of_whoo,0
2025-08-30,history of whoo,historyofwhoo,0
2025-08-30,hwahae,hwahae,0
2025-08-30,innisfree,innisfree,1
2025-08-30,innotox,innotox,1
2025-08-30,iope,iope,1
2025-08-30,jeuveau,jeuveau,0
2025-08-30,jevegel,jevegel,0
2025-08-30,jolse,jolse,0
2025-08-30,juvelook,juvelook,0
2025-08-30,laneige,laneige,19
2025-08-30,letybo,letybo,0
2025-08-30,madeca,madeca,0
2025-08-30,mamonde,mamonde,0
2025-08-30,manyo,manyo,2
2025-08-30,medicube,medicube,5
2025-08-30,merzy,merzy,0
2025-08-30,mighty patch,mighty patch,2
2025-08-30,mighty patch,mighty-patch,0
2025-08-30,mighty patch,mighty.patch,0
2025-08-30,mighty patch,mighty_patch,0
2025-08-30,mighty patch,mightypatch,0
2025-08-30,missha,missha,1
2025-08-30,mixoon,mixoon,0
2025-08-30,nabota,nabota,0
2025-08-30,newlux,newlux,0
2025-08-30,numbuzin,numbuzin,1
2025-08-30,ohui,ohui,0
2025-08-30,oligio,oligio,0
2025-08-30,olive young,olive young,2
2025-08-30,olive young,olive-young,0
2025-08-30,olive young,olive.young,0
2025-08-30,olive young,olive_young,0
2025-08-30,olive young,oliveyoung,1
2025-08-30,peripera,peripera,3
2025-08-30,potenza,potenza,0
2025-08-30,real barrier,real barrier,2
2025-08-30,real barrier,real-barrier,0
2025-08-30,real barrier,real.barrier,0
2025-08-30,real barrier,real_barrier,0
2025-08-30,real barrier,realbarrier,0
2025-08-30,reedle shot,reedle shot,0
2025-08-30,reedle shot,reedle-shot,0
2025-08-30,reedle shot,reedle.shot,0
2025-08-30,reedle shot,reedle_shot,0
2025-08-30,reedle shot,reedleshot,0
2025-08-30,rejuran,rejuran,3
2025-08-30,rentox,rentox,1
2025-08-30,rom&nd,rom&nd,2
2025-08-30,rom&nd,romnd,1
2025-08-30,round lab,round lab,4
2025-08-30,round lab,round-lab,0
2025-08-30,round lab,round.lab,0
2025-08-30,round lab,round_lab,0
2025-08-30,round lab,roundlab,2
2025-08-30,shurink,shurink,0
2025-08-30,skin1004,skin1004,13
2025-08-30,stylekorean,stylekorean,0
2025-08-30,stylevana,stylevana,0
2025-08-30,sulwhasoo,sulwhasoo,0
2025-08-30,sylfirm,sylfirm,0
2025-08-30,the whoo,the whoo,0
2025-08-30,the whoo,the-whoo,0
2025-08-30,the whoo,the.whoo,0
2025-08-30,the whoo,the_whoo,0
2025-08-30,the whoo,thewhoo,0
2025-08-30,tirtir,tirtir,3
2025-08-30,tonymoly,tonymoly,0
2025-08-30,torriden,torriden,0
2025-08-30,ultraformer,ultraformer,0
2025-08-30,volnewmer,volnewmer,0
2025-08-30,wellage,wellage,0
2025-08-30,yesstyle,yesstyle,12
2025-08-31,a'pieu,a'pieu,0
2025-08-31,a'pieu,a-pieu,3
2025-08-31,a'pieu,a.pieu,0
2025-08-31,a'pieu,a_pieu,0
2025-08-31,a'pieu,ap,0
2025-08-31,a'pieu,apieu,0
2025-08-31,acropass,acropass,0
2025-08-31,age-r,age-r,4
2025-08-31,age-r,age.r,0
2025-08-31,age-r,age_r,0
2025-08-31,age-r,ager,0
2025-08-31,anua,anua,9
2025-08-31,atopalm,atopalm,0
2025-08-31,bbia,bbia,0
2025-08-31,be the skin,be the skin,71
2025-08-31,be the skin,be-the-skin,0
2025-08-31,be the skin,be.the.skin,0
2025-08-31,be the skin,be_the_skin,0
2025-08-31,be the skin,betheskin,0
2025-08-31,beauty of joseon,beauty of joseon,17
2025-08-31,beauty of joseon,beauty-of-joseon,0
2025-08-31,beauty of joseon,beauty.of.joseon,0
2025-08-31,beauty of joseon,beauty_of_joseon,0
2025-08-31,beauty of joseon,beautyofjoseon,0
2025-08-31,belif,belif,4
2025-08-31,biodance,biodance,2
2025-08-31,boncept,boncept,0
2025-08-31,booster pro,booster pro,4
2025-08-31,booster pro,booster-pro,0
2025-08-31,booster pro,booster.pro,0
2025-08-31,booster pro,booster_pro,0
2025-08-31,booster pro,boosterpro,0
2025-08-31,botulax,botulax,0
2025-08-31,cell fusion c,cell fusion c,3
2025-08-31,cell fusion c,cell-fusion-c,0
2025-08-31,cell fusion c,cell.fusion.c,0
2025-08-31,cell fusion c,cell_fusion_c,0
2025-08-31,cell fusion c,cellfusionc,0
2025-08-31,centellian,centellian,2
2025-08-31,coolfase,coolfase,0
2025-08-31,cosrx,cosrx,10
2025-08-31,dalba,dalba,3
2025-08-31,goodal,goodal,1
2025-08-31,hi focus shot,hi focus shot,3
2025-08-31,hi focus shot,hi-focus-shot,0
2025-08-31,hi focus shot,hi.focus.shot,0
2025-08-31,hi focus shot,hi_focus_shot,0
2025-08-31,hi focus shot,hifocusshot,0
2025-08-31,history of whoo,history of whoo,0
2025-08-31,history of whoo,history-of-whoo,0
2025-08-31,history of whoo,history.of.whoo,0
2025-08-31,history of whoo,history_of_whoo,0
2025-08-31,history of whoo,historyofwhoo,0
2025-08-31,hwahae,hwahae,0
2025-08-31,innisfree,innisfree,6
2025-08-31,innotox,innotox,0
2025-08-31,iope,iope,1
2025-08-31,jeuveau,jeuveau,0
2025-08-31,jevegel,jevegel,0
2025-08-31,jolse,jolse,0
2025-08-31,juvelook,juvelook,2
2025-08-31,laneige,laneige,20
2025-08-31,letybo,letybo,0
2025-08-31,madeca,madeca,3
2025-08-31,mamonde,mamonde,0
2025-08-31,manyo,manyo,4
2025-08-31,medicube,medicube,5
2025-08-31,merzy,merzy,0
2025-08-31,mighty patch,mighty patch,2
2025-08-31,mighty patch,mighty-patch,0
2025-08-31,mighty patch,mighty.patch,0
2025-08-31,mighty patch,mighty_patch,0
2025-08-31,mighty patch,mightypatch,0
2025-08-31,missha,missha,8
2025-08-31,mixoon,mixoon,0
2025-08-31,nabota,nabota,0
2025-08-31,newlux,newlux,0
2025-08-31,numbuzin,numbuzin,4
2025-08-31,ohui,ohui,3
2025-08-31,oligio,oligio,0
2025-08-31,olive young,olive young,6
2025-08-31,olive young,olive-young,0
2025-08-31,olive young,olive.young,0
2025-08-31,olive young,olive_young,0
2025-08-31,olive young,oliveyoung,0
2025-08-31,peripera,peripera,7
2025-08-31,potenza,potenza,0
2025-08-31,real barrier,real barrier,5
2025-08-31,real barrier,real-barrier,0
2025-08-31,real barrier,real.barrier,0
2025-08-31,real barrier,real_barrier,0
2025-08-31,real barrier,realbarrier,0
2025-08-31,reedle shot,reedle shot,2
2025-08-31,reedle shot,reedle-shot,0
2025-08-31,reedle shot,reedle.shot,0
2025-08-31,reedle shot,reedle_shot,0
2025-08-31,reedle shot,reedleshot,0
2025-08-31,rejuran,rejuran,2
2025-08-31,rentox,rentox,1
2025-08-31,rom&nd,rom&nd,3
2025-08-31,rom&nd,romnd,0
2025-08-31,round lab,round lab,4
2025-08-31,round lab,round-lab,0
2025-08-31,round lab,round.lab,0
2025-08-31,round lab,round_lab,0
2025-08-31,round lab,roundlab,2
2025-08-31,shurink,shurink,0
2025-08-31,skin1004,skin1004,8
2025-08-31,stylekorean,stylekorean,0
2025-08-31,stylevana,stylevana,1
2025-08-31,sulwhasoo,sulwhasoo,1
2025-08-31,sylfirm,sylfirm,0
2025-08-31,the whoo,the whoo,1
2025-08-31,the whoo,the-whoo,0
2025-08-31,the whoo,the.whoo,0
2025-08-31,the whoo,the_whoo,0
2025-08-31,the whoo,thewhoo,0
2025-08-31,tirtir,tirtir,3
2025-08-31,tonymoly,tonymoly,0
2025-08-31,torriden,torriden,3
2025-08-31,ultraformer,ultraformer,0
2025-08-31,volnewmer,volnewmer,0
2025-08-31,wellage,wellage,0
2025-08-31,yesstyle,yesstyle,13
2025-09-01,a'pieu,a'pieu,0
2025-09-01,a'pieu,a-pieu,1
2025-09-01,a'pieu,a.pieu,0
2025-09-01,a'pieu,a_pieu,0
2025-09-01,a'pieu,ap,3
2025-09-01,a'pieu,apieu,0
2025-09-01,acropass,acropass,0
2025-09-01,age-r,age-r,2
2025-09-01,age-r,age.r,0
2025-09-01,age-r,age_r,0
2025-09-01,age-r,ager,0
2025-09-01,anua,anua,4
2025-09-01,atopalm,atopalm,0
2025-09-01,bbia,bbia,0
2025-09-01,be the skin,be the skin,62
2025-09-01,be the skin,be-the-skin,0
2025-09-01,be the skin,be.the.skin,0
2025-09-01,be the skin,be_the_skin,0
2025-09-01,be the skin,betheskin,0
2025-09-01,beauty of joseon,beauty of joseon,10
2025-09-01,beauty of joseon,beauty-of-joseon,0
2025-09-01,beauty of joseon,beauty.of.joseon,0
2025-09-01,beauty of joseon,beauty_of_joseon,0
2025-09-01,beauty of joseon,beautyofjoseon,0
2025-09-01,belif,belif,1
2025-09-01,biodance,biodance,0
2025-09-01,boncept,boncept,0
2025-09-01,booster pro,booster pro,0
2025-09-01,booster pro,booster-pro,0
2025-09-01,booster pro,booster.pro,0
2025-09-01,booster pro,booster_pro,0
2025-09-01,booster pro,boosterpro,0
2025-09-01,botulax,botulax,0
2025-09-01,cell fusion c,cell fusion c,1
2025-09-01,cell fusion c,cell-fusion-c,0
2025-09-01,cell fusion c,cell.fusion.c,0
2025-09-01,cell fusion c,cell_fusion_c,0
2025-09-01,cell fusion c,cellfusionc,0
2025-09-01,centellian,centellian,0
2025-09-01,coolfase,coolfase,0
2025-09-01,cosrx,cosrx,18
2025-09-01,dalba,dalba,1
2025-09-01,goodal,goodal,1
2025-09-01,hi focus shot,hi focus shot,2
2025-09-01,hi focus shot,hi-focus-shot,0
2025-09-01,hi focus shot,hi.focus.shot,0
2025-09-01,hi focus shot,hi_focus_shot,0
2025-09-01,hi focus shot,hifocusshot,0
2025-09-01,history of whoo,history of whoo,0
2025-09-01,history of whoo,history-of-whoo,0
2025-09-01,history of whoo,history.of.whoo,0
2025-09-01,history of whoo,history_of_whoo,0
2025-09-01,history of whoo,historyofwhoo,0
2025-09-01,hwahae,hwahae,0
2025-09-01,innisfree,innisfree,2
2025-09-01,innotox,innotox,1
2025-09-01,iope,iope,0
2025-09-01,jeuveau,jeuveau,0
2025-09-01,jevegel,jevegel,0
2025-09-01,jolse,jolse,0
2025-09-01,juvelook,juvelook,0
2025-09-01,laneige,laneige,10
2025-09-01,letybo,letybo,0
2025-09-01,madeca,madeca,1
2025-09-01,mamonde,mamonde,0
2025-09-01,manyo,manyo,2
2025-09-01,medicube,medicube,7
2025-09-01,merzy,merzy,0
2025-09-01,mighty patch,mighty patch,0
2025-09-01,mighty patch,mighty-patch,0
2025-09-01,mighty patch,mighty.patch,0
2025-09-01,mighty patch,mighty_patch,0
2025-09-01,mighty patch,mightypatch,0
2025-09-01,missha,missha,0
2025-09-01,mixoon,mixoon,0
2025-09-01,nabota,nabota,0
2025-09-01,newlux,newlux,0
2025-09-01,numbuzin,numbuzin,4
2025-09-01,ohui,ohui,0
2025-09-01,oligio,oligio,0
2025-09-01,olive young,olive young,2
2025-09-01,olive young,olive-young,0
2025-09-01,olive young,olive.young,0
2025-09-01,olive young,olive_young,0
2025-09-01,olive young,oliveyoung,1
2025-09-01,peripera,peripera,5
2025-09-01,potenza,potenza,1
2025-09-01,real barrier,real barrier,0
2025-09-01,real barrier,real-barrier,0
2025-09-01,real barrier,real.barrier,0
2025-09-01,real barrier,real_barrier,0
2025-09-01,real barrier,realbarrier,1
2025-09-01,reedle shot,reedle shot,3
2025-09-01,reedle shot,reedle-shot,0
2025-09-01,reedle shot,reedle.shot,0
2025-09-01,reedle shot,reedle_shot,0
2025-09-01,reedle shot,reedleshot,0
2025-09-01,rejuran,rejuran,1
2025-09-01,rentox,rentox,0
2025-09-01,rom&nd,rom&nd,4
2025-09-01,rom&nd,romnd,0
2025-09-01,round lab,round lab,5
2025-09-01,round lab,round-lab,0
2025-09-01,round lab,round.lab,0
2025-09-01,round lab,round_lab,0
2025-09-01,round lab,roundlab,2
2025-09-01,shurink,shurink,0
2025-09-01,skin1004,skin1004,8
2025-09-01,stylekorean,stylekorean,0
2025-09-01,stylevana,stylevana,0
2025-09-01,sulwhasoo,sulwhasoo,0
2025-09-01,sylfirm,sylfirm,0
2025-09-01,the whoo,the whoo,0
2025-09-01,the whoo,the-whoo,0
2025-09-01,the whoo,the.whoo,0
2025-09-01,the whoo,the_whoo,0
2025-09-01,the whoo,thewhoo,0
2025-09-01,tirtir,tirtir,2
2025-09-01,tonymoly,tonymoly,0
2025-09-01,torriden,torriden,3
2025-09-01,ultraformer,ultraformer,0
2025-09-01,volnewmer,volnewmer,0
2025-09-01,wellage,wellage,0
2025-09-01,yesstyle,yesstyle,10
2025-09-02,a'pieu,a'pieu,2
2025-09-02,a'pieu,a-pieu,0
2025-09-02,a'pieu,a.pieu,0
2025-09-02,a'pieu,a_pieu,0
2025-09-02,a'pieu,ap,1
2025-09-02,a'pieu,apieu,0
2025-09-02,acropass,acropass,0
2025-09-02,age-r,age-r,2
2025-09-02,age-r,age.r,0
2025-09-02,age-r,age_r,0
2025-09-02,age-r,ager,0
2025-09-02,anua,anua,3
2025-09-02,atopalm,atopalm,0
2025-09-02,bbia,bbia,1
2025-09-02,be the skin,be the skin,51
2025-09-02,be the skin,be-the-skin,0
2025-09-02,be the skin,be.the.skin,0
2025-09-02,be the skin,be_the_skin,0
2025-09-02,be the skin,betheskin,0
2025-09-02,beauty of joseon,beauty of joseon,8
2025-09-02,beauty of joseon,beauty-of-joseon,0
2025-09-02,beauty of joseon,beauty.of.joseon,0
2025-09-02,beauty of joseon,beauty_of_joseon,0
2025-09-02,beauty of joseon,beautyofjoseon,0
2025-09-02,belif,belif,0
2025-09-02,biodance,biodance,0
2025-09-02,boncept,boncept,0
2025-09-02,booster pro,booster pro,1
2025-09-02,booster pro,booster-pro,0
2025-09-02,booster pro,booster.pro,0
2025-09-02,booster pro,booster_pro,0
2025-09-02,booster pro,boosterpro,0
2025-09-02,botulax,botulax,0
2025-09-02,cell fusion c,cell fusion c,0
2025-09-02,cell fusion c,cell-fusion-c,0
2025-09-02,cell fusion c,cell.fusion.c,0
2025-09-02,cell fusion c,cell_fusion_c,0
2025-09-02,cell fusion c,cellfusionc,0
2025-09-02,centellian,centellian,0
2025-09-02,coolfase,coolfase,0
2025-09-02,cosrx,cosrx,7
2025-09-02,dalba,dalba,0
2025-09-02,goodal,goodal,0
2025-09-02,hi focus shot,hi focus shot,0
2025-09-02,hi focus shot,hi-focus-shot,0
2025-09-02,hi focus shot,hi.focus.shot,0
2025-09-02,hi focus shot,hi_focus_shot,0
2025-09-02,hi focus shot,hifocusshot,0
2025-09-02,history of whoo,history of whoo,0
2025-09-02,history of whoo,history-of-whoo,0
2025-09-02,history of whoo,history.of.whoo,0
2025-09-02,history of whoo,history_of_whoo,0
2025-09-02,history of whoo,historyofwhoo,0
2025-09-02,hwahae,hwahae,0
2025-09-02,innisfree,innisfree,1
2025-09-02,innotox,innotox,3
2025-09-02,iope,iope,0
2025-09-02,jeuveau,jeuveau,0
2025-09-02,jevegel,jevegel,0
2025-09-02,jolse,jolse,0
2025-09-02,juvelook,juvelook,0
2025-09-02,laneige,laneige,14
2025-09-02,letybo,letybo,0
2025-09-02,madeca,madeca,0
2025-09-02,mamonde,mamonde,1
2025-09-02,manyo,manyo,1
2025-09-02,medicube,medicube,1
2025-09-02,merzy,merzy,0
2025-09-02,mighty patch,mighty patch,0
2025-09-02,mighty patch,mighty-patch,0
2025-09-02,mighty patch,mighty.patch,0
2025-09-02,mighty patch,mighty_patch,0
2025-09-02,mighty patch,mightypatch,0
2025-09-02,missha,missha,0
2025-09-02,mixoon,mixoon,0
2025-09-02,nabota,nabota,0
2025-09-02,newlux,newlux,0
2025-09-02,numbuzin,numbuzin,1
2025-09-02,ohui,ohui,0
2025-09-02,oligio,oligio,0
2025-09-02,olive young,olive young,5
2025-09-02,olive young,olive-young,0
2025-09-02,olive young,olive.young,0
2025-09-02,olive young,olive_young,0
2025-09-02,olive young,oliveyoung,0
2025-09-02,peripera,peripera,2
2025-09-02,potenza,potenza,0
2025-09-02,real barrier,real barrier,0
2025-09-02,real barrier,real-barrier,0
2025-09-02,real barrier,real.barrier,0
2025-09-02,real barrier,real_barrier,0
2025-09-02,real barrier,realbarrier,0
2025-09-02,reedle shot,reedle shot,0
2025-09-02,reedle shot,reedle-shot,0
2025-09-02,reedle shot,reedle.shot,0
2025-09-02,reedle shot,reedle_shot,0
2025-09-02,reedle shot,reedleshot,0
2025-09-02,rejuran,rejuran,0
2025-09-02,rentox,rentox,0
2025-09-02,rom&nd,rom&nd,3
2025-09-02,rom&nd,romnd,0
2025-09-02,round lab,round lab,2
2025-09-02,round lab,round-lab,0
2025-09-02,round lab,round.lab,0
2025-09-02,round lab,round_lab,0
2025-09-02,round lab,roundlab,0
2025-09-02,shurink,shurink,0
2025-09-02,skin1004,skin1004,4
2025-09-02,stylekorean,stylekorean,0
2025-09-02,stylevana,stylevana,3
2025-09-02,sulwhasoo,sulwhasoo,0
2025-09-02,sylfirm,sylfirm,0
2025-09-02,the whoo,the whoo,0
2025-09-02,the whoo,the-whoo,0
2025-09-02,the whoo,the.whoo,0
2025-09-02,the whoo,the_whoo,0
2025-09-02,the whoo,thewhoo,0
2025-09-02,tirtir,tirtir,6
2025-09-02,tonymoly,tonymoly,0
2025-09-02,torriden,torriden,1
2025-09-02,ultraformer,ultraformer,0
2025-09-02,volnewmer,volnewmer,0
2025-09-02,wellage,wellage,0
2025-09-02,yesstyle,yesstyle,20
2025-09-03,a'pieu,a'pieu,0
2025-09-03,a'pieu,a-pieu,0
2025-09-03,a'pieu,a.pieu,0
2025-09-03,a'pieu,a_pieu,0
2025-09-03,a'pieu,ap,3
2025-09-03,a'pieu,apieu,0
2025-09-03,acropass,acropass,0
2025-09-03,age-r,age-r,2
2025-09-03,age-r,age.r,0
2025-09-03,age-r,age_r,0
2025-09-03,age-r,ager,0
2025-09-03,anua,anua,6
2025-09-03,atopalm,atopalm,0
2025-09-03,bbia,bbia,0
2025-09-03,be the skin,be the skin,65
2025-09-03,be the skin,be-the-skin,0
2025-09-03,be the skin,be.the.skin,0
2025-09-03,be the skin,be_the_skin,0
2025-09-03,be the skin,betheskin,0
2025-09-03,beauty of joseon,beauty of joseon,15
2025-09-03,beauty of joseon,beauty-of-joseon,0
2025-09-03,beauty of joseon,beauty.of.joseon,0
2025-09-03,beauty of joseon,beauty_of_joseon,0
2025-09-03,beauty of joseon,beautyofjoseon,0
2025-09-03,belif,belif,1
2025-09-03,biodance,biodance,2
2025-09-03,boncept,boncept,0
2025-09-03,booster pro,booster pro,1
2025-09-03,booster pro,booster-pro,0
2025-09-03,booster pro,booster.pro,0
2025-09-03,booster pro,booster_pro,0
2025-09-03,booster pro,boosterpro,0
2025-09-03,botulax,botulax,0
2025-09-03,cell fusion c,cell fusion c,0
2025-09-03,cell fusion c,cell-fusion-c,0
2025-09-03,cell fusion c,cell.fusion.c,0
2025-09-03,cell fusion c,cell_fusion_c,0
2025-09-03,cell fusion c,cellfusionc,0
2025-09-03,centellian,centellian,0
2025-09-03,coolfase,coolfase,0
2025-09-03,cosrx,cosrx,9
2025-09-03,dalba,dalba,1
2025-09-03,goodal,goodal,0
2025-09-03,hi focus shot,hi focus shot,2
2025-09-03,hi focus shot,hi-focus-shot,0
2025-09-03,hi focus shot,hi.focus.shot,0
2025-09-03,hi focus shot,hi_focus_shot,0
2025-09-03,hi focus shot,hifocusshot,0
2025-09-03,history of whoo,history of whoo,0
2025-09-03,history of whoo,history-of-whoo,0
2025-09-03,history of whoo,history.of.whoo,0
2025-09-03,history of whoo,history_of_whoo,0
2025-09-03,history of whoo,historyofwhoo,0
2025-09-03,hwahae,hwahae,0
2025-09-03,innisfree,innisfree,2
2025-09-03,innotox,innotox,3
2025-09-03,iope,iope,0
2025-09-03,jeuveau,jeuveau,0
2025-09-03,jevegel,jevegel,0
2025-09-03,jolse,jolse,0
2025-09-03,juvelook,juvelook,0
2025-09-03,laneige,laneige,8
2025-09-03,letybo,letybo,0
2025-09-03,madeca,madeca,0
2025-09-03,mamonde,mamonde,0
2025-09-03,manyo,manyo,0
2025-09-03,medicube,medicube,9
2025-09-03,merzy,merzy,0
2025-09-03,mighty patch,mighty patch,0
2025-09-03,mighty patch,mighty-patch,0
2025-09-03,mighty patch,mighty.patch,0
2025-09-03,mighty patch,mighty_patch,0
2025-09-03,mighty patch,mightypatch,0
2025-09-03,missha,missha,0
2025-09-03,mixoon,mixoon,0
2025-09-03,nabota,nabota,1
2025-09-03,newlux,newlux,0
2025-09-03,numbuzin,numbuzin,2
2025-09-03,ohui,ohui,0
2025-09-03,oligio,oligio,0
2025-09-03,olive young,olive young,4
2025-09-03,olive young,olive-young,0
2025-09-03,olive young,olive.young,0
2025-09-03,olive young,olive_young,0
2025-09-03,olive young,oliveyoung,0
2025-09-03,peripera,peripera,2
2025-09-03,potenza,potenza,2
2025-09-03,real barrier,real barrier,0
2025-09-03,real barrier,real-barrier,0
2025-09-03,real barrier,real.barrier,0
2025-09-03,real barrier,real_barrier,0
2025-09-03,real barrier,realbarrier,0
2025-09-03,reedle shot,reedle shot,0
2025-09-03,reedle shot,reedle-shot,0
2025-09-03,reedle shot,reedle.shot,0
2025-09-03,reedle shot,reedle_shot,0
2025-09-03,reedle shot,reedleshot,0
2025-09-03,rejuran,rejuran,0
2025-09-03,rentox,rentox,0
2025-09-03,rom&nd,rom&nd,1
2025-09-03,rom&nd,romnd,0
2025-09-03,round lab,round lab,7
2025-09-03,round lab,round-lab,0
2025-09-03,round lab,round.lab,0
2025-09-03,round lab,round_lab,0
2025-09-03,round lab,roundlab,1
2025-09-03,shurink,shurink,1
2025-09-03,skin1004,skin1004,10
2025-09-03,stylekorean,stylekorean,1
2025-09-03,stylevana,stylevana,0
2025-09-03,sulwhasoo,sulwhasoo,0
2025-09-03,sylfirm,sylfirm,1
2025-09-03,the whoo,the whoo,0
2025-09-03,the whoo,the-whoo,0
2025-09-03,the whoo,the.whoo,0
2025-09-03,the whoo,the_whoo,0
2025-09-03,the whoo,thewhoo,0
2025-09-03,tirtir,tirtir,3
2025-09-03,tonymoly,tonymoly,0
2025-09-03,torriden,torriden,4
2025-09-03,ultraformer,ultraformer,0
2025-09-03,volnewmer,volnewmer,0
2025-09-03,wellage,wellage,0
2025-09-03,yesstyle,yesstyle,13
2025-09-04,a'pieu,a'pieu,1
2025-09-04,a'pieu,a-pieu,0
2025-09-04,a'pieu,a.pieu,0
2025-09-04,a'pieu,a_pieu,0
2025-09-04,a'pieu,ap,2
2025-09-04,a'pieu,apieu,0
2025-09-04,acropass,acropass,0
2025-09-04,age-r,age-r,1
2025-09-04,age-r,age.r,0
2025-09-04,age-r,age_r,0
2025-09-04,age-r,ager,0
2025-09-04,anua,anua,12
2025-09-04,atopalm,atopalm,0
2025-09-04,bbia,bbia,1
2025-09-04,be the skin,be the skin,60
2025-09-04,be the skin,be-the-skin,0
2025-09-04,be the skin,be.the.skin,0
2025-09-04,be the skin,be_the_skin,0
2025-09-04,be the skin,betheskin,0
2025-09-04,beauty of joseon,beauty of joseon,13
2025-09-04,beauty of joseon,beauty-of-joseon,0
2025-09-04,beauty of joseon,beauty.of.joseon,0
2025-09-04,beauty of joseon,beauty_of_joseon,0
2025-09-04,beauty of joseon,beautyofjoseon,0
2025-09-04,belif,belif,0
2025-09-04,biodance,biodance,2
2025-09-04,boncept,boncept,0
2025-09-04,booster pro,booster pro,0
2025-09-04,booster pro,booster-pro,0
2025-09-04,booster pro,booster.pro,0
2025-09-04,booster pro,booster_pro,0
2025-09-04,booster pro,boosterpro,0
2025-09-04,botulax,botulax,0
2025-09-04,cell fusion c,cell fusion c,0
2025-09-04,cell fusion c,cell-fusion-c,0
2025-09-04,cell fusion c,cell.fusion.c,0
2025-09-04,cell fusion c,cell_fusion_c,0
2025-09-04,cell fusion c,cellfusionc,0
2025-09-04,centellian,centellian,0
2025-09-04,coolfase,coolfase,0
2025-09-04,cosrx,cosrx,14
2025-09-04,dalba,dalba,0
2025-09-04,goodal,goodal,1
2025-09-04,hi focus shot,hi focus shot,3
2025-09-04,hi focus shot,hi-focus-shot,0
2025-09-04,hi focus shot,hi.focus.shot,0
2025-09-04,hi focus shot,hi_focus_shot,0
2025-09-04,hi focus shot,hifocusshot,0
2025-09-04,history of whoo,history of whoo,0
2025-09-04,history of whoo,history-of-whoo,0
2025-09-04,history of whoo,history.of.whoo,0
2025-09-04,history of whoo,history_of_whoo,0
2025-09-04,history of whoo,historyofwhoo,0
2025-09-04,hwahae,hwahae,0
2025-09-04,innisfree,innisfree,4
2025-09-04,innotox,innotox,1
2025-09-04,iope,iope,0
2025-09-04,jeuveau,jeuveau,0
2025-09-04,jevegel,jevegel,0
2025-09-04,jolse,jolse,0
2025-09-04,juvelook,juvelook,0
2025-09-04,laneige,laneige,16
2025-09-04,letybo,letybo,0
2025-09-04,madeca,madeca,1
2025-09-04,mamonde,mamonde,0
2025-09-04,manyo,manyo,2
2025-09-04,medicube,medicube,2
2025-09-04,merzy,merzy,0
2025-09-04,mighty patch,mighty patch,0
2025-09-04,mighty patch,mighty-patch,0
2025-09-04,mighty patch,mighty.patch,0
2025-09-04,mighty patch,mighty_patch,0
2025-09-04,mighty patch,mightypatch,0
2025-09-04,missha,missha,1
2025-09-04,mixoon,mixoon,0
2025-09-04,nabota,nabota,0
2025-09-04,newlux,newlux,0
2025-09-04,numbuzin,numbuzin,4
2025-09-04,ohui,ohui,0
2025-09-04,oligio,oligio,0
2025-09-04,olive young,olive young,8
2025-09-04,olive young,olive-young,0
2025-09-04,olive young,olive.young,0
2025-09-04,olive young,olive_young,0
2025-09-04,olive young,oliveyoung,0
2025-09-04,peripera,peripera,4
2025-09-04,potenza,potenza,0
2025-09-04,real barrier,real barrier,1
2025-09-04,real barrier,real-barrier,0
2025-09-04,real barrier,real.barrier,0
2025-09-04,real barrier,real_barrier,0
2025-09-04,real barrier,realbarrier,0
2025-09-04,reedle shot,reedle shot,1
2025-09-04,reedle shot,reedle-shot,0
2025-09-04,reedle shot,reedle.shot,0
2025-09-04,reedle shot,reedle_shot,0
2025-09-04,reedle shot,reedleshot,0
2025-09-04,rejuran,rejuran,0
2025-09-04,rentox,rentox,0
2025-09-04,rom&nd,rom&nd,4
2025-09-04,rom&nd,romnd,0
2025-09-04,round lab,round lab,4
2025-09-04,round lab,round-lab,0
2025-09-04,round lab,round.lab,0
2025-09-04,round lab,round_lab,0
2025-09-04,round lab,roundlab,2
2025-09-04,shurink,shurink,0
2025-09-04,skin1004,skin1004,10
2025-09-04,stylekorean,stylekorean,3
2025-09-04,stylevana,stylevana,5
2025-09-04,sulwhasoo,sulwhasoo,2
2025-09-04,sylfirm,sylfirm,0
2025-09-04,the whoo,the whoo,0
2025-09-04,the whoo,the-whoo,0
2025-09-04,the whoo,the.whoo,0
2025-09-04,the whoo,the_whoo,0
2025-09-04,the whoo,thewhoo,0
2025-09-04,tirtir,tirtir,4
2025-09-04,tonymoly,tonymoly,0
2025-09-04,torriden,torriden,2
2025-09-04,ultraformer,ultraformer,0
2025-09-04,volnewmer,volnewmer,0
2025-09-04,wellage,wellage,0
2025-09-04,yesstyle,yesstyle,8
2025-09-05,a'pieu,a'pieu,1
2025-09-05,a'pieu,a-pieu,0
2025-09-05,a'pieu,a.pieu,0
2025-09-05,a'pieu,a_pieu,0
2025-09-05,a'pieu,ap,1
2025-09-05,a'pieu,apieu,0
2025-09-05,acropass,acropass,0
2025-09-05,age-r,age-r,1
2025-09-05,age-r,age.r,0
2025-09-05,age-r,age_r,0
2025-09-05,age-r,ager,0
2025-09-05,anua,anua,8
2025-09-05,atopalm,atopalm,0
2025-09-05,bbia,bbia,1
2025-09-05,be the skin,be the skin,46
2025-09-05,be the skin,be-the-skin,0
2025-09-05,be the skin,be.the.skin,0
2025-09-05,be the skin,be_the_skin,0
2025-09-05,be the skin,betheskin,0
2025-09-05,beauty of joseon,beauty of joseon,4
2025-09-05,beauty of joseon,beauty-of-joseon,0
2025-09-05,beauty of joseon,beauty.of.joseon,0
2025-09-05,beauty of joseon,beauty_of_joseon,0
2025-09-05,beauty of joseon,beautyofjoseon,0
2025-09-05,belif,belif,2
2025-09-05,biodance,biodance,2
2025-09-05,boncept,boncept,0
2025-09-05,booster pro,booster pro,0
2025-09-05,booster pro,booster-pro,0
2025-09-05,booster pro,booster.pro,0
2025-09-05,booster pro,booster_pro,0
2025-09-05,booster pro,boosterpro,0
2025-09-05,botulax,botulax,0
2025-09-05,cell fusion c,cell fusion c,2
2025-09-05,cell fusion c,cell-fusion-c,0
2025-09-05,cell fusion c,cell.fusion.c,0
2025-09-05,cell fusion c,cell_fusion_c,0
2025-09-05,cell fusion c,cellfusionc,0
2025-09-05,centellian,centellian,1
2025-09-05,coolfase,coolfase,0
2025-09-05,cosrx,cosrx,22
2025-09-05,dalba,dalba,0
2025-09-05,goodal,goodal,1
2025-09-05,hi focus shot,hi focus shot,2
2025-09-05,hi focus shot,hi-focus-shot,0
2025-09-05,hi focus shot,hi.focus.shot,0
2025-09-05,hi focus shot,hi_focus_shot,0
2025-09-05,hi focus shot,hifocusshot,0
2025-09-05,history of whoo,history of whoo,0
2025-09-05,history of whoo,history-of-whoo,0
2025-09-05,history of whoo,history.of.whoo,0
2025-09-05,history of whoo,history_of_whoo,0
2025-09-05,history of whoo,historyofwhoo,0
2025-09-05,hwahae,hwahae,0
2025-09-05,innisfree,innisfree,0
2025-09-05,innotox,innotox,1
2025-09-05,iope,iope,0
2025-09-05,jeuveau,jeuveau,0
2025-09-05,jevegel,jevegel,0
2025-09-05,jolse,jolse,0
2025-09-05,juvelook,juvelook,1
2025-09-05,laneige,laneige,12
2025-09-05,letybo,letybo,0
2025-09-05,madeca,madeca,1
2025-09-05,mamonde,mamonde,0
2025-09-05,manyo,manyo,2
2025-09-05,medicube,medicube,5
2025-09-05,merzy,merzy,0
2025-09-05,mighty patch,mighty patch,0
2025-09-05,mighty patch,mighty-patch,0
2025-09-05,mighty patch,mighty.patch,0
2025-09-05,mighty patch,mighty_patch,0
2025-09-05,mighty patch,mightypatch,0
2025-09-05,missha,missha,3
2025-09-05,mixoon,mixoon,0
2025-09-05,nabota,nabota,0
2025-09-05,newlux,newlux,0
2025-09-05,numbuzin,numbuzin,4
2025-09-05,ohui,ohui,0
2025-09-05,oligio,oligio,0
2025-09-05,olive young,olive young,2
2025-09-05,olive young,olive-young,0
2025-09-05,olive young,olive.young,0
2025-09-05,olive young,olive_young,0
2025-09-05,olive young,oliveyoung,0
2025-09-05,peripera,peripera,3
2025-09-05,potenza,potenza,1
2025-09-05,real barrier,real barrier,1
2025-09-05,real barrier,real-barrier,0
2025-09-05,real barrier,real.barrier,0
2025-09-05,real barrier,real_barrier,0
2025-09-05,real barrier,realbarrier,0
2025-09-05,reedle shot,reedle shot,0
2025-09-05,reedle shot,reedle-shot,0
2025-09-05,reedle shot,reedle.shot,0
2025-09-05,reedle shot,reedle_shot,0
2025-09-05,reedle shot,reedleshot,0
2025-09-05,rejuran,rejuran,3
2025-09-05,rentox,rentox,0
2025-09-05,rom&nd,rom&nd,1
2025-09-05,rom&nd,romnd,1
2025-09-05,round lab,round lab,5
2025-09-05,round lab,round-lab,0
2025-09-05,round lab,round.lab,0
2025-09-05,round lab,round_lab,0
2025-09-05,round lab,roundlab,0
2025-09-05,shurink,shurink,0
2025-09-05,skin1004,skin1004,7
2025-09-05,stylekorean,stylekorean,0
2025-09-05,stylevana,stylevana,3
2025-09-05,sulwhasoo,sulwhasoo,0
2025-09-05,sylfirm,sylfirm,0
2025-09-05,the whoo,the whoo,0
2025-09-05,the whoo,the-whoo,0
2025-09-05,the whoo,the.whoo,0
2025-09-05,the whoo,the_whoo,0
2025-09-05,the whoo,thewhoo,0
2025-09-05,tirtir,tirtir,8
2025-09-05,tonymoly,tonymoly,2
2025-09-05,torriden,torriden,4
2025-09-05,ultraformer,ultraformer,0
2025-09-05,volnewmer,volnewmer,0
2025-09-05,wellage,wellage,0
2025-09-05,yesstyle,yesstyle,17
2025-09-06,a'pieu,a'pieu,2
2025-09-06,a'pieu,a-pieu,0
2025-09-06,a'pieu,a.pieu,0
2025-09-06,a'pieu,a_pieu,0
2025-09-06,a'pieu,ap,1
2025-09-06,a'pieu,apieu,0
2025-09-06,acropass,acropass,0
2025-09-06,age-r,age-r,3
2025-09-06,age-r,age.r,0
2025-09-06,age-r,age_r,0
2025-09-06,age-r,ager,0
2025-09-06,anua,anua,13
2025-09-06,atopalm,atopalm,0
2025-09-06,bbia,bbia,2
2025-09-06,be the skin,be the skin,59
2025-09-06,be the skin,be-the-skin,0
2025-09-06,be the skin,be.the.skin,0
2025-09-06,be the skin,be_the_skin,0
2025-09-06,be the skin,betheskin,0
2025-09-06,beauty of joseon,beauty of joseon,10
2025-09-06,beauty of joseon,beauty-of-joseon,0
2025-09-06,beauty of joseon,beauty.of.joseon,0
2025-09-06,beauty of joseon,beauty_of_joseon,0
2025-09-06,beauty of joseon,beautyofjoseon,0
2025-09-06,belif,belif,1
2025-09-06,biodance,biodance,2
2025-09-06,boncept,boncept,0
2025-09-06,booster pro,booster pro,1
2025-09-06,booster pro,booster-pro,0
2025-09-06,booster pro,booster.pro,0
2025-09-06,booster pro,booster_pro,0
2025-09-06,booster pro,boosterpro,0
2025-09-06,botulax,botulax,0
2025-09-06,cell fusion c,cell fusion c,0
2025-09-06,cell fusion c,cell-fusion-c,0
2025-09-06,cell fusion c,cell.fusion.c,0
2025-09-06,cell fusion c,cell_fusion_c,0
2025-09-06,cell fusion c,cellfusionc,0
2025-09-06,centellian,centellian,0
2025-09-06,coolfase,coolfase,0
2025-09-06,cosrx,cosrx,11
2025-09-06,dalba,dalba,2
2025-09-06,goodal,goodal,2
2025-09-06,hi focus shot,hi focus shot,3
2025-09-06,hi focus shot,hi-focus-shot,0
2025-09-06,hi focus shot,hi.focus.shot,0
2025-09-06,hi focus shot,hi_focus_shot,0
2025-09-06,hi focus shot,hifocusshot,0
2025-09-06,history of whoo,history of whoo,0
2025-09-06,history of whoo,history-of-whoo,0
2025-09-06,history of whoo,history.of.whoo,0
2025-09-06,history of whoo,history_of_whoo,0
2025-09-06,history of whoo,historyofwhoo,0
2025-09-06,hwahae,hwahae,0
2025-09-06,innisfree,innisfree,7
2025-09-06,innotox,innotox,3
2025-09-06,iope,iope,0
2025-09-06,jeuveau,jeuveau,0
2025-09-06,jevegel,jevegel,0
2025-09-06,jolse,jolse,0
2025-09-06,juvelook,juvelook,0
2025-09-06,laneige,laneige,16
2025-09-06,letybo,letybo,0
2025-09-06,madeca,madeca,0
2025-09-06,mamonde,mamonde,0
2025-09-06,manyo,manyo,0
2025-09-06,medicube,medicube,6
2025-09-06,merzy,merzy,0
2025-09-06,mighty patch,mighty patch,0
2025-09-06,mighty patch,mighty-patch,0
2025-09-06,mighty patch,mighty.patch,0
2025-09-06,mighty patch,mighty_patch,0
2025-09-06,mighty patch,mightypatch,0
2025-09-06,missha,missha,2
2025-09-06,mixoon,mixoon,0
2025-09-06,nabota,nabota,0
2025-09-06,newlux,newlux,0
2025-09-06,numbuzin,numbuzin,1
2025-09-06,ohui,ohui,0
2025-09-06,oligio,oligio,0
2025-09-06,olive young,olive young,2
2025-09-06,olive young,olive-young,0
2025-09-06,olive young,olive.young,0
2025-09-06,olive young,olive_young,0
2025-09-06,olive young,oliveyoung,0
2025-09-06,peripera,peripera,4
2025-09-06,potenza,potenza,0
2025-09-06,real barrier,real barrier,4
2025-09-06,real barrier,real-barrier,0
2025-09-06,real barrier,real.barrier,0
2025-09-06,real barrier,real_barrier,0
2025-09-06,real barrier,realbarrier,0
2025-09-06,reedle shot,reedle shot,0
2025-09-06,reedle shot,reedle-shot,0
2025-09-06,reedle shot,reedle.shot,0
2025-09-06,reedle shot,reedle_shot,0
2025-09-06,reedle shot,reedleshot,0
2025-09-06,rejuran,rejuran,0
2025-09-06,rentox,rentox,1
2025-09-06,rom&nd,rom&nd,1
2025-09-06,rom&nd,romnd,0
2025-09-06,round lab,round lab,2
2025-09-06,round lab,round-lab,0
2025-09-06,round lab,round.lab,0
2025-09-06,round lab,round_lab,0
2025-09-06,round lab,roundlab,1
2025-09-06,shurink,shurink,0
2025-09-06,skin1004,skin1004,11
2025-09-06,stylekorean,stylekorean,0
2025-09-06,stylevana,stylevana,0
2025-09-06,sulwhasoo,sulwhasoo,0
2025-09-06,sylfirm,sylfirm,0
2025-09-06,the whoo,the whoo,0
2025-09-06,the whoo,the-whoo,0
2025-09-06,the whoo,the.whoo,0
2025-09-06,the whoo,the_whoo,0
2025-09-06,the whoo,thewhoo,0
2025-09-06,tirtir,tirtir,6
2025-09-06,tonymoly,tonymoly,1
2025-09-06,torriden,torriden,1
2025-09-06,ultraformer,ultraformer,0
2025-09-06,volnewmer,volnewmer,0
2025-09-06,wellage,wellage,0
2025-09-06,yesstyle,yesstyle,11
2025-09-07,a'pieu,a'pieu,1
2025-09-07,a'pieu,a-pieu,0
2025-09-07,a'pieu,a.pieu,0
2025-09-07,a'pieu,a_pieu,0
2025-09-07,a'pieu,ap,3
2025-09-07,a'pieu,apieu,0
2025-09-07,acropass,acropass,0
2025-09-07,age-r,age-r,0
2025-09-07,age-r,age.r,0
2025-09-07,age-r,age_r,0
2025-09-07,age-r,ager,0
2025-09-07,anua,anua,12
2025-09-07,atopalm,atopalm,0
2025-09-07,bbia,bbia,0
2025-09-07,be the skin,be the skin,62
2025-09-07,be the skin,be-the-skin,0
2025-09-07,be the skin,be.the.skin,0
2025-09-07,be the skin,be_the_skin,0
2025-09-07,be the skin,betheskin,0
2025-09-07,beauty of joseon,beauty of joseon,7
2025-09-07,beauty of joseon,beauty-of-joseon,0
2025-09-07,beauty of joseon,beauty.of.joseon,0
2025-09-07,beauty of joseon,beauty_of_joseon,0
2025-09-07,beauty of joseon,beautyofjoseon,0
2025-09-07,belif,belif,0
2025-09-07,biodance,biodance,0
2025-09-07,boncept,boncept,0
2025-09-07,booster pro,booster pro,2
2025-09-07,booster pro,booster-pro,0
2025-09-07,booster pro,booster.pro,0
2025-09-07,booster pro,booster_pro,0
2025-09-07,booster pro,boosterpro,0
2025-09-07,botulax,botulax,0
2025-09-07,cell fusion c,cell fusion c,2
2025-09-07,cell fusion c,cell-fusion-c,0
2025-09-07,cell fusion c,cell.fusion.c,0
2025-09-07,cell fusion c,cell_fusion_c,0
2025-09-07,cell fusion c,cellfusionc,0
2025-09-07,centellian,centellian,0
2025-09-07,coolfase,coolfase,0
2025-09-07,cosrx,cosrx,17
2025-09-07,dalba,dalba,0
2025-09-07,goodal,goodal,0
2025-09-07,hi focus shot,hi focus shot,1
2025-09-07,hi focus shot,hi-focus-shot,0
2025-09-07,hi focus shot,hi.focus.shot,0
2025-09-07,hi focus shot,hi_focus_shot,0
2025-09-07,hi focus shot,hifocusshot,0
2025-09-07,history of whoo,history of whoo,0
2025-09-07,history of whoo,history-of-whoo,0
2025-09-07,history of whoo,history.of.whoo,0
2025-09-07,history of whoo,history_of_whoo,0
2025-09-07,history of whoo,historyofwhoo,0
2025-09-07,hwahae,hwahae,0
2025-09-07,innisfree,innisfree,2
2025-09-07,innotox,innotox,0
2025-09-07,iope,iope,0
2025-09-07,jeuveau,jeuveau,0
2025-09-07,jevegel,jevegel,0
2025-09-07,jolse,jolse,0
2025-09-07,juvelook,juvelook,0
2025-09-07,laneige,laneige,18
2025-09-07,letybo,letybo,0
2025-09-07,madeca,madeca,0
2025-09-07,mamonde,mamonde,0
2025-09-07,manyo,manyo,2
2025-09-07,medicube,medicube,3
2025-09-07,merzy,merzy,0
2025-09-07,mighty patch,mighty patch,0
2025-09-07,mighty patch,mighty-patch,0
2025-09-07,mighty patch,mighty.patch,0
2025-09-07,mighty patch,mighty_patch,0
2025-09-07,mighty patch,mightypatch,0
2025-09-07,missha,missha,1
2025-09-07,mixoon,mixoon,0
2025-09-07,nabota,nabota,1
2025-09-07,newlux,newlux,0
2025-09-07,numbuzin,numbuzin,7
2025-09-07,ohui,ohui,0
2025-09-07,oligio,oligio,1
2025-09-07,olive young,olive young,1
2025-09-07,olive young,olive-young,0
2025-09-07,olive young,olive.young,0
2025-09-07,olive young,olive_young,0
2025-09-07,olive young,oliveyoung,0
2025-09-07,peripera,peripera,3
2025-09-07,potenza,potenza,0
2025-09-07,real barrier,real barrier,0
2025-09-07,real barrier,real-barrier,0
2025-09-07,real barrier,real.barrier,0
2025-09-07,real barrier,real_barrier,0
2025-09-07,real barrier,realbarrier,0
2025-09-07,reedle shot,reedle shot,1
2025-09-07,reedle shot,reedle-shot,0
2025-09-07,reedle shot,reedle.shot,0
2025-09-07,reedle shot,reedle_shot,0
2025-09-07,reedle shot,reedleshot,0
2025-09-07,rejuran,rejuran,1
2025-09-07,rentox,rentox,0
2025-09-07,rom&nd,rom&nd,4
2025-09-07,rom&nd,romnd,0
2025-09-07,round lab,round lab,5
2025-09-07,round lab,round-lab,0
2025-09-07,round lab,round.lab,0
2025-09-07,round lab,round_lab,0
2025-09-07,round lab,roundlab,0
2025-09-07,shurink,shurink,0
2025-09-07,skin1004,skin1004,9
2025-09-07,stylekorean,stylekorean,0
2025-09-07,stylevana,stylevana,1
2025-09-07,sulwhasoo,sulwhasoo,3
2025-09-07,sylfirm,sylfirm,0
2025-09-07,the whoo,the whoo,0
2025-09-07,the whoo,the-whoo,0
2025-09-07,the whoo,the.whoo,0
2025-09-07,the whoo,the_whoo,0
2025-09-07,the whoo,thewhoo,0
2025-09-07,tirtir,tirtir,5
2025-09-07,tonymoly,tonymoly,0
2025-09-07,torriden,torriden,2
2025-09-07,ultraformer,ultraformer,0
2025-09-07,volnewmer,volnewmer,0
2025-09-07,wellage,wellage,0
2025-09-07,yesstyle,yesstyle,10
2025-09-08,a'pieu,a'pieu,0
2025-09-08,a'pieu,a-pieu,0
2025-09-08,a'pieu,a.pieu,0
2025-09-08,a'pieu,a_pieu,0
2025-09-08,a'pieu,ap,2
2025-09-08,a'pieu,apieu,0
2025-09-08,acropass,acropass,0
2025-09-08,age-r,age-r,0
2025-09-08,age-r,age.r,0
2025-09-08,age-r,age_r,0
2025-09-08,age-r,ager,0
2025-09-08,anua,anua,10
2025-09-08,atopalm,atopalm,0
2025-09-08,bbia,bbia,0
2025-09-08,be the skin,be the skin,81
2025-09-08,be the skin,be-the-skin,0
2025-09-08,be the skin,be.the.skin,0
2025-09-08,be the skin,be_the_skin,0
2025-09-08,be the skin,betheskin,0
2025-09-08,beauty of joseon,beauty of joseon,10
2025-09-08,beauty of joseon,beauty-of-joseon,0
2025-09-08,beauty of joseon,beauty.of.joseon,0
2025-09-08,beauty of joseon,beauty_of_joseon,0
2025-09-08,beauty of joseon,beautyofjoseon,0
2025-09-08,belif,belif,1
2025-09-08,biodance,biodance,0
2025-09-08,boncept,boncept,0
2025-09-08,booster pro,booster pro,2
2025-09-08,booster pro,booster-pro,0
2025-09-08,booster pro,booster.pro,0
2025-09-08,booster pro,booster_pro,0
2025-09-08,booster pro,boosterpro,0
2025-09-08,botulax,botulax,0
2025-09-08,cell fusion c,cell fusion c,1
2025-09-08,cell fusion c,cell-fusion-c,0
2025-09-08,cell fusion c,cell.fusion.c,0
2025-09-08,cell fusion c,cell_fusion_c,0
2025-09-08,cell fusion c,cellfusionc,0
2025-09-08,centellian,centellian,0
2025-09-08,coolfase,coolfase,0
2025-09-08,cosrx,cosrx,16
2025-09-08,dalba,dalba,1
2025-09-08,goodal,goodal,0
2025-09-08,hi focus shot,hi focus shot,1
2025-09-08,hi focus shot,hi-focus-shot,0
2025-09-08,hi focus shot,hi.focus.shot,0
2025-09-08,hi focus shot,hi_focus_shot,0
2025-09-08,hi focus shot,hifocusshot,0
2025-09-08,history of whoo,history of whoo,0
2025-09-08,history of whoo,history-of-whoo,0
2025-09-08,history of whoo,history.of.whoo,0
2025-09-08,history of whoo,history_of_whoo,0
2025-09-08,history of whoo,historyofwhoo,0
2025-09-08,hwahae,hwahae,0
2025-09-08,innisfree,innisfree,2
2025-09-08,innotox,innotox,4
2025-09-08,iope,iope,0
2025-09-08,jeuveau,jeuveau,0
2025-09-08,jevegel,jevegel,0
2025-09-08,jolse,jolse,0
2025-09-08,juvelook,juvelook,1
2025-09-08,laneige,laneige,12
2025-09-08,letybo,letybo,1
2025-09-08,madeca,madeca,0
2025-09-08,mamonde,mamonde,0
2025-09-08,manyo,manyo,0
2025-09-08,medicube,medicube,8
2025-09-08,merzy,merzy,0
2025-09-08,mighty patch,mighty patch,0
2025-09-08,mighty patch,mighty-patch,0
2025-09-08,mighty patch,mighty.patch,0
2025-09-08,mighty patch,mighty_patch,0
2025-09-08,mighty patch,mightypatch,0
2025-09-08,missha,missha,2
2025-09-08,mixoon,mixoon,0
2025-09-08,nabota,nabota,1
2025-09-08,newlux,newlux,0
2025-09-08,numbuzin,numbuzin,4
2025-09-08,ohui,ohui,0
2025-09-08,oligio,oligio,0
2025-09-08,olive young,olive young,3
2025-09-08,olive young,olive-young,0
2025-09-08,olive young,olive.young,0
2025-09-08,olive young,olive_young,0
2025-09-08,olive young,oliveyoung,0
2025-09-08,peripera,peripera,2
2025-09-08,potenza,potenza,0
2025-09-08,real barrier,real barrier,0
2025-09-08,real barrier,real-barrier,0
2025-09-08,real barrier,real.barrier,0
2025-09-08,real barrier,real_barrier,0
2025-09-08,real barrier,realbarrier,0
2025-09-08,reedle shot,reedle shot,1
2025-09-08,reedle shot,reedle-shot,0
2025-09-08,reedle shot,reedle.shot,0
2025-09-08,reedle shot,reedle_shot,0
2025-09-08,reedle shot,reedleshot,0
2025-09-08,rejuran,rejuran,0
2025-09-08,rentox,rentox,0
2025-09-08,rom&nd,rom&nd,2
2025-09-08,rom&nd,romnd,0
2025-09-08,round lab,round lab,3
2025-09-08,round lab,round-lab,0
2025-09-08,round lab,round.lab,0
2025-09-08,round lab,round_lab,0
2025-09-08,round lab,roundlab,0
2025-09-08,shurink,shurink,0
2025-09-08,skin1004,skin1004,8
2025-09-08,stylekorean,stylekorean,0
2025-09-08,stylevana,stylevana,2
2025-09-08,sulwhasoo,sulwhasoo,1
2025-09-08,sylfirm,sylfirm,0
2025-09-08,the whoo,the whoo,0
2025-09-08,the whoo,the-whoo,0
2025-09-08,the whoo,the.whoo,0
2025-09-08,the whoo,the_whoo,0
2025-09-08,the whoo,thewhoo,0
2025-09-08,tirtir,tirtir,1
2025-09-08,tonymoly,tonymoly,0
2025-09-08,torriden,torriden,2
2025-09-08,ultraformer,ultraformer,0
2025-09-08,volnewmer,volnewmer,0
2025-09-08,wellage,wellage,0
2025-09-08,yesstyle,yesstyle,11
2025-09-09,a'pieu,a'pieu,1
2025-09-09,a'pieu,a-pieu,2
2025-09-09,a'pieu,a.pieu,0
2025-09-09,a'pieu,a_pieu,0
2025-09-09,a'pieu,ap,0
2025-09-09,a'pieu,apieu,0
2025-09-09,acropass,acropass,0
2025-09-09,age-r,age-r,2
2025-09-09,age-r,age.r,0
2025-09-09,age-r,age_r,0
2025-09-09,age-r,ager,0
2025-09-09,anua,anua,12
2025-09-09,atopalm,atopalm,0
2025-09-09,bbia,bbia,3
2025-09-09,be the skin,be the skin,79
2025-09-09,be the skin,be-the-skin,0
2025-09-09,be the skin,be.the.skin,0
2025-09-09,be the skin,be_the_skin,0
2025-09-09,be the skin,betheskin,0
2025-09-09,beauty of joseon,beauty of joseon,14
2025-09-09,beauty of joseon,beauty-of-joseon,0
2025-09-09,beauty of joseon,beauty.of.joseon,0
2025-09-09,beauty of joseon,beauty_of_joseon,0
2025-09-09,beauty of joseon,beautyofjoseon,0
2025-09-09,belif,belif,2
2025-09-09,biodance,biodance,1
2025-09-09,boncept,boncept,0
2025-09-09,booster pro,booster pro,1
2025-09-09,booster pro,booster-pro,0
2025-09-09,booster pro,booster.pro,0
2025-09-09,booster pro,booster_pro,0
2025-09-09,booster pro,boosterpro,0
2025-09-09,botulax,botulax,0
2025-09-09,cell fusion c,cell fusion c,2
2025-09-09,cell fusion c,cell-fusion-c,0
2025-09-09,cell fusion c,cell.fusion.c,0
2025-09-09,cell fusion c,cell_fusion_c,0
2025-09-09,cell fusion c,cellfusionc,0
2025-09-09,centellian,centellian,0
2025-09-09,coolfase,coolfase,0
2025-09-09,cosrx,cosrx,18
2025-09-09,dalba,dalba,1
2025-09-09,goodal,goodal,0
2025-09-09,hi focus shot,hi focus shot,0
2025-09-09,hi focus shot,hi-focus-shot,0
2025-09-09,hi focus shot,hi.focus.shot,0
2025-09-09,hi focus shot,hi_focus_shot,0
2025-09-09,hi focus shot,hifocusshot,0
2025-09-09,history of whoo,history of whoo,0
2025-09-09,history of whoo,history-of-whoo,0
2025-09-09,history of whoo,history.of.whoo,0
2025-09-09,history of whoo,history_of_whoo,0
2025-09-09,history of whoo,historyofwhoo,0
2025-09-09,hwahae,hwahae,0
2025-09-09,innisfree,innisfree,5
2025-09-09,innotox,innotox,3
2025-09-09,iope,iope,1
2025-09-09,jeuveau,jeuveau,0
2025-09-09,jevegel,jevegel,0
2025-09-09,jolse,jolse,0
2025-09-09,juvelook,juvelook,1
2025-09-09,laneige,laneige,6
2025-09-09,letybo,letybo,0
2025-09-09,madeca,madeca,0
2025-09-09,mamonde,mamonde,0
2025-09-09,manyo,manyo,0
2025-09-09,medicube,medicube,9
2025-09-09,merzy,merzy,0
2025-09-09,mighty patch,mighty patch,0
2025-09-09,mighty patch,mighty-patch,0
2025-09-09,mighty patch,mighty.patch,0
2025-09-09,mighty patch,mighty_patch,0
2025-09-09,mighty patch,mightypatch,0
2025-09-09,missha,missha,6
2025-09-09,mixoon,mixoon,0
2025-09-09,nabota,nabota,0
2025-09-09,newlux,newlux,0
2025-09-09,numbuzin,numbuzin,2
2025-09-09,ohui,ohui,0
2025-09-09,oligio,oligio,0
2025-09-09,olive young,olive young,3
2025-09-09,olive young,olive-young,0
2025-09-09,olive young,olive.young,0
2025-09-09,olive young,olive_young,0
2025-09-09,olive young,oliveyoung,0
2025-09-09,peripera,peripera,4
2025-09-09,potenza,potenza,0
2025-09-09,real barrier,real barrier,0
2025-09-09,real barrier,real-barrier,0
2025-09-09,real barrier,real.barrier,0
2025-09-09,real barrier,real_barrier,0
2025-09-09,real barrier,realbarrier,0
2025-09-09,reedle shot,reedle shot,0
2025-09-09,reedle shot,reedle-shot,0
2025-09-09,reedle shot,reedle.shot,0
2025-09-09,reedle shot,reedle_shot,0
2025-09-09,reedle shot,reedleshot,0
2025-09-09,rejuran,rejuran,0
2025-09-09,rentox,rentox,0
2025-09-09,rom&nd,rom&nd,3
2025-09-09,rom&nd,romnd,0
2025-09-09,round lab,round lab,4
2025-09-09,round lab,round-lab,0
2025-09-09,round lab,round.lab,0
2025-09-09,round lab,round_lab,0
2025-09-09,round lab,roundlab,0
2025-09-09,shurink,shurink,0
2025-09-09,skin1004,skin1004,12
2025-09-09,stylekorean,stylekorean,0
2025-09-09,stylevana,stylevana,2
2025-09-09,sulwhasoo,sulwhasoo,0
2025-09-09,sylfirm,sylfirm,0
2025-09-09,the whoo,the whoo,0
2025-09-09,the whoo,the-whoo,0
2025-09-09,the whoo,the.whoo,0
2025-09-09,the whoo,the_whoo,0
2025-09-09,the whoo,thewhoo,0
2025-09-09,tirtir,tirtir,7
2025-09-09,tonymoly,tonymoly,1
2025-09-09,torriden,torriden,1
2025-09-09,ultraformer,ultraformer,0
2025-09-09,volnewmer,volnewmer,0
2025-09-09,wellage,wellage,0
2025-09-09,yesstyle,yesstyle,16
2025-09-10,a'pieu,a'pieu,0
2025-09-10,a'pieu,a-pieu,0
2025-09-10,a'pieu,a.pieu,0
2025-09-10,a'pieu,a_pieu,0
2025-09-10,a'pieu,ap,3
2025-09-10,a'pieu,apieu,0
2025-09-10,acropass,acropass,0
2025-09-10,age-r,age-r,2
2025-09-10,age-r,age.r,0
2025-09-10,age-r,age_r,0
2025-09-10,age-r,ager,0
2025-09-10,anua,anua,6
2025-09-10,atopalm,atopalm,0
2025-09-10,bbia,bbia,0
2025-09-10,be the skin,be the skin,71
2025-09-10,be the skin,be-the-skin,0
2025-09-10,be the skin,be.the.skin,0
2025-09-10,be the skin,be_the_skin,0
2025-09-10,be the skin,betheskin,0
2025-09-10,beauty of joseon,beauty of joseon,6
2025-09-10,beauty of joseon,beauty-of-joseon,0
2025-09-10,beauty of joseon,beauty.of.joseon,0
2025-09-10,beauty of joseon,beauty_of_joseon,0
2025-09-10,beauty of joseon,beautyofjoseon,0
2025-09-10,belif,belif,0
2025-09-10,biodance,biodance,1
2025-09-10,boncept,boncept,0
2025-09-10,booster pro,booster pro,1
2025-09-10,booster pro,booster-pro,0
2025-09-10,booster pro,booster.pro,0
2025-09-10,booster pro,booster_pro,0
2025-09-10,booster pro,boosterpro,0
2025-09-10,botulax,botulax,0
2025-09-10,cell fusion c,cell fusion c,1
2025-09-10,cell fusion c,cell-fusion-c,0
2025-09-10,cell fusion c,cell.fusion.c,0
2025-09-10,cell fusion c,cell_fusion_c,0
2025-09-10,cell fusion c,cellfusionc,0
2025-09-10,centellian,centellian,0
2025-09-10,coolfase,coolfase,0
2025-09-10,cosrx,cosrx,10
2025-09-10,dalba,dalba,1
2025-09-10,goodal,goodal,0
2025-09-10,hi focus shot,hi focus shot,2
2025-09-10,hi focus shot,hi-focus-shot,0
2025-09-10,hi focus shot,hi.focus.shot,0
2025-09-10,hi focus shot,hi_focus_shot,0
2025-09-10,hi focus shot,hifocusshot,0
2025-09-10,history of whoo,history of whoo,0
2025-09-10,history of whoo,history-of-whoo,0
2025-09-10,history of whoo,history.of.whoo,0
2025-09-10,history of whoo,history_of_whoo,0
2025-09-10,history of whoo,historyofwhoo,0
2025-09-10,hwahae,hwahae,0
2025-09-10,innisfree,innisfree,1
2025-09-10,innotox,innotox,6
2025-09-10,iope,iope,0
2025-09-10,jeuveau,jeuveau,0
2025-09-10,jevegel,jevegel,0
2025-09-10,jolse,jolse,0
2025-09-10,juvelook,juvelook,1
2025-09-10,laneige,laneige,7
2025-09-10,letybo,letybo,0
2025-09-10,madeca,madeca,0
2025-09-10,mamonde,mamonde,0
2025-09-10,manyo,manyo,4
2025-09-10,medicube,medicube,8
2025-09-10,merzy,merzy,0
2025-09-10,mighty patch,mighty patch,0
2025-09-10,mighty patch,mighty-patch,0
2025-09-10,mighty patch,mighty.patch,0
2025-09-10,mighty patch,mighty_patch,0
2025-09-10,mighty patch,mightypatch,0
2025-09-10,missha,missha,1
2025-09-10,mixoon,mixoon,0
2025-09-10,nabota,nabota,0
2025-09-10,newlux,newlux,0
2025-09-10,numbuzin,numbuzin,1
2025-09-10,ohui,ohui,0
2025-09-10,oligio,oligio,0
2025-09-10,olive young,olive young,2
2025-09-10,olive young,olive-young,0
2025-09-10,olive young,olive.young,0
2025-09-10,olive young,olive_young,0
2025-09-10,olive young,oliveyoung,0
2025-09-10,peripera,peripera,2
2025-09-10,potenza,potenza,0
2025-09-10,real barrier,real barrier,1
2025-09-10,real barrier,real-barrier,0
2025-09-10,real barrier,real.barrier,0
2025-09-10,real barrier,real_barrier,0
2025-09-10,real barrier,realbarrier,0
2025-09-10,reedle shot,reedle shot,0
2025-09-10,reedle shot,reedle-shot,0
2025-09-10,reedle shot,reedle.shot,0
2025-09-10,reedle shot,reedle_shot,0
2025-09-10,reedle shot,reedleshot,0
2025-09-10,rejuran,rejuran,2
2025-09-10,rentox,rentox,0
2025-09-10,rom&nd,rom&nd,3
2025-09-10,rom&nd,romnd,0
2025-09-10,round lab,round lab,1
2025-09-10,round lab,round-lab,0
2025-09-10,round lab,round.lab,0
2025-09-10,round lab,round_lab,0
2025-09-10,round lab,roundlab,0
2025-09-10,shurink,shurink,0
2025-09-10,skin1004,skin1004,5
2025-09-10,stylekorean,stylekorean,0
2025-09-10,stylevana,stylevana,1
2025-09-10,sulwhasoo,sulwhasoo,0
2025-09-10,sylfirm,sylfirm,0
2025-09-10,the whoo,the whoo,0
2025-09-10,the whoo,the-whoo,0
2025-09-10,the whoo,the.whoo,0
2025-09-10,the whoo,the_whoo,0
2025-09-10,the whoo,thewhoo,0
2025-09-10,tirtir,tirtir,1
2025-09-10,tonymoly,tonymoly,0
2025-09-10,torriden,torriden,0
2025-09-10,ultraformer,ultraformer,0
2025-09-10,volnewmer,volnewmer,0
2025-09-10,wellage,wellage,0
2025-09-10,yesstyle,yesstyle,11
2025-09-11,a'pieu,a'pieu,2
2025-09-11,a'pieu,a-pieu,0
2025-09-11,a'pieu,a.pieu,0
2025-09-11,a'pieu,a_pieu,0
2025-09-11,a'pieu,ap,2
2025-09-11,a'pieu,apieu,0
2025-09-11,acropass,acropass,0
2025-09-11,age-r,age-r,3
2025-09-11,age-r,age.r,0
2025-09-11,age-r,age_r,0
2025-09-11,age-r,ager,0
2025-09-11,anua,anua,11
2025-09-11,atopalm,atopalm,0
2025-09-11,bbia,bbia,2
2025-09-11,be the skin,be the skin,53
2025-09-11,be the skin,be-the-skin,0
2025-09-11,be the skin,be.the.skin,0
2025-09-11,be the skin,be_the_skin,0
2025-09-11,be the skin,betheskin,0
2025-09-11,beauty of joseon,beauty of joseon,8
2025-09-11,beauty of joseon,beauty-of-joseon,0
2025-09-11,beauty of joseon,beauty.of.joseon,0
2025-09-11,beauty of joseon,beauty_of_joseon,0
2025-09-11,beauty of joseon,beautyofjoseon,0
2025-09-11,belif,belif,1
2025-09-11,biodance,biodance,0
2025-09-11,boncept,boncept,0
2025-09-11,booster pro,booster pro,0
2025-09-11,booster pro,booster-pro,0
2025-09-11,booster pro,booster.pro,0
2025-09-11,booster pro,booster_pro,0
2025-09-11,booster pro,boosterpro,0
2025-09-11,botulax,botulax,0
2025-09-11,cell fusion c,cell fusion c,1
2025-09-11,cell fusion c,cell-fusion-c,0
2025-09-11,cell fusion c,cell.fusion.c,0
2025-09-11,cell fusion c,cell_fusion_c,0
2025-09-11,cell fusion c,cellfusionc,0
2025-09-11,centellian,centellian,0
2025-09-11,coolfase,coolfase,0
2025-09-11,cosrx,cosrx,12
2025-09-11,dalba,dalba,0
2025-09-11,goodal,goodal,1
2025-09-11,hi focus shot,hi focus shot,4
2025-09-11,hi focus shot,hi-focus-shot,0
2025-09-11,hi focus shot,hi.focus.shot,0
2025-09-11,hi focus shot,hi_focus_shot,0
2025-09-11,hi focus shot,hifocusshot,0
2025-09-11,history of whoo,history of whoo,0
2025-09-11,history of whoo,history-of-whoo,0
2025-09-11,history of whoo,history.of.whoo,0
2025-09-11,history of whoo,history_of_whoo,0
2025-09-11,history of whoo,historyofwhoo,0
2025-09-11,hwahae,hwahae,0
2025-09-11,innisfree,innisfree,3
2025-09-11,innotox,innotox,1
2025-09-11,iope,iope,0
2025-09-11,jeuveau,jeuveau,0
2025-09-11,jevegel,jevegel,0
2025-09-11,jolse,jolse,0
2025-09-11,juvelook,juvelook,1
2025-09-11,laneige,laneige,9
2025-09-11,letybo,letybo,0
2025-09-11,madeca,madeca,1
2025-09-11,mamonde,mamonde,0
2025-09-11,manyo,manyo,0
2025-09-11,medicube,medicube,4
2025-09-11,merzy,merzy,0
2025-09-11,mighty patch,mighty patch,0
2025-09-11,mighty patch,mighty-patch,0
2025-09-11,mighty patch,mighty.patch,0
2025-09-11,mighty patch,mighty_patch,0
2025-09-11,mighty patch,mightypatch,0
2025-09-11,missha,missha,2
2025-09-11,mixoon,mixoon,0
2025-09-11,nabota,nabota,0
2025-09-11,newlux,newlux,0
2025-09-11,numbuzin,numbuzin,3
2025-09-11,ohui,ohui,0
2025-09-11,oligio,oligio,0
2025-09-11,olive young,olive young,2
2025-09-11,olive young,olive-young,0
2025-09-11,olive young,olive.young,0
2025-09-11,olive young,olive_young,0
2025-09-11,olive young,oliveyoung,0
2025-09-11,peripera,peripera,1
2025-09-11,potenza,potenza,0
2025-09-11,real barrier,real barrier,1
2025-09-11,real barrier,real-barrier,0
2025-09-11,real barrier,real.barrier,0
2025-09-11,real barrier,real_barrier,0
2025-09-11,real barrier,realbarrier,0
2025-09-11,reedle shot,reedle shot,3
2025-09-11,reedle shot,reedle-shot,0
2025-09-11,reedle shot,reedle.shot,0
2025-09-11,reedle shot,reedle_shot,0
2025-09-11,reedle shot,reedleshot,0
2025-09-11,rejuran,rejuran,3
2025-09-11,rentox,rentox,1
2025-09-11,rom&nd,rom&nd,2
2025-09-11,rom&nd,romnd,0
2025-09-11,round lab,round lab,3
2025-09-11,round lab,round-lab,0
2025-09-11,round lab,round.lab,0
2025-09-11,round lab,round_lab,0
2025-09-11,round lab,roundlab,0
2025-09-11,shurink,shurink,0
2025-09-11,skin1004,skin1004,6
2025-09-11,stylekorean,stylekorean,0
2025-09-11,stylevana,stylevana,3
2025-09-11,sulwhasoo,sulwhasoo,0
2025-09-11,sylfirm,sylfirm,0
2025-09-11,the whoo,the whoo,0
2025-09-11,the whoo,the-whoo,0
2025-09-11,the whoo,the.whoo,0
2025-09-11,the whoo,the_whoo,0
2025-09-11,the whoo,thewhoo,0
2025-09-11,tirtir,tirtir,6
2025-09-11,tonymoly,tonymoly,1
2025-09-11,torriden,torriden,2
2025-09-11,ultraformer,ultraformer,0
2025-09-11,volnewmer,volnewmer,0
2025-09-11,wellage,wellage,0
2025-09-11,yesstyle,yesstyle,11
2025-09-12,a'pieu,a'pieu,0
2025-09-12,a'pieu,a-pieu,0
2025-09-12,a'pieu,a.pieu,0
2025-09-12,a'pieu,a_pieu,0
2025-09-12,a'pieu,ap,3
2025-09-12,a'pieu,apieu,0
2025-09-12,acropass,acropass,0
2025-09-12,age-r,age-r,0
2025-09-12,age-r,age.r,0
2025-09-12,age-r,age_r,0
2025-09-12,age-r,ager,0
2025-09-12,anua,anua,7
2025-09-12,atopalm,atopalm,0
2025-09-12,bbia,bbia,0
2025-09-12,be the skin,be the skin,53
2025-09-12,be the skin,be-the-skin,0
2025-09-12,be the skin,be.the.skin,0
2025-09-12,be the skin,be_the_skin,0
2025-09-12,be the skin,betheskin,0
2025-09-12,beauty of joseon,beauty of joseon,13
2025-09-12,beauty of joseon,beauty-of-joseon,0
2025-09-12,beauty of joseon,beauty.of.joseon,0
2025-09-12,beauty of joseon,beauty_of_joseon,0
2025-09-12,beauty of joseon,beautyofjoseon,0
2025-09-12,belif,belif,0
2025-09-12,biodance,biodance,1
2025-09-12,boncept,boncept,0
2025-09-12,booster pro,booster pro,0
2025-09-12,booster pro,booster-pro,0
2025-09-12,booster pro,booster.pro,0
2025-09-12,booster pro,booster_pro,0
2025-09-12,booster pro,boosterpro,0
2025-09-12,botulax,botulax,0
2025-09-12,cell fusion c,cell fusion c,0
2025-09-12,cell fusion c,cell-fusion-c,0
2025-09-12,cell fusion c,cell.fusion.c,0
2025-09-12,cell fusion c,cell_fusion_c,0
2025-09-12,cell fusion c,cellfusionc,0
2025-09-12,centellian,centellian,0
2025-09-12,coolfase,coolfase,0
2025-09-12,cosrx,cosrx,14
2025-09-12,dalba,dalba,3
2025-09-12,goodal,goodal,0
2025-09-12,hi focus shot,hi focus shot,0
2025-09-12,hi focus shot,hi-focus-shot,0
2025-09-12,hi focus shot,hi.focus.shot,0
2025-09-12,hi focus shot,hi_focus_shot,0
2025-09-12,hi focus shot,hifocusshot,0
2025-09-12,history of whoo,history of whoo,0
2025-09-12,history of whoo,history-of-whoo,0
2025-09-12,history of whoo,history.of.whoo,0
2025-09-12,history of whoo,history_of_whoo,0
2025-09-12,history of whoo,historyofwhoo,0
2025-09-12,hwahae,hwahae,0
2025-09-12,innisfree,innisfree,1
2025-09-12,innotox,innotox,3
2025-09-12,iope,iope,0
2025-09-12,jeuveau,jeuveau,1
2025-09-12,jevegel,jevegel,0
2025-09-12,jolse,jolse,0
2025-09-12,juvelook,juvelook,0
2025-09-12,laneige,laneige,12
2025-09-12,letybo,letybo,0
2025-09-12,madeca,madeca,0
2025-09-12,mamonde,mamonde,0
2025-09-12,manyo,manyo,0
2025-09-12,medicube,medicube,5
2025-09-12,merzy,merzy,0
2025-09-12,mighty patch,mighty patch,0
2025-09-12,mighty patch,mighty-patch,0
2025-09-12,mighty patch,mighty.patch,0
2025-09-12,mighty patch,mighty_patch,0
2025-09-12,mighty patch,mightypatch,0
2025-09-12,missha,missha,0
2025-09-12,mixoon,mixoon,0
2025-09-12,nabota,nabota,0
2025-09-12,newlux,newlux,0
2025-09-12,numbuzin,numbuzin,6
2025-09-12,ohui,ohui,0
2025-09-12,oligio,oligio,0
2025-09-12,olive young,olive young,4
2025-09-12,olive young,olive-young,0
2025-09-12,olive young,olive.young,0
2025-09-12,olive young,olive_young,0
2025-09-12,olive young,oliveyoung,0
2025-09-12,peripera,peripera,5
2025-09-12,potenza,potenza,1
2025-09-12,real barrier,real barrier,1
2025-09-12,real barrier,real-barrier,0
2025-09-12,real barrier,real.barrier,0
2025-09-12,real barrier,real_barrier,0
2025-09-12,real barrier,realbarrier,0
2025-09-12,reedle shot,reedle shot,1
2025-09-12,reedle shot,reedle-shot,0
2025-09-12,reedle shot,reedle.shot,0
2025-09-12,reedle shot,reedle_shot,0
2025-09-12,reedle shot,reedleshot,0
2025-09-12,rejuran,rejuran,2
2025-09-12,rentox,rentox,0
2025-09-12,rom&nd,rom&nd,3
2025-09-12,rom&nd,romnd,0
2025-09-12,round lab,round lab,7
2025-09-12,round lab,round-lab,0
2025-09-12,round lab,round.lab,0
2025-09-12,round lab,round_lab,0
2025-09-12,round lab,roundlab,0
2025-09-12,shurink,shurink,0
2025-09-12,skin1004,skin1004,5
2025-09-12,stylekorean,stylekorean,1
2025-09-12,stylevana,stylevana,1
2025-09-12,sulwhasoo,sulwhasoo,0
2025-09-12,sylfirm,sylfirm,0
2025-09-12,the whoo,the whoo,0
2025-09-12,the whoo,the-whoo,0
2025-09-12,the whoo,the.whoo,0
2025-09-12,the whoo,the_whoo,0
2025-09-12,the whoo,thewhoo,0
2025-09-12,tirtir,tirtir,0
2025-09-12,tonymoly,tonymoly,4
2025-09-12,torriden,torriden,0
2025-09-12,ultraformer,ultraformer,0
2025-09-12,volnewmer,volnewmer,0
2025-09-12,wellage,wellage,0
2025-09-12,yesstyle,yesstyle,13
2025-09-13,a'pieu,a'pieu,2
2025-09-13,a'pieu,a-pieu,0
2025-09-13,a'pieu,a.pieu,0
2025-09-13,a'pieu,a_pieu,0
2025-09-13,a'pieu,ap,1
2025-09-13,a'pieu,apieu,0
2025-09-13,acropass,acropass,0
2025-09-13,age-r,age-r,4
2025-09-13,age-r,age.r,0
2025-09-13,age-r,age_r,0
2025-09-13,age-r,ager,0
2025-09-13,anua,anua,7
2025-09-13,atopalm,atopalm,0
2025-09-13,bbia,bbia,2
2025-09-13,be the skin,be the skin,57
2025-09-13,be the skin,be-the-skin,0
2025-09-13,be the skin,be.the.skin,0
2025-09-13,be the skin,be_the_skin,0
2025-09-13,be the skin,betheskin,0
2025-09-13,beauty of joseon,beauty of joseon,10
2025-09-13,beauty of joseon,beauty-of-joseon,0
2025-09-13,beauty of joseon,beauty.of.joseon,0
2025-09-13,beauty of joseon,beauty_of_joseon,0
2025-09-13,beauty of joseon,beautyofjoseon,0
2025-09-13,belif,belif,2
2025-09-13,biodance,biodance,0
2025-09-13,boncept,boncept,0
2025-09-13,booster pro,booster pro,3
2025-09-13,booster pro,booster-pro,0
2025-09-13,booster pro,booster.pro,0
2025-09-13,booster pro,booster_pro,0
2025-09-13,booster pro,boosterpro,0
2025-09-13,botulax,botulax,1
2025-09-13,cell fusion c,cell fusion c,1
2025-09-13,cell fusion c,cell-fusion-c,0
2025-09-13,cell fusion c,cell.fusion.c,0
2025-09-13,cell fusion c,cell_fusion_c,0
2025-09-13,cell fusion c,cellfusionc,0
2025-09-13,centellian,centellian,0
2025-09-13,coolfase,coolfase,0
2025-09-13,cosrx,cosrx,10
2025-09-13,dalba,dalba,0
2025-09-13,goodal,goodal,0
2025-09-13,hi focus shot,hi focus shot,1
2025-09-13,hi focus shot,hi-focus-shot,0
2025-09-13,hi focus shot,hi.focus.shot,0
2025-09-13,hi focus shot,hi_focus_shot,0
2025-09-13,hi focus shot,hifocusshot,0
2025-09-13,history of whoo,history of whoo,0
2025-09-13,history of whoo,history-of-whoo,0
2025-09-13,history of whoo,history.of.whoo,0
2025-09-13,history of whoo,history_of_whoo,0
2025-09-13,history of whoo,historyofwhoo,0
2025-09-13,hwahae,hwahae,0
2025-09-13,innisfree,innisfree,3
2025-09-13,innotox,innotox,3
2025-09-13,iope,iope,0
2025-09-13,jeuveau,jeuveau,0
2025-09-13,jevegel,jevegel,0
2025-09-13,jolse,jolse,0
2025-09-13,juvelook,juvelook,2
2025-09-13,laneige,laneige,10
2025-09-13,letybo,letybo,0
2025-09-13,madeca,madeca,0
2025-09-13,mamonde,mamonde,0
2025-09-13,manyo,manyo,1
2025-09-13,medicube,medicube,4
2025-09-13,merzy,merzy,0
2025-09-13,mighty patch,mighty patch,0
2025-09-13,mighty patch,mighty-patch,0
2025-09-13,mighty patch,mighty.patch,0
2025-09-13,mighty patch,mighty_patch,0
2025-09-13,mighty patch,mightypatch,0
2025-09-13,missha,missha,2
2025-09-13,mixoon,mixoon,0
2025-09-13,nabota,nabota,0
2025-09-13,newlux,newlux,0
2025-09-13,numbuzin,numbuzin,3
2025-09-13,ohui,ohui,0
2025-09-13,oligio,oligio,0
2025-09-13,olive young,olive young,3
2025-09-13,olive young,olive-young,0
2025-09-13,olive young,olive.young,0
2025-09-13,olive young,olive_young,0
2025-09-13,olive young,oliveyoung,1
2025-09-13,peripera,peripera,1
2025-09-13,potenza,potenza,0
2025-09-13,real barrier,real barrier,1
2025-09-13,real barrier,real-barrier,0
2025-09-13,real barrier,real.barrier,0
2025-09-13,real barrier,real_barrier,0
2025-09-13,real barrier,realbarrier,0
2025-09-13,reedle shot,reedle shot,0
2025-09-13,reedle shot,reedle-shot,0
2025-09-13,reedle shot,reedle.shot,0
2025-09-13,reedle shot,reedle_shot,0
2025-09-13,reedle shot,reedleshot,0
2025-09-13,rejuran,rejuran,2
2025-09-13,rentox,rentox,0
2025-09-13,rom&nd,rom&nd,3
2025-09-13,rom&nd,romnd,0
2025-09-13,round lab,round lab,9
2025-09-13,round lab,round-lab,0
2025-09-13,round lab,round.lab,0
2025-09-13,round lab,round_lab,0
2025-09-13,round lab,roundlab,1
2025-09-13,shurink,shurink,0
2025-09-13,skin1004,skin1004,3
2025-09-13,stylekorean,stylekorean,3
2025-09-13,stylevana,stylevana,1
2025-09-13,sulwhasoo,sulwhasoo,1
2025-09-13,sylfirm,sylfirm,0
2025-09-13,the whoo,the whoo,0
2025-09-13,the whoo,the-whoo,0
2025-09-13,the whoo,the.whoo,0
2025-09-13,the whoo,the_whoo,0
2025-09-13,the whoo,thewhoo,0
2025-09-13,tirtir,tirtir,5
2025-09-13,tonymoly,tonymoly,3
2025-09-13,torriden,torriden,3
2025-09-13,ultraformer,ultraformer,0
2025-09-13,volnewmer,volnewmer,0
2025-09-13,wellage,wellage,0
2025-09-13,yesstyle,yesstyle,16
2025-09-14,a'pieu,a'pieu,1
2025-09-14,a'pieu,a-pieu,0
2025-09-14,a'pieu,a.pieu,0
2025-09-14,a'pieu,a_pieu,0
2025-09-14,a'pieu,ap,1
2025-09-14,a'pieu,apieu,0
2025-09-14,acropass,acropass,0
2025-09-14,age-r,age-r,0
2025-09-14,age-r,age.r,0
2025-09-14,age-r,age_r,0
2025-09-14,age-r,ager,0
2025-09-14,anua,anua,11
2025-09-14,atopalm,atopalm,0
2025-09-14,bbia,bbia,0
2025-09-14,be the skin,be the skin,66
2025-09-14,be the skin,be-the-skin,0
2025-09-14,be the skin,be.the.skin,0
2025-09-14,be the skin,be_the_skin,0
2025-09-14,be the skin,betheskin,0
2025-09-14,beauty of joseon,beauty of joseon,9
2025-09-14,beauty of joseon,beauty-of-joseon,0
2025-09-14,beauty of joseon,beauty.of.joseon,0
2025-09-14,beauty of joseon,beauty_of_joseon,0
2025-09-14,beauty of joseon,beautyofjoseon,0
2025-09-14,belif,belif,1
2025-09-14,biodance,biodance,1
2025-09-14,boncept,boncept,0
2025-09-14,booster pro,booster pro,0
2025-09-14,booster pro,booster-pro,0
2025-09-14,booster pro,booster.pro,0
2025-09-14,booster pro,booster_pro,0
2025-09-14,booster pro,boosterpro,0
2025-09-14,botulax,botulax,0
2025-09-14,cell fusion c,cell fusion c,1
2025-09-14,cell fusion c,cell-fusion-c,0
2025-09-14,cell fusion c,cell.fusion.c,0
2025-09-14,cell fusion c,cell_fusion_c,0
2025-09-14,cell fusion c,cellfusionc,0
2025-09-14,centellian,centellian,0
2025-09-14,coolfase,coolfase,0
2025-09-14,cosrx,cosrx,12
2025-09-14,dalba,dalba,1
2025-09-14,goodal,goodal,1
2025-09-14,hi focus shot,hi focus shot,0
2025-09-14,hi focus shot,hi-focus-shot,0
2025-09-14,hi focus shot,hi.focus.shot,0
2025-09-14,hi focus shot,hi_focus_shot,0
2025-09-14,hi focus shot,hifocusshot,0
2025-09-14,history of whoo,history of whoo,1
2025-09-14,history of whoo,history-of-whoo,0
2025-09-14,history of whoo,history.of.whoo,0
2025-09-14,history of whoo,history_of_whoo,0
2025-09-14,history of whoo,historyofwhoo,0
2025-09-14,hwahae,hwahae,0
2025-09-14,innisfree,innisfree,2
2025-09-14,innotox,innotox,0
2025-09-14,iope,iope,0
2025-09-14,jeuveau,jeuveau,0
2025-09-14,jevegel,jevegel,0
2025-09-14,jolse,jolse,0
2025-09-14,juvelook,juvelook,2
2025-09-14,laneige,laneige,18
2025-09-14,letybo,letybo,0
2025-09-14,madeca,madeca,0
2025-09-14,mamonde,mamonde,0
2025-09-14,manyo,manyo,0
2025-09-14,medicube,medicube,4
2025-09-14,merzy,merzy,0
2025-09-14,mighty patch,mighty patch,0
2025-09-14,mighty patch,mighty-patch,0
2025-09-14,mighty patch,mighty.patch,0
2025-09-14,mighty patch,mighty_patch,0
2025-09-14,mighty patch,mightypatch,0
2025-09-14,missha,missha,3
2025-09-14,mixoon,mixoon,0
2025-09-14,nabota,nabota,0
2025-09-14,newlux,newlux,0
2025-09-14,numbuzin,numbuzin,2
2025-09-14,ohui,ohui,0
2025-09-14,oligio,oligio,0
2025-09-14,olive young,olive young,4
2025-09-14,olive young,olive-young,0
2025-09-14,olive young,olive.young,0
2025-09-14,olive young,olive_young,0
2025-09-14,olive young,oliveyoung,0
2025-09-14,peripera,peripera,3
2025-09-14,potenza,potenza,2
2025-09-14,real barrier,real barrier,2
2025-09-14,real barrier,real-barrier,0
2025-09-14,real barrier,real.barrier,0
2025-09-14,real barrier,real_barrier,0
2025-09-14,real barrier,realbarrier,0
2025-09-14,reedle shot,reedle shot,0
2025-09-14,reedle shot,reedle-shot,0
2025-09-14,reedle shot,reedle.shot,0
2025-09-14,reedle shot,reedle_shot,0
2025-09-14,reedle shot,reedleshot,0
2025-09-14,rejuran,rejuran,1
2025-09-14,rentox,rentox,0
2025-09-14,rom&nd,rom&nd,3
2025-09-14,rom&nd,romnd,0
2025-09-14,round lab,round lab,3
2025-09-14,round lab,round-lab,0
2025-09-14,round lab,round.lab,0
2025-09-14,round lab,round_lab,0
2025-09-14,round lab,roundlab,0
2025-09-14,shurink,shurink,0
2025-09-14,skin1004,skin1004,8
2025-09-14,stylekorean,stylekorean,0
2025-09-14,stylevana,stylevana,0
2025-09-14,sulwhasoo,sulwhasoo,0
2025-09-14,sylfirm,sylfirm,0
2025-09-14,the whoo,the whoo,1
2025-09-14,the whoo,the-whoo,0
2025-09-14,the whoo,the.whoo,0
2025-09-14,the whoo,the_whoo,0
2025-09-14,the whoo,thewhoo,0
2025-09-14,tirtir,tirtir,3
2025-09-14,tonymoly,tonymoly,2
2025-09-14,torriden,torriden,3
2025-09-14,ultraformer,ultraformer,0
2025-09-14,volnewmer,volnewmer,0
2025-09-14,wellage,wellage,0
2025-09-14,yesstyle,yesstyle,16
2025-09-15,a'pieu,a'pieu,1
2025-09-15,a'pieu,a-pieu,0
2025-09-15,a'pieu,a.pieu,0
2025-09-15,a'pieu,a_pieu,0
2025-09-15,a'pieu,ap,0
2025-09-15,a'pieu,apieu,0
2025-09-15,acropass,acropass,0
2025-09-15,age-r,age-r,2
2025-09-15,age-r,age.r,0
2025-09-15,age-r,age_r,0
2025-09-15,age-r,ager,0
2025-09-15,anua,anua,5
2025-09-15,atopalm,atopalm,0
2025-09-15,bbia,bbia,0
2025-09-15,be the skin,be the skin,82
2025-09-15,be the skin,be-the-skin,0
2025-09-15,be the skin,be.the.skin,0
2025-09-15,be the skin,be_the_skin,0
2025-09-15,be the skin,betheskin,0
2025-09-15,beauty of joseon,beauty of joseon,10
2025-09-15,beauty of joseon,beauty-of-joseon,0
2025-09-15,beauty of joseon,beauty.of.joseon,0
2025-09-15,beauty of joseon,beauty_of_joseon,0
2025-09-15,beauty of joseon,beautyofjoseon,0
2025-09-15,belif,belif,0
2025-09-15,biodance,biodance,0
2025-09-15,boncept,boncept,0
2025-09-15,booster pro,booster pro,2
2025-09-15,booster pro,booster-pro,0
2025-09-15,booster pro,booster.pro,0
2025-09-15,booster pro,booster_pro,0
2025-09-15,booster pro,boosterpro,0
2025-09-15,botulax,botulax,0
2025-09-15,cell fusion c,cell fusion c,1
2025-09-15,cell fusion c,cell-fusion-c,0
2025-09-15,cell fusion c,cell.fusion.c,0
2025-09-15,cell fusion c,cell_fusion_c,0
2025-09-15,cell fusion c,cellfusionc,0
2025-09-15,centellian,centellian,0
2025-09-15,coolfase,coolfase,0
2025-09-15,cosrx,cosrx,10
2025-09-15,dalba,dalba,0
2025-09-15,goodal,goodal,3
2025-09-15,hi focus shot,hi focus shot,2
2025-09-15,hi focus shot,hi-focus-shot,0
2025-09-15,hi focus shot,hi.focus.shot,0
2025-09-15,hi focus shot,hi_focus_shot,0
2025-09-15,hi focus shot,hifocusshot,0
2025-09-15,history of whoo,history of whoo,0
2025-09-15,history of whoo,history-of-whoo,0
2025-09-15,history of whoo,history.of.whoo,0
2025-09-15,history of whoo,history_of_whoo,0
2025-09-15,history of whoo,historyofwhoo,0
2025-09-15,hwahae,hwahae,0
2025-09-15,innisfree,innisfree,8
2025-09-15,innotox,innotox,2
2025-09-15,iope,iope,1
2025-09-15,jeuveau,jeuveau,0
2025-09-15,jevegel,jevegel,0
2025-09-15,jolse,jolse,0
2025-09-15,juvelook,juvelook,0
2025-09-15,laneige,laneige,7
2025-09-15,letybo,letybo,0
2025-09-15,madeca,madeca,0
2025-09-15,mamonde,mamonde,0
2025-09-15,manyo,manyo,0
2025-09-15,medicube,medicube,3
2025-09-15,merzy,merzy,0
2025-09-15,mighty patch,mighty patch,1
2025-09-15,mighty patch,mighty-patch,0
2025-09-15,mighty patch,mighty.patch,0
2025-09-15,mighty patch,mighty_patch,0
2025-09-15,mighty patch,mightypatch,0
2025-09-15,missha,missha,3
2025-09-15,mixoon,mixoon,0
2025-09-15,nabota,nabota,1
2025-09-15,newlux,newlux,0
2025-09-15,numbuzin,numbuzin,6
2025-09-15,ohui,ohui,0
2025-09-15,oligio,oligio,0
2025-09-15,olive young,olive young,5
2025-09-15,olive young,olive-young,0
2025-09-15,olive young,olive.young,0
2025-09-15,olive young,olive_young,0
2025-09-15,olive young,oliveyoung,1
2025-09-15,peripera,peripera,5
2025-09-15,potenza,potenza,1
2025-09-15,real barrier,real barrier,1
2025-09-15,real barrier,real-barrier,0
2025-09-15,real barrier,real.barrier,0
2025-09-15,real barrier,real_barrier,0
2025-09-15,real barrier,realbarrier,0
2025-09-15,reedle shot,reedle shot,0
2025-09-15,reedle shot,reedle-shot,0
2025-09-15,reedle shot,reedle.shot,0
2025-09-15,reedle shot,reedle_shot,0
2025-09-15,reedle shot,reedleshot,0
2025-09-15,rejuran,rejuran,4
2025-09-15,rentox,rentox,0
2025-09-15,rom&nd,rom&nd,6
2025-09-15,rom&nd,romnd,0
2025-09-15,round lab,round lab,8
2025-09-15,round lab,round-lab,0
2025-09-15,round lab,round.lab,0
2025-09-15,round lab,round_lab,0
2025-09-15,round lab,roundlab,1
2025-09-15,shurink,shurink,0
2025-09-15,skin1004,skin1004,6
2025-09-15,stylekorean,stylekorean,0
2025-09-15,stylevana,stylevana,0
2025-09-15,sulwhasoo,sulwhasoo,0
2025-09-15,sylfirm,sylfirm,0
2025-09-15,the whoo,the whoo,0
2025-09-15,the whoo,the-whoo,0
2025-09-15,the whoo,the.whoo,0
2025-09-15,the whoo,the_whoo,0
2025-09-15,the whoo,thewhoo,0
2025-09-15,tirtir,tirtir,5
2025-09-15,tonymoly,tonymoly,0
2025-09-15,torriden,torriden,1
2025-09-15,ultraformer,ultraformer,0
2025-09-15,volnewmer,volnewmer,0
2025-09-15,wellage,wellage,0
2025-09-15,yesstyle,yesstyle,7
